date,index,ticker
20190102,코스피200,005930
20190102,코스피200,000660
20190102,코스피200,068270
20190102,코스피200,207940
20190102,코스피200,005380
20190102,코스피200,051910
20190102,코스피200,017670
20190102,코스피200,015760
20190102,코스피200,005490
20190102,코스피200,028260
20190102,코스피200,035420
20190102,코스피200,105560
20190102,코스피200,055550
20190102,코스피200,012330
20190102,코스피200,034730
20190102,코스피200,051900
20190102,코스피200,032830
20190102,코스피200,018260
20190102,코스피200,096770
20190102,코스피200,006400
20190102,코스피200,033780
20190102,코스피200,000270
20190102,코스피200,000810
20190102,코스피200,003550
20190102,코스피200,090430
20190102,코스피200,086790
20190102,코스피200,000030
20190102,코스피200,066570
20190102,코스피200,010950
20190102,코스피200,036570
20190102,코스피200,011170
20190102,코스피200,251270
20190102,코스피200,009540
20190102,코스피200,035720
20190102,코스피200,010130
20190102,코스피200,030200
20190102,코스피200,032640
20190102,코스피200,024110
20190102,코스피200,009150
20190102,코스피200,035250
20190102,코스피200,034220
20190102,코스피200,000720
20190102,코스피200,004990
20190102,코스피200,004020
20190102,코스피200,023530
20190102,코스피200,018880
20190102,코스피200,002790
20190102,코스피200,267250
20190102,코스피200,021240
20190102,코스피200,128940
20190102,코스피200,139480
20190102,코스피200,161390
20190102,코스피200,008930
20190102,코스피200,097950
20190102,코스피200,005830
20190102,코스피200,086280
20190102,코스피200,010140
20190102,코스피200,078930
20190102,코스피200,271560
20190102,코스피200,006800
20190102,코스피200,036460
20190102,코스피200,029780
20190102,코스피200,012750
20190102,코스피200,000120
20190102,코스피200,088350
20190102,코스피200,042660
20190102,코스피200,001450
20190102,코스피200,282330
20190102,코스피200,005940
20190102,코스피200,028050
20190102,코스피200,001040
20190102,코스피200,006360
20190102,코스피200,000210
20190102,코스피200,002380
20190102,코스피200,047810
20190102,코스피200,071050
20190102,코스피200,009830
20190102,코스피200,003410
20190102,코스피200,241560
20190102,코스피200,003490
20190102,코스피200,007070
20190102,코스피200,017800
20190102,코스피200,008770
20190102,코스피200,016360
20190102,코스피200,007310
20190102,코스피200,000100
20190102,코스피200,008560
20190102,코스피200,030000
20190102,코스피200,011780
20190102,코스피200,010060
20190102,코스피200,028670
20190102,코스피200,004170
20190102,코스피200,000880
20190102,코스피200,010620
20190102,코스피200,138930
20190102,코스피200,064350
20190102,코스피200,047040
20190102,코스피200,047050
20190102,코스피200,294870
20190102,코스피200,069620
20190102,코스피200,069960
20190102,코스피200,011070
20190102,코스피200,000150
20190102,코스피200,020150
20190102,코스피200,009420
20190102,코스피200,012450
20190102,코스피200,111770
20190102,코스피200,026960
20190102,코스피200,000240
20190102,코스피200,006260
20190102,코스피200,161890
20190102,코스피200,009240
20190102,코스피200,006280
20190102,코스피200,003240
20190102,코스피200,004370
20190102,코스피200,042670
20190102,코스피200,120110
20190102,코스피200,073240
20190102,코스피200,114090
20190102,코스피200,051600
20190102,코스피200,000670
20190102,코스피200,005440
20190102,코스피200,204320
20190102,코스피200,011790
20190102,코스피200,010120
20190102,코스피200,001740
20190102,코스피200,214320
20190102,코스피200,192820
20190102,코스피200,003000
20190102,코스피200,000080
20190102,코스피200,005250
20190102,코스피200,071840
20190102,코스피200,034020
20190102,코스피200,057050
20190102,코스피200,005300
20190102,코스피200,001800
20190102,코스피200,003520
20190102,코스피200,004000
20190102,코스피200,185750
20190102,코스피200,012630
20190102,코스피200,049770
20190102,코스피200,115390
20190102,코스피200,005610
20190102,코스피200,002350
20190102,코스피200,006650
20190102,코스피200,010780
20190102,코스피200,170900
20190102,코스피200,014680
20190102,코스피200,020000
20190102,코스피200,069260
20190102,코스피200,011210
20190102,코스피200,001060
20190102,코스피200,001680
20190102,코스피200,002270
20190102,코스피200,027410
20190102,코스피200,285130
20190102,코스피200,079160
20190102,코스피200,079550
20190102,코스피200,105630
20190102,코스피200,192400
20190102,코스피200,052690
20190102,코스피200,000070
20190102,코스피200,000640
20190102,코스피200,001230
20190102,코스피200,004800
20190102,코스피200,005180
20190102,코스피200,103140
20190102,코스피200,006840
20190102,코스피200,008060
20190102,코스피200,014820
20190102,코스피200,093050
20190102,코스피200,093370
20190102,코스피200,005850
20190102,코스피200,001120
20190102,코스피200,001430
20190102,코스피200,003620
20190102,코스피200,145990
20190102,코스피200,019680
20190102,코스피200,025860
20190102,코스피200,007570
20190102,코스피200,000990
20190102,코스피200,001520
20190102,코스피200,002240
20190102,코스피200,002960
20190102,코스피200,003850
20190102,코스피200,003920
20190102,코스피200,108670
20190102,코스피200,006120
20190102,코스피200,025540
20190102,코스피200,060980
20190102,코스피200,079430
20190102,코스피200,096760
20190102,코스피200,004490
20190102,코스피200,003300
20190102,코스피200,014830
20190102,코스피200,298040
20190102,코스피200,034120
20190102,코스피200,064960
20190102,코스피200,033920
20190102,코스피200,036580
20190102,코스피200,097230
20190102,코스닥150,091990
20190102,코스닥150,215600
20190102,코스닥150,035760
20190102,코스닥150,084990
20190102,코스닥150,003670
20190102,코스닥150,086900
20190102,코스닥150,028300
20190102,코스닥150,263750
20190102,코스닥150,253450
20190102,코스닥150,068760
20190102,코스닥150,034230
20190102,코스닥150,025980
20190102,코스닥150,145020
20190102,코스닥150,078340
20190102,코스닥150,036490
20190102,코스닥150,095700
20190102,코스닥150,056190
20190102,코스닥150,041510
20190102,코스닥150,098460
20190102,코스닥150,028150
20190102,코스닥150,046890
20190102,코스닥150,041960
20190102,코스닥150,003380
20190102,코스닥150,192080
20190102,코스닥150,035900
20190102,코스닥150,042000
20190102,코스닥150,178920
20190102,코스닥150,066970
20190102,코스닥150,038540
20190102,코스닥150,102940
20190102,코스닥150,122870
20190102,코스닥150,000250
20190102,코스닥150,240810
20190102,코스닥150,036830
20190102,코스닥150,022100
20190102,코스닥150,140410
20190102,코스닥150,183490
20190102,코스닥150,069080
20190102,코스닥150,214370
20190102,코스닥150,048260
20190102,코스닥150,083790
20190102,코스닥150,086520
20190102,코스닥150,058470
20190102,코스닥150,036420
20190102,코스닥150,200230
20190102,코스닥150,115450
20190102,코스닥150,092040
20190102,코스닥150,030190
20190102,코스닥150,267980
20190102,코스닥150,048530
20190102,코스닥150,052020
20190102,코스닥150,073070
20190102,코스닥150,031390
20190102,코스닥150,200130
20190102,코스닥150,141080
20190102,코스닥150,065660
20190102,코스닥150,007390
20190102,코스닥150,039200
20190102,코스닥150,218410
20190102,코스닥150,067630
20190102,코스닥150,078160
20190102,코스닥150,045390
20190102,코스닥150,243070
20190102,코스닥150,108320
20190102,코스닥150,039030
20190102,코스닥150,112040
20190102,코스닥150,090460
20190102,코스닥150,086450
20190102,코스닥150,144510
20190102,코스닥150,023410
20190102,코스닥150,064760
20190102,코스닥150,053800
20190102,코스닥150,006730
20190102,코스닥150,080160
20190102,코스닥150,058820
20190102,코스닥150,035600
20190102,코스닥150,038500
20190102,코스닥150,091700
20190102,코스닥150,067160
20190102,코스닥150,033290
20190102,코스닥150,084110
20190102,코스닥150,039840
20190102,코스닥150,096530
20190102,코스닥150,068240
20190102,코스닥150,082270
20190102,코스닥150,049950
20190102,코스닥150,010170
20190102,코스닥150,060570
20190102,코스닥150,029960
20190102,코스닥150,005290
20190102,코스닥150,025770
20190102,코스닥150,237690
20190102,코스닥150,087010
20190102,코스닥150,067080
20190102,코스닥150,035810
20190102,코스닥150,215360
20190102,코스닥150,065620
20190102,코스닥150,063080
20190102,코스닥150,063570
20190102,코스닥150,080420
20190102,코스닥150,092730
20190102,코스닥150,272290
20190102,코스닥150,213420
20190102,코스닥150,222040
20190102,코스닥150,241710
20190102,코스닥150,100120
20190102,코스닥150,014620
20190102,코스닥150,214450
20190102,코스닥150,043150
20190102,코스닥150,023160
20190102,코스닥150,036930
20190102,코스닥150,038290
20190102,코스닥150,215200
20190102,코스닥150,051500
20190102,코스닥150,182400
20190102,코스닥150,041830
20190102,코스닥150,015750
20190102,코스닥150,053030
20190102,코스닥150,030520
20190102,코스닥150,019210
20190102,코스닥150,025900
20190102,코스닥150,115960
20190102,코스닥150,067290
20190102,코스닥150,108230
20190102,코스닥150,036630
20190102,코스닥150,030530
20190102,코스닥150,168330
20190102,코스닥150,119610
20190102,코스닥150,104830
20190102,코스닥150,031980
20190102,코스닥150,051370
20190102,코스닥150,206640
20190102,코스닥150,089600
20190102,코스닥150,084370
20190102,코스닥150,237880
20190102,코스닥150,095610
20190102,코스닥150,013030
20190102,코스닥150,045100
20190102,코스닥150,016250
20190102,코스닥150,016100
20190102,코스닥150,044490
20190102,코스닥150,035890
20190102,코스닥150,217480
20190102,코스닥150,007820
20190102,코스닥150,108790
20190102,코스닥150,100130
20190102,코스닥150,067390
20190102,코스닥150,121440
20190102,코스닥150,043370
20190102,코스닥150,018000
20190201,코스피200,005930
20190201,코스피200,000660
20190201,코스피200,005380
20190201,코스피200,068270
20190201,코스피200,051910
20190201,코스피200,207940
20190201,코스피200,005490
20190201,코스피200,028260
20190201,코스피200,035420
20190201,코스피200,012330
20190201,코스피200,015760
20190201,코스피200,017670
20190201,코스피200,055550
20190201,코스피200,105560
20190201,코스피200,051900
20190201,코스피200,034730
20190201,코스피200,032830
20190201,코스피200,096770
20190201,코스피200,018260
20190201,코스피200,006400
20190201,코스피200,000270
20190201,코스피200,033780
20190201,코스피200,000810
20190201,코스피200,003550
20190201,코스피200,086790
20190201,코스피200,010950
20190201,코스피200,090430
20190201,코스피200,066570
20190201,코스피200,036570
20190201,코스피200,011170
20190201,코스피200,000030
20190201,코스피200,251270
20190201,코스피200,009540
20190201,코스피200,035720
20190201,코스피200,010130
20190201,코스피200,009150
20190201,코스피200,024110
20190201,코스피200,030200
20190201,코스피200,000720
20190201,코스피200,035250
20190201,코스피200,034220
20190201,코스피200,004020
20190201,코스피200,018880
20190201,코스피200,032640
20190201,코스피200,021240
20190201,코스피200,002790
20190201,코스피200,267250
20190201,코스피200,010140
20190201,코스피200,023530
20190201,코스피200,004990
20190201,코스피200,086280
20190201,코스피200,161390
20190201,코스피200,078930
20190201,코스피200,139480
20190201,코스피200,036460
20190201,코스피200,128940
20190201,코스피200,005830
20190201,코스피200,097950
20190201,코스피200,006800
20190201,코스피200,008930
20190201,코스피200,271560
20190201,코스피200,005940
20190201,코스피200,029780
20190201,코스피200,012750
20190201,코스피200,000120
20190201,코스피200,088350
20190201,코스피200,009830
20190201,코스피200,042660
20190201,코스피200,006360
20190201,코스피200,071050
20190201,코스피200,000210
20190201,코스피200,001040
20190201,코스피200,002380
20190201,코스피200,001450
20190201,코스피200,241560
20190201,코스피200,003410
20190201,코스피200,003490
20190201,코스피200,017800
20190201,코스피200,047810
20190201,코스피200,282330
20190201,코스피200,000100
20190201,코스피200,008770
20190201,코스피200,016360
20190201,코스피200,028050
20190201,코스피200,007070
20190201,코스피200,007310
20190201,코스피200,030000
20190201,코스피200,011780
20190201,코스피200,008560
20190201,코스피200,004170
20190201,코스피200,010060
20190201,코스피200,000880
20190201,코스피200,010620
20190201,코스피200,011070
20190201,코스피200,138930
20190201,코스피200,047050
20190201,코스피200,064350
20190201,코스피200,028670
20190201,코스피200,069960
20190201,코스피200,069620
20190201,코스피200,000150
20190201,코스피200,294870
20190201,코스피200,047040
20190201,코스피200,009420
20190201,코스피200,026960
20190201,코스피200,020150
20190201,코스피200,004370
20190201,코스피200,042670
20190201,코스피200,009240
20190201,코스피200,006260
20190201,코스피200,006280
20190201,코스피200,010120
20190201,코스피200,120110
20190201,코스피200,114090
20190201,코스피200,012450
20190201,코스피200,000240
20190201,코스피200,001740
20190201,코스피200,003240
20190201,코스피200,204320
20190201,코스피200,073240
20190201,코스피200,111770
20190201,코스피200,161890
20190201,코스피200,051600
20190201,코스피200,000670
20190201,코스피200,004800
20190201,코스피200,214320
20190201,코스피200,011790
20190201,코스피200,005440
20190201,코스피200,004000
20190201,코스피200,034020
20190201,코스피200,192820
20190201,코스피200,071840
20190201,코스피200,057050
20190201,코스피200,000080
20190201,코스피200,001800
20190201,코스피200,003000
20190201,코스피200,003520
20190201,코스피200,185750
20190201,코스피200,005300
20190201,코스피200,006650
20190201,코스피200,011210
20190201,코스피200,012630
20190201,코스피200,005250
20190201,코스피200,002350
20190201,코스피200,005610
20190201,코스피200,115390
20190201,코스피200,052690
20190201,코스피200,049770
20190201,코스피200,001230
20190201,코스피200,001680
20190201,코스피200,010780
20190201,코스피200,014680
20190201,코스피200,020000
20190201,코스피200,192400
20190201,코스피200,079160
20190201,코스피200,103140
20190201,코스피200,105630
20190201,코스피200,170900
20190201,코스피200,069260
20190201,코스피200,000070
20190201,코스피200,001060
20190201,코스피200,002270
20190201,코스피200,008060
20190201,코스피200,014820
20190201,코스피200,285130
20190201,코스피200,027410
20190201,코스피200,079550
20190201,코스피200,093050
20190201,코스피200,093370
20190201,코스피200,025860
20190201,코스피200,000640
20190201,코스피200,000990
20190201,코스피200,001120
20190201,코스피200,001430
20190201,코스피200,145990
20190201,코스피200,005180
20190201,코스피200,005850
20190201,코스피200,006840
20190201,코스피200,108670
20190201,코스피200,003620
20190201,코스피200,001520
20190201,코스피200,002240
20190201,코스피200,003920
20190201,코스피200,004490
20190201,코스피200,096760
20190201,코스피200,007570
20190201,코스피200,019680
20190201,코스피200,060980
20190201,코스피200,064960
20190201,코스피200,006120
20190201,코스피200,002960
20190201,코스피200,003300
20190201,코스피200,003850
20190201,코스피200,014830
20190201,코스피200,298040
20190201,코스피200,033920
20190201,코스피200,034120
20190201,코스피200,079430
20190201,코스피200,025540
20190201,코스피200,036580
20190201,코스피200,097230
20190201,코스닥150,091990
20190201,코스닥150,215600
20190201,코스닥150,035760
20190201,코스닥150,084990
20190201,코스닥150,003670
20190201,코스닥150,086900
20190201,코스닥150,028300
20190201,코스닥150,253450
20190201,코스닥150,263750
20190201,코스닥150,025980
20190201,코스닥150,068760
20190201,코스닥150,036490
20190201,코스닥150,034230
20190201,코스닥150,145020
20190201,코스닥150,095700
20190201,코스닥150,056190
20190201,코스닥150,078340
20190201,코스닥150,046890
20190201,코스닥150,041960
20190201,코스닥150,028150
20190201,코스닥150,003380
20190201,코스닥150,098460
20190201,코스닥150,041510
20190201,코스닥150,042000
20190201,코스닥150,192080
20190201,코스닥150,178920
20190201,코스닥150,000250
20190201,코스닥150,035900
20190201,코스닥150,240810
20190201,코스닥150,036830
20190201,코스닥150,038540
20190201,코스닥150,022100
20190201,코스닥150,066970
20190201,코스닥150,140410
20190201,코스닥150,102940
20190201,코스닥150,122870
20190201,코스닥150,048260
20190201,코스닥150,058470
20190201,코스닥150,007390
20190201,코스닥150,214370
20190201,코스닥150,183490
20190201,코스닥150,083790
20190201,코스닥150,086520
20190201,코스닥150,036420
20190201,코스닥150,092040
20190201,코스닥150,069080
20190201,코스닥150,045390
20190201,코스닥150,039200
20190201,코스닥150,200130
20190201,코스닥150,200230
20190201,코스닥150,052020
20190201,코스닥150,030190
20190201,코스닥150,112040
20190201,코스닥150,108320
20190201,코스닥150,064760
20190201,코스닥150,039030
20190201,코스닥150,115450
20190201,코스닥150,078160
20190201,코스닥150,023410
20190201,코스닥150,267980
20190201,코스닥150,073070
20190201,코스닥150,067630
20190201,코스닥150,031390
20190201,코스닥150,038500
20190201,코스닥150,218410
20190201,코스닥150,048530
20190201,코스닥150,090460
20190201,코스닥150,243070
20190201,코스닥150,141080
20190201,코스닥150,065660
20190201,코스닥150,058820
20190201,코스닥150,053800
20190201,코스닥150,096530
20190201,코스닥150,086450
20190201,코스닥150,091700
20190201,코스닥150,144510
20190201,코스닥150,080160
20190201,코스닥150,067160
20190201,코스닥150,005290
20190201,코스닥150,049950
20190201,코스닥150,006730
20190201,코스닥150,082270
20190201,코스닥150,272290
20190201,코스닥150,084110
20190201,코스닥150,033290
20190201,코스닥150,213420
20190201,코스닥150,068240
20190201,코스닥150,035600
20190201,코스닥150,108230
20190201,코스닥150,039840
20190201,코스닥150,010170
20190201,코스닥150,215200
20190201,코스닥150,060570
20190201,코스닥150,067080
20190201,코스닥150,029960
20190201,코스닥150,063080
20190201,코스닥150,053030
20190201,코스닥150,025770
20190201,코스닥150,035810
20190201,코스닥150,237690
20190201,코스닥150,100120
20190201,코스닥150,087010
20190201,코스닥150,019210
20190201,코스닥150,080420
20190201,코스닥150,051500
20190201,코스닥150,043150
20190201,코스닥150,014620
20190201,코스닥150,015750
20190201,코스닥150,023160
20190201,코스닥150,222040
20190201,코스닥150,038290
20190201,코스닥150,092730
20190201,코스닥150,030530
20190201,코스닥150,030520
20190201,코스닥150,036930
20190201,코스닥150,041830
20190201,코스닥150,215360
20190201,코스닥150,182400
20190201,코스닥150,214450
20190201,코스닥150,063570
20190201,코스닥150,036630
20190201,코스닥150,241710
20190201,코스닥150,104830
20190201,코스닥150,089600
20190201,코스닥150,168330
20190201,코스닥150,025900
20190201,코스닥150,031980
20190201,코스닥150,095610
20190201,코스닥150,067290
20190201,코스닥150,084370
20190201,코스닥150,065620
20190201,코스닥150,013030
20190201,코스닥150,016250
20190201,코스닥150,206640
20190201,코스닥150,115960
20190201,코스닥150,051370
20190201,코스닥150,119610
20190201,코스닥150,045100
20190201,코스닥150,035890
20190201,코스닥150,237880
20190201,코스닥150,044490
20190201,코스닥150,016100
20190201,코스닥150,217480
20190201,코스닥150,067390
20190201,코스닥150,007820
20190201,코스닥150,108790
20190201,코스닥150,100130
20190201,코스닥150,043370
20190201,코스닥150,121440
20190201,코스닥150,018000
20190304,코스피200,005930
20190304,코스피200,000660
20190304,코스피200,051910
20190304,코스피200,005380
20190304,코스피200,068270
20190304,코스피200,207940
20190304,코스피200,005490
20190304,코스피200,015760
20190304,코스피200,035420
20190304,코스피200,028260
20190304,코스피200,017670
20190304,코스피200,012330
20190304,코스피200,055550
20190304,코스피200,051900
20190304,코스피200,034730
20190304,코스피200,105560
20190304,코스피200,018260
20190304,코스피200,032830
20190304,코스피200,096770
20190304,코스피200,006400
20190304,코스피200,033780
20190304,코스피200,000270
20190304,코스피200,000810
20190304,코스피200,003550
20190304,코스피200,066570
20190304,코스피200,086790
20190304,코스피200,090430
20190304,코스피200,010950
20190304,코스피200,011170
20190304,코스피200,251270
20190304,코스피200,036570
20190304,코스피200,316140
20190304,코스피200,009540
20190304,코스피200,035720
20190304,코스피200,010130
20190304,코스피200,009150
20190304,코스피200,024110
20190304,코스피200,034220
20190304,코스피200,030200
20190304,코스피200,021240
20190304,코스피200,032640
20190304,코스피200,004020
20190304,코스피200,035250
20190304,코스피200,018880
20190304,코스피200,002790
20190304,코스피200,000720
20190304,코스피200,128940
20190304,코스피200,267250
20190304,코스피200,010140
20190304,코스피200,004990
20190304,코스피200,023530
20190304,코스피200,008930
20190304,코스피200,161390
20190304,코스피200,086280
20190304,코스피200,006800
20190304,코스피200,005830
20190304,코스피200,139480
20190304,코스피200,097950
20190304,코스피200,078930
20190304,코스피200,036460
20190304,코스피200,271560
20190304,코스피200,000120
20190304,코스피200,009830
20190304,코스피200,029780
20190304,코스피200,012750
20190304,코스피200,047810
20190304,코스피200,001040
20190304,코스피200,282330
20190304,코스피200,088350
20190304,코스피200,005940
20190304,코스피200,071050
20190304,코스피200,003490
20190304,코스피200,000100
20190304,코스피200,001450
20190304,코스피200,042660
20190304,코스피200,006360
20190304,코스피200,002380
20190304,코스피200,000210
20190304,코스피200,008770
20190304,코스피200,003410
20190304,코스피200,241560
20190304,코스피200,016360
20190304,코스피200,007070
20190304,코스피200,028050
20190304,코스피200,011780
20190304,코스피200,008560
20190304,코스피200,004170
20190304,코스피200,030000
20190304,코스피200,007310
20190304,코스피200,011070
20190304,코스피200,017800
20190304,코스피200,010060
20190304,코스피200,000880
20190304,코스피200,047050
20190304,코스피200,028670
20190304,코스피200,010620
20190304,코스피200,138930
20190304,코스피200,069960
20190304,코스피200,009240
20190304,코스피200,009420
20190304,코스피200,294870
20190304,코스피200,069620
20190304,코스피200,047040
20190304,코스피200,064350
20190304,코스피200,026960
20190304,코스피200,006260
20190304,코스피200,020150
20190304,코스피200,006280
20190304,코스피200,000150
20190304,코스피200,003240
20190304,코스피200,161890
20190304,코스피200,012450
20190304,코스피200,004370
20190304,코스피200,004800
20190304,코스피200,010120
20190304,코스피200,111770
20190304,코스피200,051600
20190304,코스피200,042670
20190304,코스피200,000240
20190304,코스피200,000670
20190304,코스피200,001740
20190304,코스피200,011790
20190304,코스피200,204320
20190304,코스피200,114090
20190304,코스피200,120110
20190304,코스피200,192820
20190304,코스피200,073240
20190304,코스피200,214320
20190304,코스피200,005440
20190304,코스피200,000080
20190304,코스피200,001800
20190304,코스피200,003520
20190304,코스피200,057050
20190304,코스피200,005250
20190304,코스피200,005300
20190304,코스피200,012630
20190304,코스피200,004000
20190304,코스피200,003000
20190304,코스피200,006650
20190304,코스피200,185750
20190304,코스피200,071840
20190304,코스피200,011210
20190304,코스피200,001680
20190304,코스피200,002350
20190304,코스피200,005610
20190304,코스피200,010780
20190304,코스피200,014680
20190304,코스피200,020000
20190304,코스피200,192400
20190304,코스피200,049770
20190304,코스피200,052690
20190304,코스피200,079160
20190304,코스피200,105630
20190304,코스피200,115390
20190304,코스피200,034020
20190304,코스피200,001060
20190304,코스피200,027410
20190304,코스피200,069260
20190304,코스피200,285130
20190304,코스피200,103140
20190304,코스피200,170900
20190304,코스피200,079550
20190304,코스피200,000070
20190304,코스피200,000640
20190304,코스피200,001230
20190304,코스피200,001430
20190304,코스피200,002270
20190304,코스피200,003620
20190304,코스피200,093370
20190304,코스피200,005850
20190304,코스피200,006840
20190304,코스피200,008060
20190304,코스피200,014820
20190304,코스피200,093050
20190304,코스피200,005180
20190304,코스피200,001120
20190304,코스피200,004490
20190304,코스피200,006120
20190304,코스피200,145990
20190304,코스피200,025540
20190304,코스피200,025860
20190304,코스피200,108670
20190304,코스피200,007570
20190304,코스피200,000990
20190304,코스피200,001520
20190304,코스피200,002240
20190304,코스피200,003850
20190304,코스피200,003920
20190304,코스피200,096760
20190304,코스피200,034120
20190304,코스피200,060980
20190304,코스피200,064960
20190304,코스피200,079430
20190304,코스피200,019680
20190304,코스피200,002960
20190304,코스피200,003300
20190304,코스피200,298040
20190304,코스피200,033920
20190304,코스피200,014830
20190304,코스피200,036580
20190304,코스피200,097230
20190304,코스닥150,091990
20190304,코스닥150,215600
20190304,코스닥150,035760
20190304,코스닥150,084990
20190304,코스닥150,003670
20190304,코스닥150,028300
20190304,코스닥150,086900
20190304,코스닥150,253450
20190304,코스닥150,068760
20190304,코스닥150,263750
20190304,코스닥150,095700
20190304,코스닥150,036490
20190304,코스닥150,034230
20190304,코스닥150,145020
20190304,코스닥150,025980
20190304,코스닥150,056190
20190304,코스닥150,078340
20190304,코스닥150,041960
20190304,코스닥150,046890
20190304,코스닥150,028150
20190304,코스닥150,098460
20190304,코스닥150,003380
20190304,코스닥150,192080
20190304,코스닥150,000250
20190304,코스닥150,042000
20190304,코스닥150,240810
20190304,코스닥150,041510
20190304,코스닥150,102940
20190304,코스닥150,140410
20190304,코스닥150,178920
20190304,코스닥150,035900
20190304,코스닥150,038540
20190304,코스닥150,036830
20190304,코스닥150,022100
20190304,코스닥150,200130
20190304,코스닥150,039200
20190304,코스닥150,066970
20190304,코스닥150,214370
20190304,코스닥150,112040
20190304,코스닥150,058470
20190304,코스닥150,183490
20190304,코스닥150,115450
20190304,코스닥150,083790
20190304,코스닥150,007390
20190304,코스닥150,065660
20190304,코스닥150,048260
20190304,코스닥150,036420
20190304,코스닥150,122870
20190304,코스닥150,069080
20190304,코스닥150,064760
20190304,코스닥150,067630
20190304,코스닥150,039030
20190304,코스닥150,092040
20190304,코스닥150,086520
20190304,코스닥150,052020
20190304,코스닥150,200230
20190304,코스닥150,108320
20190304,코스닥150,048530
20190304,코스닥150,031390
20190304,코스닥150,218410
20190304,코스닥150,078160
20190304,코스닥150,267980
20190304,코스닥150,030190
20190304,코스닥150,090460
20190304,코스닥150,141080
20190304,코스닥150,243070
20190304,코스닥150,096530
20190304,코스닥150,073070
20190304,코스닥150,058820
20190304,코스닥150,067160
20190304,코스닥150,091700
20190304,코스닥150,082270
20190304,코스닥150,023410
20190304,코스닥150,086450
20190304,코스닥150,060570
20190304,코스닥150,049950
20190304,코스닥150,053800
20190304,코스닥150,005290
20190304,코스닥150,144510
20190304,코스닥150,045390
20190304,코스닥150,006730
20190304,코스닥150,272290
20190304,코스닥150,039840
20190304,코스닥150,080160
20190304,코스닥150,213420
20190304,코스닥150,084110
20190304,코스닥150,038500
20190304,코스닥150,237690
20190304,코스닥150,033290
20190304,코스닥150,067080
20190304,코스닥150,035600
20190304,코스닥150,215200
20190304,코스닥150,087010
20190304,코스닥150,038290
20190304,코스닥150,051500
20190304,코스닥150,029960
20190304,코스닥150,068240
20190304,코스닥150,010170
20190304,코스닥150,025770
20190304,코스닥150,035810
20190304,코스닥150,043150
20190304,코스닥150,214450
20190304,코스닥150,092730
20190304,코스닥150,108230
20190304,코스닥150,053030
20190304,코스닥150,100120
20190304,코스닥150,222040
20190304,코스닥150,182400
20190304,코스닥150,015750
20190304,코스닥150,080420
20190304,코스닥150,063080
20190304,코스닥150,036930
20190304,코스닥150,115960
20190304,코스닥150,041830
20190304,코스닥150,019210
20190304,코스닥150,063570
20190304,코스닥150,030530
20190304,코스닥150,030520
20190304,코스닥150,014620
20190304,코스닥150,036630
20190304,코스닥150,067290
20190304,코스닥150,215360
20190304,코스닥150,095610
20190304,코스닥150,104830
20190304,코스닥150,206640
20190304,코스닥150,089600
20190304,코스닥150,051370
20190304,코스닥150,023160
20190304,코스닥150,025900
20190304,코스닥150,241710
20190304,코스닥150,065620
20190304,코스닥150,237880
20190304,코스닥150,031980
20190304,코스닥150,119610
20190304,코스닥150,084370
20190304,코스닥150,045100
20190304,코스닥150,016250
20190304,코스닥150,013030
20190304,코스닥150,217480
20190304,코스닥150,067390
20190304,코스닥150,007820
20190304,코스닥150,044490
20190304,코스닥150,016100
20190304,코스닥150,168330
20190304,코스닥150,035890
20190304,코스닥150,108790
20190304,코스닥150,100130
20190304,코스닥150,043370
20190304,코스닥150,121440
20190304,코스닥150,018000
20190401,코스피200,005930
20190401,코스피200,000660
20190401,코스피200,051910
20190401,코스피200,005380
20190401,코스피200,005490
20190401,코스피200,068270
20190401,코스피200,051900
20190401,코스피200,207940
20190401,코스피200,055550
20190401,코스피200,012330
20190401,코스피200,017670
20190401,코스피200,028260
20190401,코스피200,035420
20190401,코스피200,015760
20190401,코스피200,034730
20190401,코스피200,105560
20190401,코스피200,018260
20190401,코스피200,096770
20190401,코스피200,032830
20190401,코스피200,006400
20190401,코스피200,000810
20190401,코스피200,033780
20190401,코스피200,000270
20190401,코스피200,003550
20190401,코스피200,066570
20190401,코스피200,090430
20190401,코스피200,086790
20190401,코스피200,036570
20190401,코스피200,251270
20190401,코스피200,011170
20190401,코스피200,010950
20190401,코스피200,316140
20190401,코스피200,010130
20190401,코스피200,035720
20190401,코스피200,009540
20190401,코스피200,024110
20190401,코스피200,009150
20190401,코스피200,034220
20190401,코스피200,030200
20190401,코스피200,021240
20190401,코스피200,035250
20190401,코스피200,032640
20190401,코스피200,004020
20190401,코스피200,018880
20190401,코스피200,002790
20190401,코스피200,000720
20190401,코스피200,267250
20190401,코스피200,128940
20190401,코스피200,010140
20190401,코스피200,004990
20190401,코스피200,023530
20190401,코스피200,008930
20190401,코스피200,005830
20190401,코스피200,097950
20190401,코스피200,078930
20190401,코스피200,006800
20190401,코스피200,086280
20190401,코스피200,161390
20190401,코스피200,139480
20190401,코스피200,036460
20190401,코스피200,029780
20190401,코스피200,271560
20190401,코스피200,000120
20190401,코스피200,012750
20190401,코스피200,005940
20190401,코스피200,001040
20190401,코스피200,282330
20190401,코스피200,008770
20190401,코스피200,071050
20190401,코스피200,009830
20190401,코스피200,000210
20190401,코스피200,001450
20190401,코스피200,088350
20190401,코스피200,047810
20190401,코스피200,006360
20190401,코스피200,002380
20190401,코스피200,003410
20190401,코스피200,028050
20190401,코스피200,004170
20190401,코스피200,000100
20190401,코스피200,003490
20190401,코스피200,241560
20190401,코스피200,016360
20190401,코스피200,042660
20190401,코스피200,008560
20190401,코스피200,011780
20190401,코스피200,007070
20190401,코스피200,030000
20190401,코스피200,011070
20190401,코스피200,007310
20190401,코스피200,017800
20190401,코스피200,000880
20190401,코스피200,009240
20190401,코스피200,069960
20190401,코스피200,010620
20190401,코스피200,010060
20190401,코스피200,028670
20190401,코스피200,294870
20190401,코스피200,138930
20190401,코스피200,047050
20190401,코스피200,026960
20190401,코스피200,069620
20190401,코스피200,047040
20190401,코스피200,064350
20190401,코스피200,003240
20190401,코스피200,161890
20190401,코스피200,012450
20190401,코스피200,004370
20190401,코스피200,000150
20190401,코스피200,006260
20190401,코스피200,020150
20190401,코스피200,009420
20190401,코스피200,006280
20190401,코스피200,004800
20190401,코스피200,192820
20190401,코스피200,051600
20190401,코스피200,000240
20190401,코스피200,000670
20190401,코스피200,111770
20190401,코스피200,010120
20190401,코스피200,042670
20190401,코스피200,001740
20190401,코스피200,005300
20190401,코스피200,005440
20190401,코스피200,011790
20190401,코스피200,214320
20190401,코스피200,120110
20190401,코스피200,204320
20190401,코스피200,114090
20190401,코스피200,000080
20190401,코스피200,001800
20190401,코스피200,003000
20190401,코스피200,003520
20190401,코스피200,073240
20190401,코스피200,005610
20190401,코스피200,057050
20190401,코스피200,071840
20190401,코스피200,004000
20190401,코스피200,005250
20190401,코스피200,006650
20190401,코스피200,011210
20190401,코스피200,185750
20190401,코스피200,020000
20190401,코스피200,105630
20190401,코스피200,115390
20190401,코스피200,012630
20190401,코스피200,001680
20190401,코스피200,002350
20190401,코스피200,010780
20190401,코스피200,192400
20190401,코스피200,049770
20190401,코스피200,079160
20190401,코스피200,014680
20190401,코스피200,014820
20190401,코스피200,034020
20190401,코스피200,052690
20190401,코스피200,285130
20190401,코스피200,079550
20190401,코스피200,103140
20190401,코스피200,170900
20190401,코스피200,069260
20190401,코스피200,000070
20190401,코스피200,001060
20190401,코스피200,001230
20190401,코스피200,001430
20190401,코스피200,002270
20190401,코스피200,093370
20190401,코스피200,005850
20190401,코스피200,006840
20190401,코스피200,008060
20190401,코스피200,027410
20190401,코스피200,093050
20190401,코스피200,003620
20190401,코스피200,000640
20190401,코스피200,000990
20190401,코스피200,001120
20190401,코스피200,004490
20190401,코스피200,145990
20190401,코스피200,025540
20190401,코스피200,025860
20190401,코스피200,064960
20190401,코스피200,005180
20190401,코스피200,001520
20190401,코스피200,002240
20190401,코스피200,003850
20190401,코스피200,003920
20190401,코스피200,006120
20190401,코스피200,108670
20190401,코스피200,014830
20190401,코스피200,019680
20190401,코스피200,034120
20190401,코스피200,060980
20190401,코스피200,096760
20190401,코스피200,007570
20190401,코스피200,002960
20190401,코스피200,003300
20190401,코스피200,298040
20190401,코스피200,079430
20190401,코스피200,033920
20190401,코스피200,036580
20190401,코스피200,097230
20190401,코스닥150,091990
20190401,코스닥150,035760
20190401,코스닥150,215600
20190401,코스닥150,084990
20190401,코스닥150,003670
20190401,코스닥150,086900
20190401,코스닥150,028300
20190401,코스닥150,253450
20190401,코스닥150,263750
20190401,코스닥150,068760
20190401,코스닥150,036490
20190401,코스닥150,095700
20190401,코스닥150,145020
20190401,코스닥150,034230
20190401,코스닥150,056190
20190401,코스닥150,078340
20190401,코스닥150,041960
20190401,코스닥150,025980
20190401,코스닥150,046890
20190401,코스닥150,240810
20190401,코스닥150,098460
20190401,코스닥150,028150
20190401,코스닥150,140410
20190401,코스닥150,003380
20190401,코스닥150,035900
20190401,코스닥150,000250
20190401,코스닥150,042000
20190401,코스닥150,036830
20190401,코스닥150,038540
20190401,코스닥150,041510
20190401,코스닥150,022100
20190401,코스닥150,058470
20190401,코스닥150,178920
20190401,코스닥150,039030
20190401,코스닥150,200130
20190401,코스닥150,112040
20190401,코스닥150,214370
20190401,코스닥150,064760
20190401,코스닥150,048260
20190401,코스닥150,030190
20190401,코스닥150,039200
20190401,코스닥150,091700
20190401,코스닥150,036420
20190401,코스닥150,066970
20190401,코스닥150,183490
20190401,코스닥150,069080
20190401,코스닥150,115450
20190401,코스닥150,108320
20190401,코스닥150,083790
20190401,코스닥150,065660
20190401,코스닥150,267980
20190401,코스닥150,122870
20190401,코스닥150,007390
20190401,코스닥150,218410
20190401,코스닥150,052020
20190401,코스닥150,200230
20190401,코스닥150,090460
20190401,코스닥150,086520
20190401,코스닥150,092040
20190401,코스닥150,067160
20190401,코스닥150,102940
20190401,코스닥150,039840
20190401,코스닥150,067630
20190401,코스닥150,048530
20190401,코스닥150,141080
20190401,코스닥150,031390
20190401,코스닥150,096530
20190401,코스닥150,032500
20190401,코스닥150,082270
20190401,코스닥150,005290
20190401,코스닥150,243070
20190401,코스닥150,044340
20190401,코스닥150,053800
20190401,코스닥150,086450
20190401,코스닥150,073070
20190401,코스닥150,023410
20190401,코스닥150,006730
20190401,코스닥150,060570
20190401,코스닥150,049950
20190401,코스닥150,033290
20190401,코스닥150,058820
20190401,코스닥150,215200
20190401,코스닥150,045390
20190401,코스닥150,029960
20190401,코스닥150,144510
20190401,코스닥150,080160
20190401,코스닥150,038500
20190401,코스닥150,084110
20190401,코스닥150,272290
20190401,코스닥150,213420
20190401,코스닥150,092730
20190401,코스닥150,237690
20190401,코스닥150,068240
20190401,코스닥150,035810
20190401,코스닥150,108230
20190401,코스닥150,051500
20190401,코스닥150,030530
20190401,코스닥150,214450
20190401,코스닥150,035600
20190401,코스닥150,025770
20190401,코스닥150,038290
20190401,코스닥150,182400
20190401,코스닥150,067080
20190401,코스닥150,095610
20190401,코스닥150,043150
20190401,코스닥150,015750
20190401,코스닥150,036930
20190401,코스닥150,053030
20190401,코스닥150,115960
20190401,코스닥150,087010
20190401,코스닥150,100120
20190401,코스닥150,063570
20190401,코스닥150,222040
20190401,코스닥150,031980
20190401,코스닥150,237880
20190401,코스닥150,019210
20190401,코스닥150,014620
20190401,코스닥150,030520
20190401,코스닥150,104830
20190401,코스닥150,065620
20190401,코스닥150,063080
20190401,코스닥150,010170
20190401,코스닥150,023160
20190401,코스닥150,078160
20190401,코스닥150,051370
20190401,코스닥150,041830
20190401,코스닥150,084370
20190401,코스닥150,036630
20190401,코스닥150,067290
20190401,코스닥150,215360
20190401,코스닥150,206640
20190401,코스닥150,089600
20190401,코스닥150,045100
20190401,코스닥150,025900
20190401,코스닥150,013030
20190401,코스닥150,241710
20190401,코스닥150,119610
20190401,코스닥150,016250
20190401,코스닥150,067390
20190401,코스닥150,007820
20190401,코스닥150,217480
20190401,코스닥150,044490
20190401,코스닥150,035890
20190401,코스닥150,016100
20190401,코스닥150,080420
20190401,코스닥150,043370
20190401,코스닥150,108790
20190401,코스닥150,121440
20190401,코스닥150,100130
20190401,코스닥150,018000
20190502,코스피200,005930
20190502,코스피200,000660
20190502,코스피200,005380
20190502,코스피200,068270
20190502,코스피200,051910
20190502,코스피200,012330
20190502,코스피200,207940
20190502,코스피200,005490
20190502,코스피200,051900
20190502,코스피200,055550
20190502,코스피200,017670
20190502,코스피200,035420
20190502,코스피200,028260
20190502,코스피200,105560
20190502,코스피200,000270
20190502,코스피200,034730
20190502,코스피200,015760
20190502,코스피200,018260
20190502,코스피200,032830
20190502,코스피200,096770
20190502,코스피200,006400
20190502,코스피200,000810
20190502,코스피200,033780
20190502,코스피200,003550
20190502,코스피200,066570
20190502,코스피200,090430
20190502,코스피200,036570
20190502,코스피200,086790
20190502,코스피200,251270
20190502,코스피200,035720
20190502,코스피200,010950
20190502,코스피200,316140
20190502,코스피200,011170
20190502,코스피200,009540
20190502,코스피200,010130
20190502,코스피200,024110
20190502,코스피200,009150
20190502,코스피200,035250
20190502,코스피200,030200
20190502,코스피200,034220
20190502,코스피200,018880
20190502,코스피200,032640
20190502,코스피200,002790
20190502,코스피200,004020
20190502,코스피200,086280
20190502,코스피200,021240
20190502,코스피200,000720
20190502,코스피200,267250
20190502,코스피200,010140
20190502,코스피200,004990
20190502,코스피200,128940
20190502,코스피200,006800
20190502,코스피200,023530
20190502,코스피200,005830
20190502,코스피200,161390
20190502,코스피200,008930
20190502,코스피200,078930
20190502,코스피200,139480
20190502,코스피200,097950
20190502,코스피200,008770
20190502,코스피200,029780
20190502,코스피200,036460
20190502,코스피200,005940
20190502,코스피200,000120
20190502,코스피200,002380
20190502,코스피200,282330
20190502,코스피200,071050
20190502,코스피200,271560
20190502,코스피200,012750
20190502,코스피200,001040
20190502,코스피200,000210
20190502,코스피200,001450
20190502,코스피200,004170
20190502,코스피200,241560
20190502,코스피200,047810
20190502,코스피200,088350
20190502,코스피200,028050
20190502,코스피200,006360
20190502,코스피200,016360
20190502,코스피200,009830
20190502,코스피200,000100
20190502,코스피200,042660
20190502,코스피200,008560
20190502,코스피200,003490
20190502,코스피200,007070
20190502,코스피200,030000
20190502,코스피200,011780
20190502,코스피200,011070
20190502,코스피200,003410
20190502,코스피200,028670
20190502,코스피200,007310
20190502,코스피200,009240
20190502,코스피200,017800
20190502,코스피200,138930
20190502,코스피200,069960
20190502,코스피200,069620
20190502,코스피200,010060
20190502,코스피200,047050
20190502,코스피200,010620
20190502,코스피200,047040
20190502,코스피200,000880
20190502,코스피200,294870
20190502,코스피200,026960
20190502,코스피200,000150
20190502,코스피200,009420
20190502,코스피200,064350
20190502,코스피200,020150
20190502,코스피200,000240
20190502,코스피200,003240
20190502,코스피200,004370
20190502,코스피200,004800
20190502,코스피200,006260
20190502,코스피200,204320
20190502,코스피200,012450
20190502,코스피200,051600
20190502,코스피200,111770
20190502,코스피200,161890
20190502,코스피200,006280
20190502,코스피200,010120
20190502,코스피200,214320
20190502,코스피200,114090
20190502,코스피200,042670
20190502,코스피200,000080
20190502,코스피200,000670
20190502,코스피200,001740
20190502,코스피200,005300
20190502,코스피200,192820
20190502,코스피200,011210
20190502,코스피200,011790
20190502,코스피200,073240
20190502,코스피200,005440
20190502,코스피200,001800
20190502,코스피200,003520
20190502,코스피200,004000
20190502,코스피200,120110
20190502,코스피200,057050
20190502,코스피200,105630
20190502,코스피200,005850
20190502,코스피200,003000
20190502,코스피200,005250
20190502,코스피200,071840
20190502,코스피200,010780
20190502,코스피200,005610
20190502,코스피200,002350
20190502,코스피200,006650
20190502,코스피200,012630
20190502,코스피200,192400
20190502,코스피200,020000
20190502,코스피200,049770
20190502,코스피200,185750
20190502,코스피200,014680
20190502,코스피200,001680
20190502,코스피200,008060
20190502,코스피200,014820
20190502,코스피200,034020
20190502,코스피200,170900
20190502,코스피200,069260
20190502,코스피200,079160
20190502,코스피200,079550
20190502,코스피200,115390
20190502,코스피200,052690
20190502,코스피200,000990
20190502,코스피200,001060
20190502,코스피200,001120
20190502,코스피200,001230
20190502,코스피200,001430
20190502,코스피200,002270
20190502,코스피200,285130
20190502,코스피200,005180
20190502,코스피200,006840
20190502,코스피200,027410
20190502,코스피200,093050
20190502,코스피200,093370
20190502,코스피200,103140
20190502,코스피200,003620
20190502,코스피200,000070
20190502,코스피200,000640
20190502,코스피200,003850
20190502,코스피200,145990
20190502,코스피200,006120
20190502,코스피200,025540
20190502,코스피200,004490
20190502,코스피200,001520
20190502,코스피200,002240
20190502,코스피200,007570
20190502,코스피200,014830
20190502,코스피200,108670
20190502,코스피200,025860
20190502,코스피200,034120
20190502,코스피200,060980
20190502,코스피200,064960
20190502,코스피200,019680
20190502,코스피200,002960
20190502,코스피200,003300
20190502,코스피200,003920
20190502,코스피200,298040
20190502,코스피200,079430
20190502,코스피200,096760
20190502,코스피200,033920
20190502,코스피200,036580
20190502,코스닥150,091990
20190502,코스닥150,035760
20190502,코스닥150,215600
20190502,코스닥150,084990
20190502,코스닥150,003670
20190502,코스닥150,028300
20190502,코스닥150,086900
20190502,코스닥150,253450
20190502,코스닥150,263750
20190502,코스닥150,068760
20190502,코스닥150,145020
20190502,코스닥150,036490
20190502,코스닥150,034230
20190502,코스닥150,095700
20190502,코스닥150,056190
20190502,코스닥150,240810
20190502,코스닥150,098460
20190502,코스닥150,078340
20190502,코스닥150,003380
20190502,코스닥150,041960
20190502,코스닥150,025980
20190502,코스닥150,028150
20190502,코스닥150,046890
20190502,코스닥150,035900
20190502,코스닥150,000250
20190502,코스닥150,140410
20190502,코스닥150,041510
20190502,코스닥150,042000
20190502,코스닥150,178920
20190502,코스닥150,038540
20190502,코스닥150,058470
20190502,코스닥150,032500
20190502,코스닥150,022100
20190502,코스닥150,036830
20190502,코스닥150,039030
20190502,코스닥150,200130
20190502,코스닥150,030190
20190502,코스닥150,048260
20190502,코스닥150,036420
20190502,코스닥150,112040
20190502,코스닥150,108320
20190502,코스닥150,039200
20190502,코스닥150,067630
20190502,코스닥150,091700
20190502,코스닥150,066970
20190502,코스닥150,218410
20190502,코스닥150,064760
20190502,코스닥150,067160
20190502,코스닥150,083790
20190502,코스닥150,007390
20190502,코스닥150,033290
20190502,코스닥150,183490
20190502,코스닥150,267980
20190502,코스닥150,069080
20190502,코스닥150,122870
20190502,코스닥150,090460
20190502,코스닥150,082270
20190502,코스닥150,096530
20190502,코스닥150,115450
20190502,코스닥150,141080
20190502,코스닥150,086520
20190502,코스닥150,200230
20190502,코스닥150,092040
20190502,코스닥150,053800
20190502,코스닥150,005290
20190502,코스닥150,006730
20190502,코스닥150,078160
20190502,코스닥150,048530
20190502,코스닥150,039840
20190502,코스닥150,029960
20190502,코스닥150,243070
20190502,코스닥150,065660
20190502,코스닥150,031390
20190502,코스닥150,058820
20190502,코스닥150,052020
20190502,코스닥150,073070
20190502,코스닥150,086450
20190502,코스닥150,049950
20190502,코스닥150,272290
20190502,코스닥150,215200
20190502,코스닥150,023410
20190502,코스닥150,035810
20190502,코스닥150,102940
20190502,코스닥150,060570
20190502,코스닥150,144510
20190502,코스닥150,084110
20190502,코스닥150,044340
20190502,코스닥150,045390
20190502,코스닥150,237690
20190502,코스닥150,080160
20190502,코스닥150,068240
20190502,코스닥150,213420
20190502,코스닥150,092730
20190502,코스닥150,035600
20190502,코스닥150,036930
20190502,코스닥150,214450
20190502,코스닥150,043150
20190502,코스닥150,080420
20190502,코스닥150,038500
20190502,코스닥150,010170
20190502,코스닥150,015750
20190502,코스닥150,030530
20190502,코스닥150,089600
20190502,코스닥150,053030
20190502,코스닥150,065620
20190502,코스닥150,051500
20190502,코스닥150,025900
20190502,코스닥150,067080
20190502,코스닥150,182400
20190502,코스닥150,095610
20190502,코스닥150,108230
20190502,코스닥150,074600
20190502,코스닥150,025770
20190502,코스닥150,019210
20190502,코스닥150,038290
20190502,코스닥150,237880
20190502,코스닥150,087010
20190502,코스닥150,115960
20190502,코스닥150,063570
20190502,코스닥150,014620
20190502,코스닥150,084370
20190502,코스닥150,051370
20190502,코스닥150,031980
20190502,코스닥150,100120
20190502,코스닥150,016250
20190502,코스닥150,023160
20190502,코스닥150,030520
20190502,코스닥150,119610
20190502,코스닥150,063080
20190502,코스닥150,104830
20190502,코스닥150,041830
20190502,코스닥150,036630
20190502,코스닥150,045100
20190502,코스닥150,013030
20190502,코스닥150,222040
20190502,코스닥150,215360
20190502,코스닥150,067290
20190502,코스닥150,206640
20190502,코스닥150,241710
20190502,코스닥150,007820
20190502,코스닥150,217480
20190502,코스닥150,043370
20190502,코스닥150,035890
20190502,코스닥150,044490
20190502,코스닥150,016100
20190502,코스닥150,108790
20190502,코스닥150,067390
20190502,코스닥150,121440
20190502,코스닥150,100130
20190502,코스닥150,018000
20190603,코스피200,005930
20190603,코스피200,000660
20190603,코스피200,005380
20190603,코스피200,068270
20190603,코스피200,051910
20190603,코스피200,055550
20190603,코스피200,005490
20190603,코스피200,012330
20190603,코스피200,017670
20190603,코스피200,051900
20190603,코스피200,207940
20190603,코스피200,035420
20190603,코스피200,105560
20190603,코스피200,028260
20190603,코스피200,015760
20190603,코스피200,034730
20190603,코스피200,032830
20190603,코스피200,018260
20190603,코스피200,000270
20190603,코스피200,006400
20190603,코스피200,096770
20190603,코스피200,033780
20190603,코스피200,066570
20190603,코스피200,000810
20190603,코스피200,003550
20190603,코스피200,086790
20190603,코스피200,090430
20190603,코스피200,036570
20190603,코스피200,035720
20190603,코스피200,251270
20190603,코스피200,316140
20190603,코스피200,010950
20190603,코스피200,011170
20190603,코스피200,010130
20190603,코스피200,009540
20190603,코스피200,024110
20190603,코스피200,009150
20190603,코스피200,030200
20190603,코스피200,035250
20190603,코스피200,018880
20190603,코스피200,086280
20190603,코스피200,032640
20190603,코스피200,034220
20190603,코스피200,021240
20190603,코스피200,000720
20190603,코스피200,004020
20190603,코스피200,002790
20190603,코스피200,267250
20190603,코스피200,010140
20190603,코스피200,006800
20190603,코스피200,128940
20190603,코스피200,078930
20190603,코스피200,004990
20190603,코스피200,005830
20190603,코스피200,161390
20190603,코스피200,023530
20190603,코스피200,008930
20190603,코스피200,097950
20190603,코스피200,029780
20190603,코스피200,139480
20190603,코스피200,071050
20190603,코스피200,005940
20190603,코스피200,000210
20190603,코스피200,036460
20190603,코스피200,008770
20190603,코스피200,012750
20190603,코스피200,000120
20190603,코스피200,009830
20190603,코스피200,271560
20190603,코스피200,241560
20190603,코스피200,047810
20190603,코스피200,000100
20190603,코스피200,006360
20190603,코스피200,282330
20190603,코스피200,042660
20190603,코스피200,016360
20190603,코스피200,003410
20190603,코스피200,030000
20190603,코스피200,003490
20190603,코스피200,001040
20190603,코스피200,004170
20190603,코스피200,028050
20190603,코스피200,011780
20190603,코스피200,008560
20190603,코스피200,088350
20190603,코스피200,001450
20190603,코스피200,002380
20190603,코스피200,007310
20190603,코스피200,007070
20190603,코스피200,028670
20190603,코스피200,010060
20190603,코스피200,138930
20190603,코스피200,011070
20190603,코스피200,047050
20190603,코스피200,017800
20190603,코스피200,000880
20190603,코스피200,069960
20190603,코스피200,047040
20190603,코스피200,009240
20190603,코스피200,010620
20190603,코스피200,294870
20190603,코스피200,026960
20190603,코스피200,111770
20190603,코스피200,069620
20190603,코스피200,000150
20190603,코스피200,064350
20190603,코스피200,020150
20190603,코스피200,012450
20190603,코스피200,000240
20190603,코스피200,006260
20190603,코스피200,004800
20190603,코스피200,000080
20190603,코스피200,000670
20190603,코스피200,003240
20190603,코스피200,004370
20190603,코스피200,214320
20190603,코스피200,009420
20190603,코스피200,010120
20190603,코스피200,051600
20190603,코스피200,161890
20190603,코스피200,006280
20190603,코스피200,004000
20190603,코스피200,005300
20190603,코스피200,204320
20190603,코스피200,042670
20190603,코스피200,034020
20190603,코스피200,001740
20190603,코스피200,003000
20190603,코스피200,005440
20190603,코스피200,192820
20190603,코스피200,114090
20190603,코스피200,120110
20190603,코스피200,011790
20190603,코스피200,001800
20190603,코스피200,005250
20190603,코스피200,005850
20190603,코스피200,010780
20190603,코스피200,073240
20190603,코스피200,020000
20190603,코스피200,049770
20190603,코스피200,057050
20190603,코스피200,071840
20190603,코스피200,011210
20190603,코스피200,002350
20190603,코스피200,003520
20190603,코스피200,006650
20190603,코스피200,008060
20190603,코스피200,192400
20190603,코스피200,014680
20190603,코스피200,014820
20190603,코스피200,105630
20190603,코스피200,185750
20190603,코스피200,012630
20190603,코스피200,001680
20190603,코스피200,005610
20190603,코스피200,170900
20190603,코스피200,069260
20190603,코스피200,115390
20190603,코스피200,052690
20190603,코스피200,000990
20190603,코스피200,005180
20190603,코스피200,025540
20190603,코스피200,027410
20190603,코스피200,285130
20190603,코스피200,079550
20190603,코스피200,093370
20190603,코스피200,103140
20190603,코스피200,079160
20190603,코스피200,000070
20190603,코스피200,000640
20190603,코스피200,001060
20190603,코스피200,001120
20190603,코스피200,001230
20190603,코스피200,001430
20190603,코스피200,145990
20190603,코스피200,003620
20190603,코스피200,004490
20190603,코스피200,006840
20190603,코스피200,064960
20190603,코스피200,093050
20190603,코스피200,002270
20190603,코스피200,002240
20190603,코스피200,002960
20190603,코스피200,003850
20190603,코스피200,006120
20190603,코스피200,108670
20190603,코스피200,014830
20190603,코스피200,019680
20190603,코스피200,025860
20190603,코스피200,060980
20190603,코스피200,007570
20190603,코스피200,001520
20190603,코스피200,003300
20190603,코스피200,003920
20190603,코스피200,298040
20190603,코스피200,034120
20190603,코스피200,079430
20190603,코스피200,096760
20190603,코스피200,033920
20190603,코스피200,036580
20190603,코스닥150,091990
20190603,코스닥150,035760
20190603,코스닥150,215600
20190603,코스닥150,084990
20190603,코스닥150,028300
20190603,코스닥150,086900
20190603,코스닥150,263750
20190603,코스닥150,253450
20190603,코스닥150,068760
20190603,코스닥150,145020
20190603,코스닥150,036490
20190603,코스닥150,056190
20190603,코스닥150,034230
20190603,코스닥150,095700
20190603,코스닥150,032500
20190603,코스닥150,041960
20190603,코스닥150,078340
20190603,코스닥150,098460
20190603,코스닥150,025980
20190603,코스닥150,028150
20190603,코스닥150,240810
20190603,코스닥150,046890
20190603,코스닥150,003380
20190603,코스닥150,048260
20190603,코스닥150,041510
20190603,코스닥150,038540
20190603,코스닥150,140410
20190603,코스닥150,091700
20190603,코스닥150,058470
20190603,코스닥150,035900
20190603,코스닥150,030190
20190603,코스닥150,000250
20190603,코스닥150,178920
20190603,코스닥150,022100
20190603,코스닥150,036830
20190603,코스닥150,067160
20190603,코스닥150,096530
20190603,코스닥150,067630
20190603,코스닥150,039030
20190603,코스닥150,200130
20190603,코스닥150,115450
20190603,코스닥150,267980
20190603,코스닥150,064760
20190603,코스닥150,036420
20190603,코스닥150,039200
20190603,코스닥150,108320
20190603,코스닥150,066970
20190603,코스닥150,033290
20190603,코스닥150,053800
20190603,코스닥150,083790
20190603,코스닥150,183490
20190603,코스닥150,218410
20190603,코스닥150,042000
20190603,코스닥150,082270
20190603,코스닥150,005290
20190603,코스닥150,122870
20190603,코스닥150,029960
20190603,코스닥150,007390
20190603,코스닥150,086520
20190603,코스닥150,112040
20190603,코스닥150,069080
20190603,코스닥150,078160
20190603,코스닥150,090460
20190603,코스닥150,141080
20190603,코스닥150,039840
20190603,코스닥150,031390
20190603,코스닥150,200230
20190603,코스닥150,092040
20190603,코스닥150,086450
20190603,코스닥150,048530
20190603,코스닥150,243070
20190603,코스닥150,006730
20190603,코스닥150,052020
20190603,코스닥150,065660
20190603,코스닥150,073070
20190603,코스닥150,214450
20190603,코스닥150,272290
20190603,코스닥150,215200
20190603,코스닥150,023410
20190603,코스닥150,060570
20190603,코스닥150,058820
20190603,코스닥150,044340
20190603,코스닥150,045390
20190603,코스닥150,065620
20190603,코스닥150,144510
20190603,코스닥150,084110
20190603,코스닥150,080160
20190603,코스닥150,049950
20190603,코스닥150,035600
20190603,코스닥150,035810
20190603,코스닥150,092730
20190603,코스닥150,043150
20190603,코스닥150,041830
20190603,코스닥150,025900
20190603,코스닥150,080420
20190603,코스닥150,068240
20190603,코스닥150,038500
20190603,코스닥150,213420
20190603,코스닥150,089600
20190603,코스닥150,025770
20190603,코스닥150,182400
20190603,코스닥150,115960
20190603,코스닥150,010170
20190603,코스닥150,015750
20190603,코스닥150,237880
20190603,코스닥150,053030
20190603,코스닥150,108230
20190603,코스닥150,038290
20190603,코스닥150,051500
20190603,코스닥150,237690
20190603,코스닥150,095610
20190603,코스닥150,119610
20190603,코스닥150,100120
20190603,코스닥150,014620
20190603,코스닥150,016250
20190603,코스닥150,036630
20190603,코스닥150,087010
20190603,코스닥150,063570
20190603,코스닥150,067080
20190603,코스닥150,074600
20190603,코스닥150,036930
20190603,코스닥150,019210
20190603,코스닥150,030530
20190603,코스닥150,030520
20190603,코스닥150,104830
20190603,코스닥150,063080
20190603,코스닥150,084370
20190603,코스닥150,023160
20190603,코스닥150,206640
20190603,코스닥150,102940
20190603,코스닥150,051370
20190603,코스닥150,222040
20190603,코스닥150,067290
20190603,코스닥150,215360
20190603,코스닥150,045100
20190603,코스닥150,241710
20190603,코스닥150,035890
20190603,코스닥150,013030
20190603,코스닥150,007820
20190603,코스닥150,044490
20190603,코스닥150,016100
20190603,코스닥150,108790
20190603,코스닥150,043370
20190603,코스닥150,217480
20190603,코스닥150,067390
20190603,코스닥150,121440
20190603,코스닥150,100130
20190603,코스닥150,018000
20190603,코스닥150,031980
20190701,코스피200,005930
20190701,코스피200,000660
20190701,코스피200,005380
20190701,코스피200,068270
20190701,코스피200,051910
20190701,코스피200,012330
20190701,코스피200,005490
20190701,코스피200,055550
20190701,코스피200,207940
20190701,코스피200,017670
20190701,코스피200,051900
20190701,코스피200,105560
20190701,코스피200,035420
20190701,코스피200,028260
20190701,코스피200,000270
20190701,코스피200,032830
20190701,코스피200,018260
20190701,코스피200,006400
20190701,코스피200,034730
20190701,코스피200,015760
20190701,코스피200,096770
20190701,코스피200,033780
20190701,코스피200,003550
20190701,코스피200,000810
20190701,코스피200,066570
20190701,코스피200,086790
20190701,코스피200,035720
20190701,코스피200,036570
20190701,코스피200,090430
20190701,코스피200,010950
20190701,코스피200,316140
20190701,코스피200,011170
20190701,코스피200,251270
20190701,코스피200,010130
20190701,코스피200,009540
20190701,코스피200,024110
20190701,코스피200,009150
20190701,코스피200,030200
20190701,코스피200,035250
20190701,코스피200,032640
20190701,코스피200,034220
20190701,코스피200,018880
20190701,코스피200,000720
20190701,코스피200,086280
20190701,코스피200,021240
20190701,코스피200,004020
20190701,코스피200,006800
20190701,코스피200,267250
20190701,코스피200,010140
20190701,코스피200,002790
20190701,코스피200,128940
20190701,코스피200,078930
20190701,코스피200,004990
20190701,코스피200,081660
20190701,코스피200,023530
20190701,코스피200,008930
20190701,코스피200,097950
20190701,코스피200,071050
20190701,코스피200,161390
20190701,코스피200,029780
20190701,코스피200,005940
20190701,코스피200,005830
20190701,코스피200,139480
20190701,코스피200,000210
20190701,코스피200,036460
20190701,코스피200,008770
20190701,코스피200,009830
20190701,코스피200,271560
20190701,코스피200,012750
20190701,코스피200,241560
20190701,코스피200,282330
20190701,코스피200,016360
20190701,코스피200,047810
20190701,코스피200,042660
20190701,코스피200,028050
20190701,코스피200,030000
20190701,코스피200,008560
20190701,코스피200,000100
20190701,코스피200,006360
20190701,코스피200,003410
20190701,코스피200,004170
20190701,코스피200,000120
20190701,코스피200,001040
20190701,코스피200,011780
20190701,코스피200,007070
20190701,코스피200,002380
20190701,코스피200,088350
20190701,코스피200,003490
20190701,코스피200,017800
20190701,코스피200,011070
20190701,코스피200,001450
20190701,코스피200,007310
20190701,코스피200,138930
20190701,코스피200,028670
20190701,코스피200,047050
20190701,코스피200,010060
20190701,코스피200,047040
20190701,코스피200,000880
20190701,코스피200,010620
20190701,코스피200,026960
20190701,코스피200,294870
20190701,코스피200,069960
20190701,코스피200,064350
20190701,코스피200,020150
20190701,코스피200,000150
20190701,코스피200,012450
20190701,코스피200,111770
20190701,코스피200,069620
20190701,코스피200,000240
20190701,코스피200,004800
20190701,코스피200,031430
20190701,코스피200,009240
20190701,코스피200,010120
20190701,코스피200,006260
20190701,코스피200,000080
20190701,코스피200,003240
20190701,코스피200,004370
20190701,코스피200,214320
20190701,코스피200,011790
20190701,코스피200,051600
20190701,코스피200,006280
20190701,코스피200,000670
20190701,코스피200,001740
20190701,코스피200,004000
20190701,코스피200,005300
20190701,코스피200,204320
20190701,코스피200,009420
20190701,코스피200,011210
20190701,코스피200,042670
20190701,코스피200,161890
20190701,코스피200,005440
20190701,코스피200,010780
20190701,코스피200,034020
20190701,코스피200,120110
20190701,코스피200,114090
20190701,코스피200,057050
20190701,코스피200,001800
20190701,코스피200,003000
20190701,코스피200,005850
20190701,코스피200,192820
20190701,코스피200,049770
20190701,코스피200,071840
20190701,코스피200,073240
20190701,코스피200,014820
20190701,코스피200,002350
20190701,코스피200,003520
20190701,코스피200,005250
20190701,코스피200,192400
20190701,코스피200,018250
20190701,코스피200,185750
20190701,코스피200,012630
20190701,코스피200,001680
20190701,코스피200,005610
20190701,코스피200,006650
20190701,코스피200,008060
20190701,코스피200,170900
20190701,코스피200,020000
20190701,코스피200,069260
20190701,코스피200,105630
20190701,코스피200,115390
20190701,코스피200,014680
20190701,코스피200,001120
20190701,코스피200,005180
20190701,코스피200,025540
20190701,코스피200,027410
20190701,코스피200,052690
20190701,코스피200,285130
20190701,코스피200,079550
20190701,코스피200,093050
20190701,코스피200,093370
20190701,코스피200,103140
20190701,코스피200,079160
20190701,코스피200,000070
20190701,코스피200,145990
20190701,코스피200,000990
20190701,코스피200,001060
20190701,코스피200,001230
20190701,코스피200,001430
20190701,코스피200,002270
20190701,코스피200,003620
20190701,코스피200,004490
20190701,코스피200,006390
20190701,코스피200,006840
20190701,코스피200,025860
20190701,코스피200,064960
20190701,코스피200,108670
20190701,코스피200,000640
20190701,코스피200,001520
20190701,코스피200,002240
20190701,코스피200,002960
20190701,코스피200,003850
20190701,코스피200,060980
20190701,코스피200,007570
20190701,코스피200,014830
20190701,코스피200,019680
20190701,코스피200,006120
20190701,코스피200,003920
20190701,코스피200,298040
20190701,코스피200,096760
20190701,코스피200,079430
20190701,코스닥150,091990
20190701,코스닥150,035760
20190701,코스닥150,215600
20190701,코스닥150,084990
20190701,코스닥150,263750
20190701,코스닥150,086900
20190701,코스닥150,253450
20190701,코스닥150,145020
20190701,코스닥150,068760
20190701,코스닥150,036490
20190701,코스닥150,032500
20190701,코스닥150,028300
20190701,코스닥150,034230
20190701,코스닥150,056190
20190701,코스닥150,041960
20190701,코스닥150,078340
20190701,코스닥150,025980
20190701,코스닥150,095700
20190701,코스닥150,247540
20190701,코스닥150,240810
20190701,코스닥150,098460
20190701,코스닥150,028150
20190701,코스닥150,298380
20190701,코스닥150,046890
20190701,코스닥150,003380
20190701,코스닥150,048260
20190701,코스닥150,030190
20190701,코스닥150,041510
20190701,코스닥150,058470
20190701,코스닥150,178920
20190701,코스닥150,091700
20190701,코스닥150,022100
20190701,코스닥150,000250
20190701,코스닥150,036830
20190701,코스닥150,035900
20190701,코스닥150,200130
20190701,코스닥150,278280
20190701,코스닥150,039030
20190701,코스닥150,218410
20190701,코스닥150,108320
20190701,코스닥150,140410
20190701,코스닥150,115450
20190701,코스닥150,096530
20190701,코스닥150,066970
20190701,코스닥150,033290
20190701,코스닥150,067160
20190701,코스닥150,036420
20190701,코스닥150,267980
20190701,코스닥150,064760
20190701,코스닥150,053800
20190701,코스닥150,090460
20190701,코스닥150,039840
20190701,코스닥150,083790
20190701,코스닥150,039200
20190701,코스닥150,005290
20190701,코스닥150,086520
20190701,코스닥150,069080
20190701,코스닥150,042000
20190701,코스닥150,029960
20190701,코스닥150,112040
20190701,코스닥150,082270
20190701,코스닥150,141080
20190701,코스닥150,086450
20190701,코스닥150,006730
20190701,코스닥150,078160
20190701,코스닥150,263050
20190701,코스닥150,243070
20190701,코스닥150,122870
20190701,코스닥150,073070
20190701,코스닥150,031390
20190701,코스닥150,183490
20190701,코스닥150,200230
20190701,코스닥150,196170
20190701,코스닥150,272290
20190701,코스닥150,092040
20190701,코스닥150,045390
20190701,코스닥150,023410
20190701,코스닥150,007390
20190701,코스닥150,048530
20190701,코스닥150,122990
20190701,코스닥150,084110
20190701,코스닥150,035600
20190701,코스닥150,214450
20190701,코스닥150,043150
20190701,코스닥150,038500
20190701,코스닥150,044340
20190701,코스닥150,060570
20190701,코스닥150,213420
20190701,코스닥150,092730
20190701,코스닥150,065660
20190701,코스닥150,049950
20190701,코스닥150,237880
20190701,코스닥150,215200
20190701,코스닥150,052020
20190701,코스닥150,192440
20190701,코스닥150,080160
20190701,코스닥150,068240
20190701,코스닥150,080420
20190701,코스닥150,058820
20190701,코스닥150,051500
20190701,코스닥150,025900
20190701,코스닥150,025770
20190701,코스닥150,144510
20190701,코스닥150,108230
20190701,코스닥150,035810
20190701,코스닥150,015750
20190701,코스닥150,182400
20190701,코스닥150,067630
20190701,코스닥150,041830
20190701,코스닥150,010170
20190701,코스닥150,036930
20190701,코스닥150,038290
20190701,코스닥150,237690
20190701,코스닥150,095610
20190701,코스닥150,100120
20190701,코스닥150,217730
20190701,코스닥150,053030
20190701,코스닥150,060150
20190701,코스닥150,115960
20190701,코스닥150,089600
20190701,코스닥150,065620
20190701,코스닥150,014620
20190701,코스닥150,041140
20190701,코스닥150,036630
20190701,코스닥150,030530
20190701,코스닥150,016250
20190701,코스닥150,019210
20190701,코스닥150,074600
20190701,코스닥150,063570
20190701,코스닥150,067080
20190701,코스닥150,030520
20190701,코스닥150,226950
20190701,코스닥150,023160
20190701,코스닥150,063080
20190701,코스닥150,104830
20190701,코스닥150,087010
20190701,코스닥150,067390
20190701,코스닥150,102940
20190701,코스닥150,035890
20190701,코스닥150,013030
20190701,코스닥150,007820
20190701,코스닥150,045100
20190701,코스닥150,241710
20190701,코스닥150,095190
20190701,코스닥150,215360
20190701,코스닥150,067290
20190701,코스닥150,222040
20190701,코스닥150,044490
20190701,코스닥150,217480
20190701,코스닥150,016100
20190801,코스피200,005930
20190801,코스피200,000660
20190801,코스피200,005380
20190801,코스피200,051910
20190801,코스피200,035420
20190801,코스피200,012330
20190801,코스피200,068270
20190801,코스피200,055550
20190801,코스피200,017670
20190801,코스피200,051900
20190801,코스피200,005490
20190801,코스피200,207940
20190801,코스피200,105560
20190801,코스피200,028260
20190801,코스피200,000270
20190801,코스피200,006400
20190801,코스피200,015760
20190801,코스피200,018260
20190801,코스피200,096770
20190801,코스피200,034730
20190801,코스피200,032830
20190801,코스피200,033780
20190801,코스피200,000810
20190801,코스피200,003550
20190801,코스피200,036570
20190801,코스피200,086790
20190801,코스피200,035720
20190801,코스피200,066570
20190801,코스피200,010950
20190801,코스피200,316140
20190801,코스피200,010130
20190801,코스피200,011170
20190801,코스피200,090430
20190801,코스피200,251270
20190801,코스피200,009540
20190801,코스피200,024110
20190801,코스피200,030200
20190801,코스피200,009150
20190801,코스피200,035250
20190801,코스피200,021240
20190801,코스피200,018880
20190801,코스피200,086280
20190801,코스피200,032640
20190801,코스피200,267250
20190801,코스피200,034220
20190801,코스피200,004020
20190801,코스피200,006800
20190801,코스피200,000720
20190801,코스피200,078930
20190801,코스피200,002790
20190801,코스피200,010140
20190801,코스피200,097950
20190801,코스피200,071050
20190801,코스피200,029780
20190801,코스피200,081660
20190801,코스피200,012750
20190801,코스피200,036460
20190801,코스피200,023530
20190801,코스피200,005830
20190801,코스피200,282330
20190801,코스피200,161390
20190801,코스피200,004990
20190801,코스피200,241560
20190801,코스피200,047810
20190801,코스피200,005940
20190801,코스피200,128940
20190801,코스피200,000210
20190801,코스피200,139480
20190801,코스피200,016360
20190801,코스피200,000120
20190801,코스피200,271560
20190801,코스피200,028050
20190801,코스피200,008770
20190801,코스피200,007070
20190801,코스피200,008560
20190801,코스피200,042660
20190801,코스피200,009830
20190801,코스피200,030000
20190801,코스피200,008930
20190801,코스피200,003410
20190801,코스피200,000100
20190801,코스피200,006360
20190801,코스피200,001040
20190801,코스피200,002380
20190801,코스피200,004170
20190801,코스피200,028670
20190801,코스피200,011780
20190801,코스피200,011070
20190801,코스피200,003490
20190801,코스피200,001450
20190801,코스피200,007310
20190801,코스피200,138930
20190801,코스피200,047050
20190801,코스피200,088350
20190801,코스피200,017800
20190801,코스피200,069620
20190801,코스피200,000150
20190801,코스피200,000880
20190801,코스피200,004800
20190801,코스피200,010060
20190801,코스피200,069960
20190801,코스피200,020150
20190801,코스피200,026960
20190801,코스피200,010620
20190801,코스피200,012450
20190801,코스피200,294870
20190801,코스피200,204320
20190801,코스피200,047040
20190801,코스피200,111770
20190801,코스피200,011790
20190801,코스피200,000080
20190801,코스피200,000240
20190801,코스피200,003240
20190801,코스피200,004370
20190801,코스피200,006260
20190801,코스피200,214320
20190801,코스피200,009420
20190801,코스피200,010120
20190801,코스피200,051600
20190801,코스피200,064350
20190801,코스피200,009240
20190801,코스피200,000670
20190801,코스피200,001740
20190801,코스피200,004000
20190801,코스피200,161890
20190801,코스피200,031430
20190801,코스피200,042670
20190801,코스피200,006280
20190801,코스피200,005300
20190801,코스피200,005440
20190801,코스피200,114090
20190801,코스피200,034020
20190801,코스피200,073240
20190801,코스피200,011210
20190801,코스피200,001800
20190801,코스피200,003000
20190801,코스피200,005850
20190801,코스피200,192820
20190801,코스피200,049770
20190801,코스피200,057050
20190801,코스피200,120110
20190801,코스피200,010780
20190801,코스피200,005250
20190801,코스피200,014680
20190801,코스피200,185750
20190801,코스피200,020000
20190801,코스피200,069260
20190801,코스피200,014820
20190801,코스피200,001680
20190801,코스피200,002350
20190801,코스피200,003520
20190801,코스피200,005610
20190801,코스피200,006650
20190801,코스피200,008060
20190801,코스피200,192400
20190801,코스피200,018250
20190801,코스피200,071840
20190801,코스피200,093370
20190801,코스피200,115390
20190801,코스피200,170900
20190801,코스피200,012630
20190801,코스피200,001120
20190801,코스피200,025540
20190801,코스피200,052690
20190801,코스피200,064960
20190801,코스피200,105630
20190801,코스피200,079550
20190801,코스피200,093050
20190801,코스피200,103140
20190801,코스피200,079160
20190801,코스피200,000070
20190801,코스피200,000640
20190801,코스피200,000990
20190801,코스피200,001060
20190801,코스피200,001230
20190801,코스피200,001430
20190801,코스피200,145990
20190801,코스피200,004490
20190801,코스피200,005180
20190801,코스피200,006840
20190801,코스피200,027410
20190801,코스피200,108670
20190801,코스피200,002270
20190801,코스피200,002240
20190801,코스피200,002960
20190801,코스피200,003620
20190801,코스피200,003850
20190801,코스피200,006120
20190801,코스피200,285130
20190801,코스피200,007570
20190801,코스피200,014830
20190801,코스피200,019680
20190801,코스피200,025860
20190801,코스피200,060980
20190801,코스피200,006390
20190801,코스피200,001520
20190801,코스피200,003920
20190801,코스피200,298040
20190801,코스피200,096760
20190801,코스피200,079430
20190801,코스닥150,091990
20190801,코스닥150,035760
20190801,코스닥150,215600
20190801,코스닥150,084990
20190801,코스닥150,086900
20190801,코스닥150,263750
20190801,코스닥150,032500
20190801,코스닥150,145020
20190801,코스닥150,036490
20190801,코스닥150,253450
20190801,코스닥150,034230
20190801,코스닥150,056190
20190801,코스닥150,041960
20190801,코스닥150,036830
20190801,코스닥150,095700
20190801,코스닥150,068760
20190801,코스닥150,240810
20190801,코스닥150,247540
20190801,코스닥150,078340
20190801,코스닥150,098460
20190801,코스닥150,140410
20190801,코스닥150,028150
20190801,코스닥150,028300
20190801,코스닥150,048260
20190801,코스닥150,025980
20190801,코스닥150,298380
20190801,코스닥150,030190
20190801,코스닥150,003380
20190801,코스닥150,039030
20190801,코스닥150,178920
20190801,코스닥150,058470
20190801,코스닥150,046890
20190801,코스닥150,200130
20190801,코스닥150,022100
20190801,코스닥150,041510
20190801,코스닥150,035900
20190801,코스닥150,005290
20190801,코스닥150,000250
20190801,코스닥150,091700
20190801,코스닥150,067160
20190801,코스닥150,218410
20190801,코스닥150,066970
20190801,코스닥150,036420
20190801,코스닥150,278280
20190801,코스닥150,267980
20190801,코스닥150,064760
20190801,코스닥150,039840
20190801,코스닥150,029960
20190801,코스닥150,115450
20190801,코스닥150,108320
20190801,코스닥150,096530
20190801,코스닥150,042000
20190801,코스닥150,086450
20190801,코스닥150,033290
20190801,코스닥150,090460
20190801,코스닥150,083790
20190801,코스닥150,053800
20190801,코스닥150,069080
20190801,코스닥150,039200
20190801,코스닥150,073070
20190801,코스닥150,272290
20190801,코스닥150,086520
20190801,코스닥150,006730
20190801,코스닥150,141080
20190801,코스닥150,007390
20190801,코스닥150,122870
20190801,코스닥150,031390
20190801,코스닥150,078160
20190801,코스닥150,243070
20190801,코스닥150,112040
20190801,코스닥150,263050
20190801,코스닥150,082270
20190801,코스닥150,092040
20190801,코스닥150,213420
20190801,코스닥150,182400
20190801,코스닥150,196170
20190801,코스닥150,122990
20190801,코스닥150,215200
20190801,코스닥150,023410
20190801,코스닥150,200230
20190801,코스닥150,048530
20190801,코스닥150,025900
20190801,코스닥150,183490
20190801,코스닥150,043150
20190801,코스닥150,035600
20190801,코스닥150,038500
20190801,코스닥150,192440
20190801,코스닥150,068240
20190801,코스닥150,092730
20190801,코스닥150,051500
20190801,코스닥150,025770
20190801,코스닥150,044340
20190801,코스닥150,214450
20190801,코스닥150,084110
20190801,코스닥150,065660
20190801,코스닥150,041830
20190801,코스닥150,108230
20190801,코스닥150,060570
20190801,코스닥150,045390
20190801,코스닥150,049950
20190801,코스닥150,052020
20190801,코스닥150,080420
20190801,코스닥150,237880
20190801,코스닥150,144510
20190801,코스닥150,095610
20190801,코스닥150,080160
20190801,코스닥150,035810
20190801,코스닥150,036930
20190801,코스닥150,217730
20190801,코스닥150,067630
20190801,코스닥150,015750
20190801,코스닥150,030530
20190801,코스닥150,041140
20190801,코스닥150,115960
20190801,코스닥150,074600
20190801,코스닥150,104830
20190801,코스닥150,058820
20190801,코스닥150,038290
20190801,코스닥150,100120
20190801,코스닥150,060150
20190801,코스닥150,010170
20190801,코스닥150,014620
20190801,코스닥150,237690
20190801,코스닥150,063570
20190801,코스닥150,089600
20190801,코스닥150,053030
20190801,코스닥150,019210
20190801,코스닥150,036630
20190801,코스닥150,030520
20190801,코스닥150,023160
20190801,코스닥150,035890
20190801,코스닥150,013030
20190801,코스닥150,067080
20190801,코스닥150,226950
20190801,코스닥150,102940
20190801,코스닥150,063080
20190801,코스닥150,016250
20190801,코스닥150,087010
20190801,코스닥150,067390
20190801,코스닥150,067290
20190801,코스닥150,045100
20190801,코스닥150,044490
20190801,코스닥150,215360
20190801,코스닥150,095190
20190801,코스닥150,241710
20190801,코스닥150,007820
20190801,코스닥150,222040
20190801,코스닥150,065620
20190801,코스닥150,217480
20190801,코스닥150,016100
20190902,코스피200,005930
20190902,코스피200,000660
20190902,코스피200,005380
20190902,코스피200,035420
20190902,코스피200,012330
20190902,코스피200,051910
20190902,코스피200,068270
20190902,코스피200,055550
20190902,코스피200,017670
20190902,코스피200,051900
20190902,코스피200,005490
20190902,코스피200,000270
20190902,코스피200,207940
20190902,코스피200,006400
20190902,코스피200,105560
20190902,코스피200,028260
20190902,코스피200,015760
20190902,코스피200,096770
20190902,코스피200,018260
20190902,코스피200,034730
20190902,코스피200,033780
20190902,코스피200,032830
20190902,코스피200,003550
20190902,코스피200,036570
20190902,코스피200,035720
20190902,코스피200,010950
20190902,코스피200,000810
20190902,코스피200,066570
20190902,코스피200,086790
20190902,코스피200,010130
20190902,코스피200,251270
20190902,코스피200,316140
20190902,코스피200,009540
20190902,코스피200,090430
20190902,코스피200,011170
20190902,코스피200,024110
20190902,코스피200,030200
20190902,코스피200,009150
20190902,코스피200,021240
20190902,코스피200,018880
20190902,코스피200,035250
20190902,코스피200,086280
20190902,코스피200,032640
20190902,코스피200,267250
20190902,코스피200,034220
20190902,코스피200,004020
20190902,코스피200,006800
20190902,코스피200,002790
20190902,코스피200,010140
20190902,코스피200,000720
20190902,코스피200,078930
20190902,코스피200,071050
20190902,코스피200,012750
20190902,코스피200,047810
20190902,코스피200,029780
20190902,코스피200,023530
20190902,코스피200,036460
20190902,코스피200,241560
20190902,코스피200,161390
20190902,코스피200,004990
20190902,코스피200,005940
20190902,코스피200,282330
20190902,코스피200,271560
20190902,코스피200,081660
20190902,코스피200,000210
20190902,코스피200,097950
20190902,코스피200,005830
20190902,코스피200,128940
20190902,코스피200,000120
20190902,코스피200,139480
20190902,코스피200,016360
20190902,코스피200,007070
20190902,코스피200,028050
20190902,코스피200,008770
20190902,코스피200,003410
20190902,코스피200,042660
20190902,코스피200,030000
20190902,코스피200,008560
20190902,코스피200,000100
20190902,코스피200,009830
20190902,코스피200,008930
20190902,코스피200,028670
20190902,코스피200,006360
20190902,코스피200,001040
20190902,코스피200,011070
20190902,코스피200,004170
20190902,코스피200,002380
20190902,코스피200,047050
20190902,코스피200,001450
20190902,코스피200,003490
20190902,코스피200,138930
20190902,코스피200,017800
20190902,코스피200,088350
20190902,코스피200,011780
20190902,코스피200,012450
20190902,코스피200,007310
20190902,코스피200,069620
20190902,코스피200,020150
20190902,코스피200,000150
20190902,코스피200,000880
20190902,코스피200,069960
20190902,코스피200,026960
20190902,코스피200,004800
20190902,코스피200,000080
20190902,코스피200,047040
20190902,코스피200,011790
20190902,코스피200,010620
20190902,코스피200,010060
20190902,코스피200,294870
20190902,코스피200,204320
20190902,코스피200,111770
20190902,코스피200,004370
20190902,코스피200,006260
20190902,코스피200,064350
20190902,코스피200,051600
20190902,코스피200,009240
20190902,코스피200,000240
20190902,코스피200,001740
20190902,코스피200,214320
20190902,코스피200,010120
20190902,코스피200,031430
20190902,코스피200,009420
20190902,코스피200,006280
20190902,코스피200,011210
20190902,코스피200,114090
20190902,코스피200,042670
20190902,코스피200,034020
20190902,코스피200,003240
20190902,코스피200,004000
20190902,코스피200,073240
20190902,코스피200,057050
20190902,코스피200,005440
20190902,코스피200,000670
20190902,코스피200,001800
20190902,코스피200,005300
20190902,코스피200,161890
20190902,코스피200,014820
20190902,코스피200,120110
20190902,코스피200,005850
20190902,코스피200,002350
20190902,코스피200,003000
20190902,코스피200,005250
20190902,코스피200,010780
20190902,코스피200,185750
20190902,코스피200,018250
20190902,코스피200,069260
20190902,코스피200,093370
20190902,코스피200,014680
20190902,코스피200,001680
20190902,코스피200,003520
20190902,코스피200,005610
20190902,코스피200,006650
20190902,코스피200,008060
20190902,코스피200,192400
20190902,코스피200,020000
20190902,코스피200,049770
20190902,코스피200,064960
20190902,코스피200,105630
20190902,코스피200,012630
20190902,코스피200,000990
20190902,코스피200,001120
20190902,코스피200,052690
20190902,코스피200,071840
20190902,코스피200,192820
20190902,코스피200,079550
20190902,코스피200,115390
20190902,코스피200,170900
20190902,코스피200,079160
20190902,코스피200,000070
20190902,코스피200,285130
20190902,코스피200,001060
20190902,코스피200,001230
20190902,코스피200,001430
20190902,코스피200,003850
20190902,코스피200,004490
20190902,코스피200,005180
20190902,코스피200,006390
20190902,코스피200,019680
20190902,코스피200,027410
20190902,코스피200,093050
20190902,코스피200,103140
20190902,코스피200,108670
20190902,코스피200,145990
20190902,코스피200,000640
20190902,코스피200,002240
20190902,코스피200,002270
20190902,코스피200,002960
20190902,코스피200,003620
20190902,코스피200,006120
20190902,코스피200,096760
20190902,코스피200,014830
20190902,코스피200,025540
20190902,코스피200,025860
20190902,코스피200,060980
20190902,코스피200,006840
20190902,코스피200,001520
20190902,코스피200,003920
20190902,코스피200,298040
20190902,코스피200,079430
20190902,코스피200,007570
20190902,코스닥150,091990
20190902,코스닥150,035760
20190902,코스닥150,084990
20190902,코스닥150,032500
20190902,코스닥150,263750
20190902,코스닥150,086900
20190902,코스닥150,036490
20190902,코스닥150,145020
20190902,코스닥150,028300
20190902,코스닥150,253450
20190902,코스닥150,034230
20190902,코스닥150,056190
20190902,코스닥150,078340
20190902,코스닥150,240810
20190902,코스닥150,036830
20190902,코스닥150,247540
20190902,코스닥150,068760
20190902,코스닥150,095700
20190902,코스닥150,098460
20190902,코스닥150,028150
20190902,코스닥150,025980
20190902,코스닥150,039030
20190902,코스닥150,003380
20190902,코스닥150,218410
20190902,코스닥150,178920
20190902,코스닥150,140410
20190902,코스닥150,298380
20190902,코스닥150,058470
20190902,코스닥150,215600
20190902,코스닥150,046890
20190902,코스닥150,030190
20190902,코스닥150,041960
20190902,코스닥150,200130
20190902,코스닥150,022100
20190902,코스닥150,000250
20190902,코스닥150,005290
20190902,코스닥150,278280
20190902,코스닥150,267980
20190902,코스닥150,067160
20190902,코스닥150,066970
20190902,코스닥150,041510
20190902,코스닥150,039840
20190902,코스닥150,035900
20190902,코스닥150,048260
20190902,코스닥150,091700
20190902,코스닥150,042000
20190902,코스닥150,069080
20190902,코스닥150,053800
20190902,코스닥150,086450
20190902,코스닥150,096530
20190902,코스닥150,064760
20190902,코스닥150,083790
20190902,코스닥150,033290
20190902,코스닥150,115450
20190902,코스닥150,108320
20190902,코스닥150,073070
20190902,코스닥150,029960
20190902,코스닥150,112040
20190902,코스닥150,090460
20190902,코스닥150,039200
20190902,코스닥150,141080
20190902,코스닥150,036420
20190902,코스닥150,213420
20190902,코스닥150,078160
20190902,코스닥150,031390
20190902,코스닥150,183490
20190902,코스닥150,092040
20190902,코스닥150,035600
20190902,코스닥150,272290
20190902,코스닥150,196170
20190902,코스닥150,086520
20190902,코스닥150,263050
20190902,코스닥150,082270
20190902,코스닥150,200230
20190902,코스닥150,006730
20190902,코스닥150,025900
20190902,코스닥150,243070
20190902,코스닥150,215200
20190902,코스닥150,122870
20190902,코스닥150,058820
20190902,코스닥150,023410
20190902,코스닥150,265520
20190902,코스닥150,092730
20190902,코스닥150,048530
20190902,코스닥150,038500
20190902,코스닥150,068240
20190902,코스닥150,043150
20190902,코스닥150,045390
20190902,코스닥150,067630
20190902,코스닥150,065660
20190902,코스닥150,025770
20190902,코스닥150,007390
20190902,코스닥150,182400
20190902,코스닥150,122990
20190902,코스닥150,036930
20190902,코스닥150,041830
20190902,코스닥150,044340
20190902,코스닥150,214450
20190902,코스닥150,052020
20190902,코스닥150,192440
20190902,코스닥150,051500
20190902,코스닥150,060570
20190902,코스닥150,237880
20190902,코스닥150,237690
20190902,코스닥150,084110
20190902,코스닥150,035810
20190902,코스닥150,144510
20190902,코스닥150,104830
20190902,코스닥150,049950
20190902,코스닥150,014620
20190902,코스닥150,217730
20190902,코스닥150,095610
20190902,코스닥150,030530
20190902,코스닥150,010170
20190902,코스닥150,015750
20190902,코스닥150,108230
20190902,코스닥150,060150
20190902,코스닥150,089600
20190902,코스닥150,023160
20190902,코스닥150,115960
20190902,코스닥150,080160
20190902,코스닥150,041140
20190902,코스닥150,067080
20190902,코스닥150,053030
20190902,코스닥150,038290
20190902,코스닥150,100120
20190902,코스닥150,080420
20190902,코스닥150,074600
20190902,코스닥150,019210
20190902,코스닥150,035890
20190902,코스닥150,226950
20190902,코스닥150,067390
20190902,코스닥150,063570
20190902,코스닥150,013030
20190902,코스닥150,036630
20190902,코스닥150,030520
20190902,코스닥150,045100
20190902,코스닥150,215360
20190902,코스닥150,063080
20190902,코스닥150,044490
20190902,코스닥150,087010
20190902,코스닥150,016250
20190902,코스닥150,095190
20190902,코스닥150,067290
20190902,코스닥150,007820
20190902,코스닥150,222040
20190902,코스닥150,241710
20190902,코스닥150,065620
20190902,코스닥150,217480
20190902,코스닥150,016100
20191001,코스피200,005930
20191001,코스피200,000660
20191001,코스피200,005380
20191001,코스피200,035420
20191001,코스피200,012330
20191001,코스피200,068270
20191001,코스피200,051910
20191001,코스피200,207940
20191001,코스피200,051900
20191001,코스피200,055550
20191001,코스피200,005490
20191001,코스피200,017670
20191001,코스피200,000270
20191001,코스피200,105560
20191001,코스피200,028260
20191001,코스피200,015760
20191001,코스피200,034730
20191001,코스피200,006400
20191001,코스피200,096770
20191001,코스피200,018260
20191001,코스피200,033780
20191001,코스피200,032830
20191001,코스피200,003550
20191001,코스피200,035720
20191001,코스피200,036570
20191001,코스피200,010950
20191001,코스피200,066570
20191001,코스피200,000810
20191001,코스피200,086790
20191001,코스피200,009540
20191001,코스피200,316140
20191001,코스피200,090430
20191001,코스피200,010130
20191001,코스피200,251270
20191001,코스피200,011170
20191001,코스피200,009150
20191001,코스피200,024110
20191001,코스피200,030200
20191001,코스피200,035250
20191001,코스피200,018880
20191001,코스피200,021240
20191001,코스피200,032640
20191001,코스피200,086280
20191001,코스피200,267250
20191001,코스피200,002790
20191001,코스피200,004020
20191001,코스피200,000720
20191001,코스피200,034220
20191001,코스피200,010140
20191001,코스피200,006800
20191001,코스피200,078930
20191001,코스피200,071050
20191001,코스피200,161390
20191001,코스피200,029780
20191001,코스피200,004990
20191001,코스피200,271560
20191001,코스피200,047810
20191001,코스피200,005830
20191001,코스피200,036460
20191001,코스피200,023530
20191001,코스피200,012750
20191001,코스피200,000210
20191001,코스피200,081660
20191001,코스피200,005940
20191001,코스피200,241560
20191001,코스피200,097950
20191001,코스피200,028050
20191001,코스피200,282330
20191001,코스피200,128940
20191001,코스피200,000120
20191001,코스피200,042660
20191001,코스피200,008770
20191001,코스피200,007070
20191001,코스피200,003410
20191001,코스피200,139480
20191001,코스피200,016360
20191001,코스피200,008560
20191001,코스피200,000100
20191001,코스피200,030000
20191001,코스피200,011070
20191001,코스피200,009830
20191001,코스피200,008930
20191001,코스피200,006360
20191001,코스피200,004170
20191001,코스피200,001040
20191001,코스피200,001450
20191001,코스피200,138930
20191001,코스피200,028670
20191001,코스피200,017800
20191001,코스피200,002380
20191001,코스피200,047050
20191001,코스피200,003490
20191001,코스피200,012450
20191001,코스피200,011780
20191001,코스피200,007310
20191001,코스피200,088350
20191001,코스피200,047040
20191001,코스피200,000080
20191001,코스피200,000880
20191001,코스피200,000150
20191001,코스피200,004800
20191001,코스피200,010620
20191001,코스피200,069960
20191001,코스피200,026960
20191001,코스피200,069620
20191001,코스피200,020150
20191001,코스피200,010060
20191001,코스피200,204320
20191001,코스피200,064350
20191001,코스피200,004370
20191001,코스피200,111770
20191001,코스피200,051600
20191001,코스피200,006260
20191001,코스피200,009240
20191001,코스피200,009420
20191001,코스피200,294870
20191001,코스피200,011790
20191001,코스피200,031430
20191001,코스피200,010120
20191001,코스피200,000240
20191001,코스피200,001740
20191001,코스피200,003240
20191001,코스피200,006280
20191001,코스피200,214320
20191001,코스피200,034020
20191001,코스피200,042670
20191001,코스피200,114090
20191001,코스피200,011210
20191001,코스피200,004000
20191001,코스피200,120110
20191001,코스피200,073240
20191001,코스피200,000670
20191001,코스피200,005300
20191001,코스피200,057050
20191001,코스피200,005850
20191001,코스피200,005440
20191001,코스피200,001800
20191001,코스피200,003000
20191001,코스피200,005250
20191001,코스피200,161890
20191001,코스피200,014680
20191001,코스피200,014820
20191001,코스피200,010780
20191001,코스피200,002350
20191001,코스피200,003520
20191001,코스피200,005610
20191001,코스피200,006650
20191001,코스피200,008060
20191001,코스피200,192400
20191001,코스피200,049770
20191001,코스피200,052690
20191001,코스피200,069260
20191001,코스피200,093370
20191001,코스피200,185750
20191001,코스피200,018250
20191001,코스피200,000990
20191001,코스피200,001120
20191001,코스피200,001680
20191001,코스피200,012630
20191001,코스피200,020000
20191001,코스피200,064960
20191001,코스피200,192820
20191001,코스피200,079160
20191001,코스피200,079550
20191001,코스피200,105630
20191001,코스피200,115390
20191001,코스피200,170900
20191001,코스피200,071840
20191001,코스피200,000640
20191001,코스피200,001060
20191001,코스피200,001230
20191001,코스피200,001430
20191001,코스피200,003850
20191001,코스피200,004490
20191001,코스피200,285130
20191001,코스피200,006390
20191001,코스피200,027410
20191001,코스피200,093050
20191001,코스피200,103140
20191001,코스피200,108670
20191001,코스피200,005180
20191001,코스피200,000070
20191001,코스피200,002240
20191001,코스피200,002270
20191001,코스피200,002960
20191001,코스피200,003620
20191001,코스피200,145990
20191001,코스피200,006840
20191001,코스피200,019680
20191001,코스피200,025540
20191001,코스피200,025860
20191001,코스피200,060980
20191001,코스피200,006120
20191001,코스피200,001520
20191001,코스피200,003920
20191001,코스피200,096760
20191001,코스피200,014830
20191001,코스피200,007570
20191001,코스피200,298040
20191001,코스피200,079430
20191001,코스닥150,091990
20191001,코스닥150,035760
20191001,코스닥150,032500
20191001,코스닥150,028300
20191001,코스닥150,263750
20191001,코스닥150,086900
20191001,코스닥150,145020
20191001,코스닥150,253450
20191001,코스닥150,036490
20191001,코스닥150,034230
20191001,코스닥150,056190
20191001,코스닥150,084990
20191001,코스닥150,240810
20191001,코스닥150,068760
20191001,코스닥150,036830
20191001,코스닥150,078340
20191001,코스닥150,098460
20191001,코스닥150,095700
20191001,코스닥150,140410
20191001,코스닥150,025980
20191001,코스닥150,039030
20191001,코스닥150,028150
20191001,코스닥150,247540
20191001,코스닥150,218410
20191001,코스닥150,003380
20191001,코스닥150,005290
20191001,코스닥150,058470
20191001,코스닥150,178920
20191001,코스닥150,030190
20191001,코스닥150,041960
20191001,코스닥150,041510
20191001,코스닥150,046890
20191001,코스닥150,298380
20191001,코스닥150,000250
20191001,코스닥150,200130
20191001,코스닥150,035900
20191001,코스닥150,022100
20191001,코스닥150,067160
20191001,코스닥150,215600
20191001,코스닥150,267980
20191001,코스닥150,053800
20191001,코스닥150,278280
20191001,코스닥150,091700
20191001,코스닥150,064760
20191001,코스닥150,039840
20191001,코스닥150,090460
20191001,코스닥150,069080
20191001,코스닥150,048260
20191001,코스닥150,042000
20191001,코스닥150,108320
20191001,코스닥150,086450
20191001,코스닥150,033290
20191001,코스닥150,096530
20191001,코스닥150,083790
20191001,코스닥150,039200
20191001,코스닥150,029960
20191001,코스닥150,213420
20191001,코스닥150,141080
20191001,코스닥150,066970
20191001,코스닥150,115450
20191001,코스닥150,112040
20191001,코스닥150,196170
20191001,코스닥150,036420
20191001,코스닥150,272290
20191001,코스닥150,067630
20191001,코스닥150,031390
20191001,코스닥150,078160
20191001,코스닥150,045390
20191001,코스닥150,007390
20191001,코스닥150,122870
20191001,코스닥150,092040
20191001,코스닥150,035600
20191001,코스닥150,092730
20191001,코스닥150,082270
20191001,코스닥150,086520
20191001,코스닥150,265520
20191001,코스닥150,200230
20191001,코스닥150,006730
20191001,코스닥150,122990
20191001,코스닥150,068240
20191001,코스닥150,025900
20191001,코스닥150,215200
20191001,코스닥150,183490
20191001,코스닥150,038500
20191001,코스닥150,243070
20191001,코스닥150,058820
20191001,코스닥150,043150
20191001,코스닥150,023410
20191001,코스닥150,263050
20191001,코스닥150,095610
20191001,코스닥150,044340
20191001,코스닥150,036930
20191001,코스닥150,192440
20191001,코스닥150,065660
20191001,코스닥150,048530
20191001,코스닥150,025770
20191001,코스닥150,144510
20191001,코스닥150,030530
20191001,코스닥150,182400
20191001,코스닥150,237880
20191001,코스닥150,237690
20191001,코스닥150,035810
20191001,코스닥150,041830
20191001,코스닥150,051500
20191001,코스닥150,214450
20191001,코스닥150,084110
20191001,코스닥150,104830
20191001,코스닥150,108230
20191001,코스닥150,060570
20191001,코스닥150,014620
20191001,코스닥150,074600
20191001,코스닥150,052020
20191001,코스닥150,010170
20191001,코스닥150,060150
20191001,코스닥150,015750
20191001,코스닥150,023160
20191001,코스닥150,115960
20191001,코스닥150,080160
20191001,코스닥150,049950
20191001,코스닥150,053030
20191001,코스닥150,217730
20191001,코스닥150,089600
20191001,코스닥150,080420
20191001,코스닥150,038290
20191001,코스닥150,030520
20191001,코스닥150,013030
20191001,코스닥150,100120
20191001,코스닥150,041140
20191001,코스닥150,036630
20191001,코스닥150,019210
20191001,코스닥150,067390
20191001,코스닥150,067080
20191001,코스닥150,035890
20191001,코스닥150,226950
20191001,코스닥150,063570
20191001,코스닥150,016250
20191001,코스닥150,215360
20191001,코스닥150,045100
20191001,코스닥150,063080
20191001,코스닥150,044490
20191001,코스닥150,087010
20191001,코스닥150,067290
20191001,코스닥150,007820
20191001,코스닥150,095190
20191001,코스닥150,073070
20191001,코스닥150,241710
20191001,코스닥150,222040
20191001,코스닥150,217480
20191001,코스닥150,065620
20191001,코스닥150,016100
20191101,코스피200,005930
20191101,코스피200,000660
20191101,코스피200,035420
20191101,코스피200,005380
20191101,코스피200,207940
20191101,코스피200,068270
20191101,코스피200,012330
20191101,코스피200,051910
20191101,코스피200,055550
20191101,코스피200,051900
20191101,코스피200,017670
20191101,코스피200,028260
20191101,코스피200,005490
20191101,코스피200,034730
20191101,코스피200,105560
20191101,코스피200,000270
20191101,코스피200,015760
20191101,코스피200,006400
20191101,코스피200,018260
20191101,코스피200,096770
20191101,코스피200,032830
20191101,코스피200,033780
20191101,코스피200,035720
20191101,코스피200,003550
20191101,코스피200,036570
20191101,코스피200,010950
20191101,코스피200,090430
20191101,코스피200,066570
20191101,코스피200,000810
20191101,코스피200,086790
20191101,코스피200,009150
20191101,코스피200,316140
20191101,코스피200,009540
20191101,코스피200,010130
20191101,코스피200,011170
20191101,코스피200,251270
20191101,코스피200,002790
20191101,코스피200,030200
20191101,코스피200,035250
20191101,코스피200,024110
20191101,코스피200,021240
20191101,코스피200,018880
20191101,코스피200,086280
20191101,코스피200,032640
20191101,코스피200,267250
20191101,코스피200,034220
20191101,코스피200,000720
20191101,코스피200,078930
20191101,코스피200,006800
20191101,코스피200,271560
20191101,코스피200,010140
20191101,코스피200,004020
20191101,코스피200,029780
20191101,코스피200,161390
20191101,코스피200,128940
20191101,코스피200,004990
20191101,코스피200,081660
20191101,코스피200,071050
20191101,코스피200,047810
20191101,코스피200,000120
20191101,코스피200,036460
20191101,코스피200,012750
20191101,코스피200,005830
20191101,코스피200,097950
20191101,코스피200,028050
20191101,코스피200,023530
20191101,코스피200,005940
20191101,코스피200,000210
20191101,코스피200,241560
20191101,코스피200,139480
20191101,코스피200,008770
20191101,코스피200,016360
20191101,코스피200,282330
20191101,코스피200,042660
20191101,코스피200,003410
20191101,코스피200,011070
20191101,코스피200,007070
20191101,코스피200,000100
20191101,코스피200,030000
20191101,코스피200,008930
20191101,코스피200,008560
20191101,코스피200,009830
20191101,코스피200,001040
20191101,코스피200,006360
20191101,코스피200,002380
20191101,코스피200,001450
20191101,코스피200,003490
20191101,코스피200,047050
20191101,코스피200,028670
20191101,코스피200,004170
20191101,코스피200,138930
20191101,코스피200,011780
20191101,코스피200,000080
20191101,코스피200,017800
20191101,코스피200,007310
20191101,코스피200,088350
20191101,코스피200,012450
20191101,코스피200,000880
20191101,코스피200,047040
20191101,코스피200,020150
20191101,코스피200,004800
20191101,코스피200,009420
20191101,코스피200,010620
20191101,코스피200,204320
20191101,코스피200,026960
20191101,코스피200,069620
20191101,코스피200,069960
20191101,코스피200,011790
20191101,코스피200,111770
20191101,코스피200,001740
20191101,코스피200,004370
20191101,코스피200,006260
20191101,코스피200,006280
20191101,코스피200,051600
20191101,코스피200,010060
20191101,코스피200,010120
20191101,코스피200,031430
20191101,코스피200,009240
20191101,코스피200,011210
20191101,코스피200,064350
20191101,코스피200,294870
20191101,코스피200,120110
20191101,코스피200,214320
20191101,코스피200,114090
20191101,코스피200,000150
20191101,코스피200,000240
20191101,코스피200,073240
20191101,코스피200,004000
20191101,코스피200,034020
20191101,코스피200,003240
20191101,코스피200,000670
20191101,코스피200,005300
20191101,코스피200,161890
20191101,코스피200,014680
20191101,코스피200,042670
20191101,코스피200,005440
20191101,코스피200,001800
20191101,코스피200,002350
20191101,코스피200,003000
20191101,코스피200,003520
20191101,코스피200,185750
20191101,코스피200,005850
20191101,코스피200,010780
20191101,코스피200,057050
20191101,코스피200,005250
20191101,코스피200,008060
20191101,코스피200,014820
20191101,코스피200,170900
20191101,코스피200,069260
20191101,코스피200,049770
20191101,코스피200,000990
20191101,코스피200,192820
20191101,코스피200,005610
20191101,코스피200,006650
20191101,코스피200,012630
20191101,코스피200,018250
20191101,코스피200,020000
20191101,코스피200,052690
20191101,코스피200,071840
20191101,코스피200,079160
20191101,코스피200,079550
20191101,코스피200,093370
20191101,코스피200,105630
20191101,코스피200,192400
20191101,코스피200,001680
20191101,코스피200,000070
20191101,코스피200,000640
20191101,코스피200,001060
20191101,코스피200,001120
20191101,코스피200,001230
20191101,코스피200,285130
20191101,코스피200,003850
20191101,코스피200,064960
20191101,코스피200,093050
20191101,코스피200,103140
20191101,코스피200,115390
20191101,코스피200,001430
20191101,코스피200,002240
20191101,코스피200,002270
20191101,코스피200,002960
20191101,코스피200,004490
20191101,코스피200,005180
20191101,코스피200,006120
20191101,코스피200,145990
20191101,코스피200,019680
20191101,코스피200,025540
20191101,코스피200,027410
20191101,코스피200,060980
20191101,코스피200,108670
20191101,코스피200,006390
20191101,코스피200,001520
20191101,코스피200,003620
20191101,코스피200,003920
20191101,코스피200,096760
20191101,코스피200,007570
20191101,코스피200,014830
20191101,코스피200,025860
20191101,코스피200,006840
20191101,코스피200,298040
20191101,코스피200,079430
20191101,코스닥150,091990
20191101,코스닥150,028300
20191101,코스닥150,035760
20191101,코스닥150,263750
20191101,코스닥150,032500
20191101,코스닥150,253450
20191101,코스닥150,084990
20191101,코스닥150,036490
20191101,코스닥150,086900
20191101,코스닥150,145020
20191101,코스닥150,140410
20191101,코스닥150,034230
20191101,코스닥150,240810
20191101,코스닥150,067630
20191101,코스닥150,056190
20191101,코스닥150,095700
20191101,코스닥150,036830
20191101,코스닥150,068760
20191101,코스닥150,215600
20191101,코스닥150,098460
20191101,코스닥150,078340
20191101,코스닥150,039030
20191101,코스닥150,247540
20191101,코스닥150,178920
20191101,코스닥150,025980
20191101,코스닥150,028150
20191101,코스닥150,082270
20191101,코스닥150,041960
20191101,코스닥150,298380
20191101,코스닥150,218410
20191101,코스닥150,067160
20191101,코스닥150,041510
20191101,코스닥150,005290
20191101,코스닥150,003380
20191101,코스닥150,058470
20191101,코스닥150,035900
20191101,코스닥150,200130
20191101,코스닥150,046890
20191101,코스닥150,090460
20191101,코스닥150,030190
20191101,코스닥150,000250
20191101,코스닥150,022100
20191101,코스닥150,007390
20191101,코스닥150,267980
20191101,코스닥150,278280
20191101,코스닥150,039840
20191101,코스닥150,091700
20191101,코스닥150,053800
20191101,코스닥150,086450
20191101,코스닥150,115450
20191101,코스닥150,196170
20191101,코스닥150,064760
20191101,코스닥150,083790
20191101,코스닥150,039200
20191101,코스닥150,069080
20191101,코스닥150,033290
20191101,코스닥150,048260
20191101,코스닥150,200230
20191101,코스닥150,096530
20191101,코스닥150,066970
20191101,코스닥150,042000
20191101,코스닥150,108320
20191101,코스닥150,272290
20191101,코스닥150,213420
20191101,코스닥150,031390
20191101,코스닥150,078160
20191101,코스닥150,183490
20191101,코스닥150,141080
20191101,코스닥150,122870
20191101,코스닥150,029960
20191101,코스닥150,044340
20191101,코스닥150,035600
20191101,코스닥150,263050
20191101,코스닥150,086520
20191101,코스닥150,112040
20191101,코스닥150,092040
20191101,코스닥150,006730
20191101,코스닥150,215200
20191101,코스닥150,065660
20191101,코스닥150,058820
20191101,코스닥150,243070
20191101,코스닥150,122990
20191101,코스닥150,045390
20191101,코스닥150,048530
20191101,코스닥150,095610
20191101,코스닥150,092730
20191101,코스닥150,068240
20191101,코스닥150,265520
20191101,코스닥150,025900
20191101,코스닥150,023410
20191101,코스닥150,038500
20191101,코스닥150,237690
20191101,코스닥150,144510
20191101,코스닥150,043150
20191101,코스닥150,104830
20191101,코스닥150,192440
20191101,코스닥150,030530
20191101,코스닥150,084110
20191101,코스닥150,074600
20191101,코스닥150,036930
20191101,코스닥150,025770
20191101,코스닥150,052020
20191101,코스닥150,237880
20191101,코스닥150,182400
20191101,코스닥150,214450
20191101,코스닥150,060570
20191101,코스닥150,049950
20191101,코스닥150,035810
20191101,코스닥150,010170
20191101,코스닥150,041830
20191101,코스닥150,115960
20191101,코스닥150,108230
20191101,코스닥150,051500
20191101,코스닥150,080160
20191101,코스닥150,014620
20191101,코스닥150,060150
20191101,코스닥150,053030
20191101,코스닥150,015750
20191101,코스닥150,023160
20191101,코스닥150,038290
20191101,코스닥150,089600
20191101,코스닥150,086820
20191101,코스닥150,041140
20191101,코스닥150,030520
20191101,코스닥150,080420
20191101,코스닥150,067080
20191101,코스닥150,013030
20191101,코스닥150,035890
20191101,코스닥150,100120
20191101,코스닥150,063570
20191101,코스닥150,036630
20191101,코스닥150,019210
20191101,코스닥150,226950
20191101,코스닥150,067390
20191101,코스닥150,045100
20191101,코스닥150,044490
20191101,코스닥150,087010
20191101,코스닥150,063080
20191101,코스닥150,016250
20191101,코스닥150,215360
20191101,코스닥150,067290
20191101,코스닥150,095190
20191101,코스닥150,073070
20191101,코스닥150,217730
20191101,코스닥150,007820
20191101,코스닥150,241710
20191101,코스닥150,222040
20191101,코스닥150,217480
20191101,코스닥150,016100
20191101,코스닥150,065620
20191202,코스피200,005930
20191202,코스피200,000660
20191202,코스피200,035420
20191202,코스피200,005380
20191202,코스피200,207940
20191202,코스피200,012330
20191202,코스피200,068270
20191202,코스피200,051910
20191202,코스피200,055550
20191202,코스피200,005490
20191202,코스피200,051900
20191202,코스피200,017670
20191202,코스피200,105560
20191202,코스피200,028260
20191202,코스피200,015760
20191202,코스피200,034730
20191202,코스피200,000270
20191202,코스피200,006400
20191202,코스피200,018260
20191202,코스피200,032830
20191202,코스피200,096770
20191202,코스피200,035720
20191202,코스피200,033780
20191202,코스피200,003550
20191202,코스피200,066570
20191202,코스피200,090430
20191202,코스피200,000810
20191202,코스피200,086790
20191202,코스피200,036570
20191202,코스피200,010950
20191202,코스피200,009540
20191202,코스피200,316140
20191202,코스피200,009150
20191202,코스피200,010130
20191202,코스피200,251270
20191202,코스피200,011170
20191202,코스피200,030200
20191202,코스피200,002790
20191202,코스피200,024110
20191202,코스피200,021240
20191202,코스피200,035250
20191202,코스피200,032640
20191202,코스피200,018880
20191202,코스피200,267250
20191202,코스피200,086280
20191202,코스피200,034220
20191202,코스피200,006800
20191202,코스피200,078930
20191202,코스피200,000720
20191202,코스피200,010140
20191202,코스피200,029780
20191202,코스피200,004020
20191202,코스피200,161390
20191202,코스피200,005830
20191202,코스피200,271560
20191202,코스피200,071050
20191202,코스피200,004990
20191202,코스피200,128940
20191202,코스피200,097950
20191202,코스피200,023530
20191202,코스피200,028050
20191202,코스피200,012750
20191202,코스피200,000120
20191202,코스피200,005940
20191202,코스피200,139480
20191202,코스피200,047810
20191202,코스피200,036460
20191202,코스피200,016360
20191202,코스피200,008770
20191202,코스피200,241560
20191202,코스피200,081660
20191202,코스피200,000210
20191202,코스피200,007070
20191202,코스피200,282330
20191202,코스피200,011070
20191202,코스피200,009830
20191202,코스피200,000100
20191202,코스피200,001040
20191202,코스피200,042660
20191202,코스피200,004170
20191202,코스피200,030000
20191202,코스피200,003410
20191202,코스피200,008560
20191202,코스피200,008930
20191202,코스피200,001450
20191202,코스피200,006360
20191202,코스피200,002380
20191202,코스피200,003490
20191202,코스피200,138930
20191202,코스피200,028670
20191202,코스피200,047050
20191202,코스피200,011780
20191202,코스피200,088350
20191202,코스피200,007310
20191202,코스피200,000080
20191202,코스피200,069960
20191202,코스피200,017800
20191202,코스피200,012450
20191202,코스피200,000880
20191202,코스피200,009420
20191202,코스피200,047040
20191202,코스피200,011790
20191202,코스피200,020150
20191202,코스피200,010620
20191202,코스피200,004800
20191202,코스피200,204320
20191202,코스피200,026960
20191202,코스피200,010120
20191202,코스피200,111770
20191202,코스피200,069620
20191202,코스피200,051600
20191202,코스피200,001740
20191202,코스피200,004370
20191202,코스피200,006260
20191202,코스피200,031430
20191202,코스피200,009240
20191202,코스피200,010060
20191202,코스피200,011210
20191202,코스피200,006280
20191202,코스피200,000240
20191202,코스피200,214320
20191202,코스피200,120110
20191202,코스피200,000670
20191202,코스피200,003240
20191202,코스피200,003520
20191202,코스피200,004000
20191202,코스피200,294870
20191202,코스피200,064350
20191202,코스피200,073240
20191202,코스피200,114090
20191202,코스피200,005440
20191202,코스피200,000150
20191202,코스피200,001800
20191202,코스피200,005300
20191202,코스피200,161890
20191202,코스피200,034020
20191202,코스피200,042670
20191202,코스피200,014680
20191202,코스피200,003000
20191202,코스피200,005250
20191202,코스피200,185750
20191202,코스피200,057050
20191202,코스피200,010780
20191202,코스피200,000990
20191202,코스피200,001680
20191202,코스피200,002350
20191202,코스피200,005850
20191202,코스피200,192820
20191202,코스피200,049770
20191202,코스피200,069260
20191202,코스피200,115390
20191202,코스피200,170900
20191202,코스피200,008060
20191202,코스피200,003850
20191202,코스피200,285130
20191202,코스피200,006650
20191202,코스피200,012630
20191202,코스피200,014820
20191202,코스피200,018250
20191202,코스피200,020000
20191202,코스피200,052690
20191202,코스피200,071840
20191202,코스피200,079160
20191202,코스피200,079550
20191202,코스피200,093370
20191202,코스피200,105630
20191202,코스피200,192400
20191202,코스피200,005610
20191202,코스피200,000070
20191202,코스피200,000640
20191202,코스피200,001060
20191202,코스피200,103140
20191202,코스피200,001230
20191202,코스피200,001430
20191202,코스피200,064960
20191202,코스피200,001120
20191202,코스피200,002240
20191202,코스피200,002270
20191202,코스피200,002960
20191202,코스피200,004490
20191202,코스피200,005180
20191202,코스피200,006120
20191202,코스피200,145990
20191202,코스피200,019680
20191202,코스피200,027410
20191202,코스피200,060980
20191202,코스피200,093050
20191202,코스피200,096760
20191202,코스피200,108670
20191202,코스피200,006390
20191202,코스피200,001520
20191202,코스피200,003620
20191202,코스피200,003920
20191202,코스피200,025860
20191202,코스피200,007570
20191202,코스피200,014830
20191202,코스피200,025540
20191202,코스피200,006840
20191202,코스피200,298040
20191202,코스피200,079430
20191202,코스닥150,091990
20191202,코스닥150,028300
20191202,코스닥150,035760
20191202,코스닥150,263750
20191202,코스닥150,253450
20191202,코스닥150,084990
20191202,코스닥150,145020
20191202,코스닥150,032500
20191202,코스닥150,036490
20191202,코스닥150,086900
20191202,코스닥150,034230
20191202,코스닥150,056190
20191202,코스닥150,240810
20191202,코스닥150,098460
20191202,코스닥150,078340
20191202,코스닥150,140410
20191202,코스닥150,068760
20191202,코스닥150,095700
20191202,코스닥150,036830
20191202,코스닥150,067630
20191202,코스닥150,039030
20191202,코스닥150,247540
20191202,코스닥150,215600
20191202,코스닥150,082270
20191202,코스닥150,028150
20191202,코스닥150,178920
20191202,코스닥150,196170
20191202,코스닥150,058470
20191202,코스닥150,041510
20191202,코스닥150,025980
20191202,코스닥150,298380
20191202,코스닥150,041960
20191202,코스닥150,030190
20191202,코스닥150,035900
20191202,코스닥150,046890
20191202,코스닥150,200130
20191202,코스닥150,067160
20191202,코스닥150,218410
20191202,코스닥150,022100
20191202,코스닥150,005290
20191202,코스닥150,096530
20191202,코스닥150,003380
20191202,코스닥150,115450
20191202,코스닥150,000250
20191202,코스닥150,086450
20191202,코스닥150,090460
20191202,코스닥150,039200
20191202,코스닥150,007390
20191202,코스닥150,267980
20191202,코스닥150,091700
20191202,코스닥150,039840
20191202,코스닥150,053800
20191202,코스닥150,200230
20191202,코스닥150,064760
20191202,코스닥150,108320
20191202,코스닥150,048260
20191202,코스닥150,141080
20191202,코스닥150,069080
20191202,코스닥150,058820
20191202,코스닥150,278280
20191202,코스닥150,083790
20191202,코스닥150,078160
20191202,코스닥150,031390
20191202,코스닥150,112040
20191202,코스닥150,029960
20191202,코스닥150,213420
20191202,코스닥150,066970
20191202,코스닥150,237690
20191202,코스닥150,006730
20191202,코스닥150,243070
20191202,코스닥150,033290
20191202,코스닥150,092040
20191202,코스닥150,035600
20191202,코스닥150,272290
20191202,코스닥150,183490
20191202,코스닥150,042000
20191202,코스닥150,122870
20191202,코스닥150,215200
20191202,코스닥150,086520
20191202,코스닥150,044340
20191202,코스닥150,263050
20191202,코스닥150,048530
20191202,코스닥150,068240
20191202,코스닥150,265520
20191202,코스닥150,095610
20191202,코스닥150,122990
20191202,코스닥150,043150
20191202,코스닥150,038500
20191202,코스닥150,092730
20191202,코스닥150,065660
20191202,코스닥150,023410
20191202,코스닥150,084110
20191202,코스닥150,052020
20191202,코스닥150,025900
20191202,코스닥150,144510
20191202,코스닥150,108230
20191202,코스닥150,045390
20191202,코스닥150,182400
20191202,코스닥150,074600
20191202,코스닥150,036930
20191202,코스닥150,060150
20191202,코스닥150,237880
20191202,코스닥150,214450
20191202,코스닥150,080160
20191202,코스닥150,030530
20191202,코스닥150,104830
20191202,코스닥150,041830
20191202,코스닥150,051500
20191202,코스닥150,192440
20191202,코스닥150,060570
20191202,코스닥150,015750
20191202,코스닥150,100120
20191202,코스닥150,035810
20191202,코스닥150,025770
20191202,코스닥150,014620
20191202,코스닥150,115960
20191202,코스닥150,089600
20191202,코스닥150,049950
20191202,코스닥150,023160
20191202,코스닥150,030520
20191202,코스닥150,038290
20191202,코스닥150,086820
20191202,코스닥150,080420
20191202,코스닥150,053030
20191202,코스닥150,010170
20191202,코스닥150,226950
20191202,코스닥150,041140
20191202,코스닥150,013030
20191202,코스닥150,019210
20191202,코스닥150,035890
20191202,코스닥150,067390
20191202,코스닥150,063570
20191202,코스닥150,036630
20191202,코스닥150,087010
20191202,코스닥150,067080
20191202,코스닥150,063080
20191202,코스닥150,007820
20191202,코스닥150,045100
20191202,코스닥150,016250
20191202,코스닥150,067290
20191202,코스닥150,044490
20191202,코스닥150,217730
20191202,코스닥150,215360
20191202,코스닥150,073070
20191202,코스닥150,095190
20191202,코스닥150,241710
20191202,코스닥150,222040
20191202,코스닥150,217480
20191202,코스닥150,016100
20191202,코스닥150,065620
20200102,코스피200,005930
20200102,코스피200,000660
20200102,코스피200,035420
20200102,코스피200,207940
20200102,코스피200,005380
20200102,코스피200,012330
20200102,코스피200,068270
20200102,코스피200,051910
20200102,코스피200,005490
20200102,코스피200,028260
20200102,코스피200,055550
20200102,코스피200,051900
20200102,코스피200,105560
20200102,코스피200,017670
20200102,코스피200,015760
20200102,코스피200,034730
20200102,코스피200,000270
20200102,코스피200,006400
20200102,코스피200,018260
20200102,코스피200,032830
20200102,코스피200,096770
20200102,코스피200,035720
20200102,코스피200,033780
20200102,코스피200,003550
20200102,코스피200,090430
20200102,코스피200,036570
20200102,코스피200,066570
20200102,코스피200,000810
20200102,코스피200,086790
20200102,코스피200,010950
20200102,코스피200,009150
20200102,코스피200,009540
20200102,코스피200,316140
20200102,코스피200,010130
20200102,코스피200,251270
20200102,코스피200,011170
20200102,코스피200,030200
20200102,코스피200,002790
20200102,코스피200,024110
20200102,코스피200,021240
20200102,코스피200,035250
20200102,코스피200,032640
20200102,코스피200,034220
20200102,코스피200,018880
20200102,코스피200,267250
20200102,코스피200,086280
20200102,코스피200,006800
20200102,코스피200,078930
20200102,코스피200,010140
20200102,코스피200,000720
20200102,코스피200,029780
20200102,코스피200,271560
20200102,코스피200,004020
20200102,코스피200,161390
20200102,코스피200,071050
20200102,코스피200,004990
20200102,코스피200,028050
20200102,코스피200,023530
20200102,코스피200,097950
20200102,코스피200,008770
20200102,코스피200,000120
20200102,코스피200,005830
20200102,코스피200,139480
20200102,코스피200,012750
20200102,코스피200,005940
20200102,코스피200,016360
20200102,코스피200,241560
20200102,코스피200,128940
20200102,코스피200,036460
20200102,코스피200,047810
20200102,코스피200,011070
20200102,코스피200,081660
20200102,코스피200,000210
20200102,코스피200,009830
20200102,코스피200,007070
20200102,코스피200,000100
20200102,코스피200,282330
20200102,코스피200,042660
20200102,코스피200,004170
20200102,코스피200,003410
20200102,코스피200,001040
20200102,코스피200,030000
20200102,코스피200,003490
20200102,코스피200,008930
20200102,코스피200,002380
20200102,코스피200,006360
20200102,코스피200,138930
20200102,코스피200,028670
20200102,코스피200,001450
20200102,코스피200,047050
20200102,코스피200,011780
20200102,코스피200,008560
20200102,코스피200,000080
20200102,코스피200,007310
20200102,코스피200,088350
20200102,코스피200,069960
20200102,코스피200,020150
20200102,코스피200,009420
20200102,코스피200,047040
20200102,코스피200,017800
20200102,코스피200,011790
20200102,코스피200,000880
20200102,코스피200,051600
20200102,코스피200,012450
20200102,코스피200,010620
20200102,코스피200,004800
20200102,코스피200,010120
20200102,코스피200,204320
20200102,코스피200,069620
20200102,코스피200,026960
20200102,코스피200,001740
20200102,코스피200,006260
20200102,코스피200,006280
20200102,코스피200,111770
20200102,코스피200,010060
20200102,코스피200,031430
20200102,코스피200,009240
20200102,코스피200,004370
20200102,코스피200,214320
20200102,코스피200,120110
20200102,코스피200,011210
20200102,코스피200,000240
20200102,코스피200,114090
20200102,코스피200,064350
20200102,코스피200,000990
20200102,코스피200,000150
20200102,코스피200,000670
20200102,코스피200,001800
20200102,코스피200,003240
20200102,코스피200,003520
20200102,코스피200,004000
20200102,코스피200,294870
20200102,코스피200,005440
20200102,코스피200,014680
20200102,코스피200,034020
20200102,코스피200,042670
20200102,코스피200,073240
20200102,코스피200,161890
20200102,코스피200,005300
20200102,코스피200,005250
20200102,코스피200,010780
20200102,코스피200,185750
20200102,코스피200,170900
20200102,코스피200,057050
20200102,코스피200,002350
20200102,코스피200,003000
20200102,코스피200,192820
20200102,코스피200,049770
20200102,코스피200,069260
20200102,코스피200,005850
20200102,코스피200,001680
20200102,코스피200,285130
20200102,코스피200,005610
20200102,코스피200,006650
20200102,코스피200,008060
20200102,코스피200,014820
20200102,코스피200,018250
20200102,코스피200,020000
20200102,코스피200,052690
20200102,코스피200,071840
20200102,코스피200,079160
20200102,코스피200,079550
20200102,코스피200,093370
20200102,코스피200,105630
20200102,코스피200,115390
20200102,코스피200,192400
20200102,코스피200,003850
20200102,코스피200,000070
20200102,코스피200,000640
20200102,코스피200,001060
20200102,코스피200,103140
20200102,코스피200,012630
20200102,코스피200,064960
20200102,코스피200,001120
20200102,코스피200,001230
20200102,코스피200,001430
20200102,코스피200,002270
20200102,코스피200,004490
20200102,코스피200,005180
20200102,코스피200,006120
20200102,코스피200,145990
20200102,코스피200,006840
20200102,코스피200,019680
20200102,코스피200,027410
20200102,코스피200,060980
20200102,코스피200,093050
20200102,코스피200,108670
20200102,코스피200,006390
20200102,코스피200,001520
20200102,코스피200,002240
20200102,코스피200,002960
20200102,코스피200,096760
20200102,코스피200,014830
20200102,코스피200,025540
20200102,코스피200,025860
20200102,코스피200,007570
20200102,코스피200,003620
20200102,코스피200,298040
20200102,코스피200,079430
20200102,코스피200,003920
20200102,코스닥150,091990
20200102,코스닥150,028300
20200102,코스닥150,035760
20200102,코스닥150,263750
20200102,코스닥150,253450
20200102,코스닥150,032500
20200102,코스닥150,084990
20200102,코스닥150,036490
20200102,코스닥150,034230
20200102,코스닥150,240810
20200102,코스닥150,086900
20200102,코스닥150,140410
20200102,코스닥150,145020
20200102,코스닥150,056190
20200102,코스닥150,082270
20200102,코스닥150,095700
20200102,코스닥150,036830
20200102,코스닥150,098460
20200102,코스닥150,068760
20200102,코스닥150,078340
20200102,코스닥150,067630
20200102,코스닥150,039030
20200102,코스닥150,298380
20200102,코스닥150,247540
20200102,코스닥150,178920
20200102,코스닥150,215600
20200102,코스닥150,041960
20200102,코스닥150,196170
20200102,코스닥150,028150
20200102,코스닥150,058470
20200102,코스닥150,046890
20200102,코스닥150,218410
20200102,코스닥150,025980
20200102,코스닥150,041510
20200102,코스닥150,214150
20200102,코스닥150,035900
20200102,코스닥150,005290
20200102,코스닥150,030190
20200102,코스닥150,000250
20200102,코스닥150,053800
20200102,코스닥150,096530
20200102,코스닥150,200130
20200102,코스닥150,022100
20200102,코스닥150,003380
20200102,코스닥150,115450
20200102,코스닥150,086450
20200102,코스닥150,078130
20200102,코스닥150,067160
20200102,코스닥150,064760
20200102,코스닥150,091700
20200102,코스닥150,090460
20200102,코스닥150,039200
20200102,코스닥150,267980
20200102,코스닥150,097520
20200102,코스닥150,039840
20200102,코스닥150,278280
20200102,코스닥150,108320
20200102,코스닥150,213420
20200102,코스닥150,058820
20200102,코스닥150,036540
20200102,코스닥150,083790
20200102,코스닥150,048260
20200102,코스닥150,183490
20200102,코스닥150,033640
20200102,코스닥150,031390
20200102,코스닥150,069080
20200102,코스닥150,078160
20200102,코스닥150,237690
20200102,코스닥150,178320
20200102,코스닥150,141080
20200102,코스닥150,066970
20200102,코스닥150,033290
20200102,코스닥150,230360
20200102,코스닥150,060250
20200102,코스닥150,086520
20200102,코스닥150,265520
20200102,코스닥150,122870
20200102,코스닥150,263050
20200102,코스닥150,112040
20200102,코스닥150,029960
20200102,코스닥150,042000
20200102,코스닥150,048410
20200102,코스닥150,272290
20200102,코스닥150,095610
20200102,코스닥150,228760
20200102,코스닥150,243070
20200102,코스닥150,092040
20200102,코스닥150,215200
20200102,코스닥150,006730
20200102,코스닥150,044340
20200102,코스닥150,035600
20200102,코스닥150,048530
20200102,코스닥150,030530
20200102,코스닥150,043150
20200102,코스닥150,215000
20200102,코스닥150,122990
20200102,코스닥150,068240
20200102,코스닥150,200230
20200102,코스닥150,138080
20200102,코스닥150,007390
20200102,코스닥150,144510
20200102,코스닥150,038500
20200102,코스닥150,036930
20200102,코스닥150,023410
20200102,코스닥150,237880
20200102,코스닥150,108230
20200102,코스닥150,092730
20200102,코스닥150,045390
20200102,코스닥150,104830
20200102,코스닥150,084110
20200102,코스닥150,047310
20200102,코스닥150,143240
20200102,코스닥150,065660
20200102,코스닥150,061970
20200102,코스닥150,025900
20200102,코스닥150,214450
20200102,코스닥150,182400
20200102,코스닥150,080160
20200102,코스닥150,060570
20200102,코스닥150,051500
20200102,코스닥150,041830
20200102,코스닥150,192440
20200102,코스닥150,060150
20200102,코스닥150,052020
20200102,코스닥150,115960
20200102,코스닥150,015750
20200102,코스닥150,014620
20200102,코스닥150,089600
20200102,코스닥150,049950
20200102,코스닥150,035810
20200102,코스닥150,239610
20200102,코스닥150,063570
20200102,코스닥150,023160
20200102,코스닥150,013030
20200102,코스닥150,243840
20200102,코스닥150,041140
20200102,코스닥150,019210
20200102,코스닥150,036630
20200102,코스닥150,035890
20200102,코스닥150,007820
20200102,코스닥150,067390
20200102,코스닥150,045100
20200102,코스닥150,016250
20200102,코스닥150,215360
20200102,코스닥150,217730
20200102,코스닥150,044490
20200102,코스닥150,095190
20200102,코스닥150,073070
20200102,코스닥150,222040
20200102,코스닥150,065620
20200203,코스피200,005930
20200203,코스피200,000660
20200203,코스피200,207940
20200203,코스피200,035420
20200203,코스피200,005380
20200203,코스피200,051910
20200203,코스피200,012330
20200203,코스피200,068270
20200203,코스피200,028260
20200203,코스피200,051900
20200203,코스피200,006400
20200203,코스피200,005490
20200203,코스피200,055550
20200203,코스피200,017670
20200203,코스피200,105560
20200203,코스피200,034730
20200203,코스피200,000270
20200203,코스피200,015760
20200203,코스피200,018260
20200203,코스피200,036570
20200203,코스피200,035720
20200203,코스피200,032830
20200203,코스피200,033780
20200203,코스피200,003550
20200203,코스피200,096770
20200203,코스피200,090430
20200203,코스피200,066570
20200203,코스피200,000810
20200203,코스피200,086790
20200203,코스피200,009150
20200203,코스피200,010950
20200203,코스피200,009540
20200203,코스피200,251270
20200203,코스피200,316140
20200203,코스피200,010130
20200203,코스피200,011170
20200203,코스피200,030200
20200203,코스피200,021240
20200203,코스피200,024110
20200203,코스피200,002790
20200203,코스피200,035250
20200203,코스피200,032640
20200203,코스피200,018880
20200203,코스피200,086280
20200203,코스피200,034220
20200203,코스피200,006800
20200203,코스피200,267250
20200203,코스피200,029780
20200203,코스피200,000720
20200203,코스피200,271560
20200203,코스피200,078930
20200203,코스피200,010140
20200203,코스피200,071050
20200203,코스피200,004020
20200203,코스피200,004990
20200203,코스피200,008770
20200203,코스피200,161390
20200203,코스피200,097950
20200203,코스피200,011070
20200203,코스피200,012750
20200203,코스피200,128940
20200203,코스피200,000120
20200203,코스피200,028050
20200203,코스피200,023530
20200203,코스피200,005940
20200203,코스피200,241560
20200203,코스피200,016360
20200203,코스피200,007070
20200203,코스피200,000100
20200203,코스피200,005830
20200203,코스피200,139480
20200203,코스피200,047810
20200203,코스피200,036460
20200203,코스피200,282330
20200203,코스피200,000210
20200203,코스피200,081660
20200203,코스피200,009830
20200203,코스피200,004170
20200203,코스피200,042660
20200203,코스피200,030000
20200203,코스피200,003410
20200203,코스피200,001040
20200203,코스피200,020150
20200203,코스피200,003490
20200203,코스피200,006360
20200203,코스피200,138930
20200203,코스피200,008560
20200203,코스피200,000080
20200203,코스피200,047050
20200203,코스피200,028670
20200203,코스피200,008930
20200203,코스피200,001450
20200203,코스피200,011790
20200203,코스피200,011780
20200203,코스피200,007310
20200203,코스피200,069960
20200203,코스피200,047040
20200203,코스피200,002380
20200203,코스피200,009240
20200203,코스피200,088350
20200203,코스피200,051600
20200203,코스피200,012450
20200203,코스피200,000880
20200203,코스피200,010120
20200203,코스피200,204320
20200203,코스피200,017800
20200203,코스피200,026960
20200203,코스피200,010620
20200203,코스피200,004800
20200203,코스피200,214320
20200203,코스피200,031430
20200203,코스피200,004370
20200203,코스피200,006280
20200203,코스피200,111770
20200203,코스피200,010060
20200203,코스피200,069620
20200203,코스피200,009420
20200203,코스피200,000240
20200203,코스피200,000990
20200203,코스피200,064350
20200203,코스피200,006260
20200203,코스피200,014680
20200203,코스피200,001740
20200203,코스피200,000670
20200203,코스피200,011210
20200203,코스피200,120110
20200203,코스피200,073240
20200203,코스피200,114090
20200203,코스피200,034020
20200203,코스피200,000150
20200203,코스피200,001800
20200203,코스피200,003240
20200203,코스피200,003520
20200203,코스피200,004000
20200203,코스피200,185750
20200203,코스피200,005300
20200203,코스피200,005440
20200203,코스피200,042670
20200203,코스피200,161890
20200203,코스피200,005250
20200203,코스피200,003000
20200203,코스피200,010780
20200203,코스피200,049770
20200203,코스피200,294870
20200203,코스피200,069260
20200203,코스피200,093370
20200203,코스피200,057050
20200203,코스피200,001680
20200203,코스피200,002350
20200203,코스피200,005850
20200203,코스피200,008060
20200203,코스피200,018250
20200203,코스피200,285130
20200203,코스피200,115390
20200203,코스피200,170900
20200203,코스피200,192400
20200203,코스피200,192820
20200203,코스피200,052690
20200203,코스피200,000640
20200203,코스피200,001060
20200203,코스피200,003850
20200203,코스피200,005610
20200203,코스피200,006650
20200203,코스피200,012630
20200203,코스피200,105630
20200203,코스피200,020000
20200203,코스피200,064960
20200203,코스피200,071840
20200203,코스피200,079160
20200203,코스피200,079550
20200203,코스피200,103140
20200203,코스피200,014820
20200203,코스피200,000070
20200203,코스피200,001120
20200203,코스피200,001230
20200203,코스피200,001430
20200203,코스피200,004490
20200203,코스피200,060980
20200203,코스피200,006120
20200203,코스피200,006390
20200203,코스피200,007570
20200203,코스피200,019680
20200203,코스피200,027410
20200203,코스피200,005180
20200203,코스피200,002240
20200203,코스피200,002270
20200203,코스피200,002960
20200203,코스피200,006840
20200203,코스피200,014830
20200203,코스피200,145990
20200203,코스피200,025860
20200203,코스피200,093050
20200203,코스피200,096760
20200203,코스피200,108670
20200203,코스피200,025540
20200203,코스피200,001520
20200203,코스피200,003620
20200203,코스피200,298040
20200203,코스피200,079430
20200203,코스피200,003920
20200203,코스닥150,091990
20200203,코스닥150,028300
20200203,코스닥150,035760
20200203,코스닥150,263750
20200203,코스닥150,253450
20200203,코스닥150,032500
20200203,코스닥150,086900
20200203,코스닥150,145020
20200203,코스닥150,084990
20200203,코스닥150,240810
20200203,코스닥150,036830
20200203,코스닥150,036490
20200203,코스닥150,034230
20200203,코스닥150,056190
20200203,코스닥150,140410
20200203,코스닥150,068760
20200203,코스닥150,039030
20200203,코스닥150,078340
20200203,코스닥150,082270
20200203,코스닥150,247540
20200203,코스닥150,098460
20200203,코스닥150,058470
20200203,코스닥150,095700
20200203,코스닥150,178920
20200203,코스닥150,067630
20200203,코스닥150,030190
20200203,코스닥150,215600
20200203,코스닥150,005290
20200203,코스닥150,196170
20200203,코스닥150,035900
20200203,코스닥150,028150
20200203,코스닥150,214150
20200203,코스닥150,036540
20200203,코스닥150,046890
20200203,코스닥150,298380
20200203,코스닥150,041960
20200203,코스닥150,096530
20200203,코스닥150,086450
20200203,코스닥150,200130
20200203,코스닥150,041510
20200203,코스닥150,025980
20200203,코스닥150,022100
20200203,코스닥150,003380
20200203,코스닥150,278280
20200203,코스닥150,267980
20200203,코스닥150,064760
20200203,코스닥150,218410
20200203,코스닥150,213420
20200203,코스닥150,090460
20200203,코스닥150,053800
20200203,코스닥150,067160
20200203,코스닥150,115450
20200203,코스닥150,078130
20200203,코스닥150,097520
20200203,코스닥150,000250
20200203,코스닥150,230360
20200203,코스닥150,122870
20200203,코스닥150,108320
20200203,코스닥150,091700
20200203,코스닥150,066970
20200203,코스닥150,048260
20200203,코스닥150,039840
20200203,코스닥150,039200
20200203,코스닥150,060250
20200203,코스닥150,033640
20200203,코스닥150,112040
20200203,코스닥150,058820
20200203,코스닥150,215200
20200203,코스닥150,069080
20200203,코스닥150,083790
20200203,코스닥150,237690
20200203,코스닥150,178320
20200203,코스닥150,035600
20200203,코스닥150,086520
20200203,코스닥150,078160
20200203,코스닥150,042000
20200203,코스닥150,095610
20200203,코스닥150,033290
20200203,코스닥150,183490
20200203,코스닥150,138080
20200203,코스닥150,029960
20200203,코스닥150,031390
20200203,코스닥150,141080
20200203,코스닥150,068240
20200203,코스닥150,043150
20200203,코스닥150,044340
20200203,코스닥150,272290
20200203,코스닥150,092040
20200203,코스닥150,048410
20200203,코스닥150,265520
20200203,코스닥150,243070
20200203,코스닥150,228760
20200203,코스닥150,200230
20200203,코스닥150,237880
20200203,코스닥150,030530
20200203,코스닥150,006730
20200203,코스닥150,263050
20200203,코스닥150,108230
20200203,코스닥150,122990
20200203,코스닥150,007390
20200203,코스닥150,215000
20200203,코스닥150,214450
20200203,코스닥150,061970
20200203,코스닥150,025900
20200203,코스닥150,048530
20200203,코스닥150,038500
20200203,코스닥150,036930
20200203,코스닥150,045390
20200203,코스닥150,143240
20200203,코스닥150,092730
20200203,코스닥150,104830
20200203,코스닥150,089600
20200203,코스닥150,023410
20200203,코스닥150,060570
20200203,코스닥150,192440
20200203,코스닥150,144510
20200203,코스닥150,084110
20200203,코스닥150,047310
20200203,코스닥150,182400
20200203,코스닥150,051500
20200203,코스닥150,041830
20200203,코스닥150,080160
20200203,코스닥150,065660
20200203,코스닥150,060150
20200203,코스닥150,243840
20200203,코스닥150,015750
20200203,코스닥150,023160
20200203,코스닥150,052020
20200203,코스닥150,035810
20200203,코스닥150,014620
20200203,코스닥150,115960
20200203,코스닥150,063570
20200203,코스닥150,239610
20200203,코스닥150,049950
20200203,코스닥150,041140
20200203,코스닥150,013030
20200203,코스닥150,215360
20200203,코스닥150,045100
20200203,코스닥150,035890
20200203,코스닥150,019210
20200203,코스닥150,036630
20200203,코스닥150,067390
20200203,코스닥150,065620
20200203,코스닥150,007820
20200203,코스닥150,016250
20200203,코스닥150,073070
20200203,코스닥150,095190
20200203,코스닥150,044490
20200203,코스닥150,222040
20200203,코스닥150,217730
20200302,코스피200,005930
20200302,코스피200,000660
20200302,코스피200,207940
20200302,코스피200,035420
20200302,코스피200,051910
20200302,코스피200,005380
20200302,코스피200,068270
20200302,코스피200,006400
20200302,코스피200,028260
20200302,코스피200,012330
20200302,코스피200,051900
20200302,코스피200,017670
20200302,코스피200,005490
20200302,코스피200,105560
20200302,코스피200,055550
20200302,코스피200,035720
20200302,코스피200,036570
20200302,코스피200,000270
20200302,코스피200,034730
20200302,코스피200,015760
20200302,코스피200,018260
20200302,코스피200,033780
20200302,코스피200,003550
20200302,코스피200,032830
20200302,코스피200,096770
20200302,코스피200,009150
20200302,코스피200,090430
20200302,코스피200,066570
20200302,코스피200,000810
20200302,코스피200,086790
20200302,코스피200,010130
20200302,코스피200,251270
20200302,코스피200,010950
20200302,코스피200,009540
20200302,코스피200,316140
20200302,코스피200,011170
20200302,코스피200,030200
20200302,코스피200,018880
20200302,코스피200,032640
20200302,코스피200,024110
20200302,코스피200,002790
20200302,코스피200,021240
20200302,코스피200,035250
20200302,코스피200,034220
20200302,코스피200,086280
20200302,코스피200,267250
20200302,코스피200,006800
20200302,코스피200,000720
20200302,코스피200,078930
20200302,코스피200,029780
20200302,코스피200,010140
20200302,코스피200,271560
20200302,코스피200,097950
20200302,코스피200,071050
20200302,코스피200,011070
20200302,코스피200,004020
20200302,코스피200,008770
20200302,코스피200,161390
20200302,코스피200,128940
20200302,코스피200,012750
20200302,코스피200,000100
20200302,코스피200,139480
20200302,코스피200,004990
20200302,코스피200,000120
20200302,코스피200,005830
20200302,코스피200,016360
20200302,코스피200,009830
20200302,코스피200,005940
20200302,코스피200,241560
20200302,코스피200,028050
20200302,코스피200,023530
20200302,코스피200,007070
20200302,코스피200,282330
20200302,코스피200,000210
20200302,코스피200,003410
20200302,코스피200,047810
20200302,코스피200,036460
20200302,코스피200,004170
20200302,코스피200,001040
20200302,코스피200,081660
20200302,코스피200,042660
20200302,코스피200,030000
20200302,코스피200,020150
20200302,코스피200,003490
20200302,코스피200,008560
20200302,코스피200,006360
20200302,코스피200,008930
20200302,코스피200,138930
20200302,코스피200,028670
20200302,코스피200,011790
20200302,코스피200,000080
20200302,코스피200,047050
20200302,코스피200,011780
20200302,코스피200,001450
20200302,코스피200,007310
20200302,코스피200,004370
20200302,코스피200,069960
20200302,코스피200,047040
20200302,코스피200,000880
20200302,코스피200,002380
20200302,코스피200,009240
20200302,코스피200,051600
20200302,코스피200,017800
20200302,코스피200,026960
20200302,코스피200,010620
20200302,코스피200,004800
20200302,코스피200,006280
20200302,코스피200,204320
20200302,코스피200,088350
20200302,코스피200,111770
20200302,코스피200,012450
20200302,코스피200,009420
20200302,코스피200,010120
20200302,코스피200,214320
20200302,코스피200,069620
20200302,코스피200,031430
20200302,코스피200,000240
20200302,코스피200,000990
20200302,코스피200,064350
20200302,코스피200,010060
20200302,코스피200,034020
20200302,코스피200,006260
20200302,코스피200,000670
20200302,코스피200,001740
20200302,코스피200,114090
20200302,코스피200,014680
20200302,코스피200,073240
20200302,코스피200,011210
20200302,코스피200,000150
20200302,코스피200,001800
20200302,코스피200,003240
20200302,코스피200,003520
20200302,코스피200,185750
20200302,코스피200,042670
20200302,코스피200,057050
20200302,코스피200,120110
20200302,코스피200,161890
20200302,코스피200,005300
20200302,코스피200,003000
20200302,코스피200,004000
20200302,코스피200,005250
20200302,코스피200,192820
20200302,코스피200,010780
20200302,코스피200,049770
20200302,코스피200,170900
20200302,코스피200,005440
20200302,코스피200,001680
20200302,코스피200,005850
20200302,코스피200,008060
20200302,코스피200,018250
20200302,코스피200,052690
20200302,코스피200,294870
20200302,코스피200,093370
20200302,코스피200,115390
20200302,코스피200,192400
20200302,코스피200,285130
20200302,코스피200,069260
20200302,코스피200,002350
20200302,코스피200,003850
20200302,코스피200,005180
20200302,코스피200,005610
20200302,코스피200,006650
20200302,코스피200,105630
20200302,코스피200,014820
20200302,코스피200,020000
20200302,코스피200,064960
20200302,코스피200,079550
20200302,코스피200,103140
20200302,코스피200,012630
20200302,코스피200,000070
20200302,코스피200,000640
20200302,코스피200,001060
20200302,코스피200,001120
20200302,코스피200,001230
20200302,코스피200,004490
20200302,코스피200,108670
20200302,코스피200,006390
20200302,코스피200,019680
20200302,코스피200,027410
20200302,코스피200,071840
20200302,코스피200,079160
20200302,코스피200,006120
20200302,코스피200,001430
20200302,코스피200,001520
20200302,코스피200,002240
20200302,코스피200,002270
20200302,코스피200,002960
20200302,코스피200,006840
20200302,코스피200,145990
20200302,코스피200,014830
20200302,코스피200,025540
20200302,코스피200,025860
20200302,코스피200,060980
20200302,코스피200,093050
20200302,코스피200,096760
20200302,코스피200,007570
20200302,코스피200,003620
20200302,코스피200,298040
20200302,코스피200,079430
20200302,코스피200,003920
20200302,코스닥150,091990
20200302,코스닥150,028300
20200302,코스닥150,035760
20200302,코스닥150,263750
20200302,코스닥150,253450
20200302,코스닥150,032500
20200302,코스닥150,247540
20200302,코스닥150,145020
20200302,코스닥150,240810
20200302,코스닥150,036830
20200302,코스닥150,036490
20200302,코스닥150,034230
20200302,코스닥150,086900
20200302,코스닥150,095700
20200302,코스닥150,056190
20200302,코스닥150,068760
20200302,코스닥150,084990
20200302,코스닥150,041960
20200302,코스닥150,098460
20200302,코스닥150,078340
20200302,코스닥150,058470
20200302,코스닥150,140410
20200302,코스닥150,196170
20200302,코스닥150,039030
20200302,코스닥150,082270
20200302,코스닥150,067630
20200302,코스닥150,096530
20200302,코스닥150,178920
20200302,코스닥150,030190
20200302,코스닥150,046890
20200302,코스닥150,000250
20200302,코스닥150,036540
20200302,코스닥150,200130
20200302,코스닥150,298380
20200302,코스닥150,213420
20200302,코스닥150,028150
20200302,코스닥150,215600
20200302,코스닥150,035900
20200302,코스닥150,064760
20200302,코스닥150,005290
20200302,코스닥150,086450
20200302,코스닥150,214150
20200302,코스닥150,033640
20200302,코스닥150,218410
20200302,코스닥150,278280
20200302,코스닥150,060250
20200302,코스닥150,041510
20200302,코스닥150,022100
20200302,코스닥150,067160
20200302,코스닥150,003380
20200302,코스닥150,039200
20200302,코스닥150,115450
20200302,코스닥150,078130
20200302,코스닥150,267980
20200302,코스닥150,053800
20200302,코스닥150,097520
20200302,코스닥150,090460
20200302,코스닥150,025980
20200302,코스닥150,237690
20200302,코스닥150,066970
20200302,코스닥150,122870
20200302,코스닥150,035600
20200302,코스닥150,108320
20200302,코스닥150,069080
20200302,코스닥150,215200
20200302,코스닥150,086520
20200302,코스닥150,112040
20200302,코스닥150,091700
20200302,코스닥150,058820
20200302,코스닥150,039840
20200302,코스닥150,141080
20200302,코스닥150,048260
20200302,코스닥150,007390
20200302,코스닥150,183490
20200302,코스닥150,178320
20200302,코스닥150,095610
20200302,코스닥150,078160
20200302,코스닥150,029960
20200302,코스닥150,083790
20200302,코스닥150,068240
20200302,코스닥150,031390
20200302,코스닥150,230360
20200302,코스닥150,033290
20200302,코스닥150,214450
20200302,코스닥150,092040
20200302,코스닥150,044340
20200302,코스닥150,237880
20200302,코스닥150,048410
20200302,코스닥150,200230
20200302,코스닥150,265520
20200302,코스닥150,243070
20200302,코스닥150,006730
20200302,코스닥150,272290
20200302,코스닥150,138080
20200302,코스닥150,043150
20200302,코스닥150,263050
20200302,코스닥150,228760
20200302,코스닥150,122990
20200302,코스닥150,025900
20200302,코스닥150,108230
20200302,코스닥150,030530
20200302,코스닥150,048530
20200302,코스닥150,038500
20200302,코스닥150,060570
20200302,코스닥150,042000
20200302,코스닥150,061970
20200302,코스닥150,084110
20200302,코스닥150,239610
20200302,코스닥150,144510
20200302,코스닥150,089600
20200302,코스닥150,143240
20200302,코스닥150,047310
20200302,코스닥150,023410
20200302,코스닥150,036930
20200302,코스닥150,215000
20200302,코스닥150,182400
20200302,코스닥150,045390
20200302,코스닥150,065660
20200302,코스닥150,243840
20200302,코스닥150,192440
20200302,코스닥150,104830
20200302,코스닥150,041830
20200302,코스닥150,092730
20200302,코스닥150,060150
20200302,코스닥150,052020
20200302,코스닥150,051500
20200302,코스닥150,035810
20200302,코스닥150,015750
20200302,코스닥150,115960
20200302,코스닥150,080160
20200302,코스닥150,063570
20200302,코스닥150,023160
20200302,코스닥150,014620
20200302,코스닥150,049950
20200302,코스닥150,215360
20200302,코스닥150,035890
20200302,코스닥150,041140
20200302,코스닥150,007820
20200302,코스닥150,013030
20200302,코스닥150,067390
20200302,코스닥150,036630
20200302,코스닥150,045100
20200302,코스닥150,019210
20200302,코스닥150,065620
20200302,코스닥150,016250
20200302,코스닥150,217730
20200302,코스닥150,044490
20200302,코스닥150,073070
20200302,코스닥150,222040
20200302,코스닥150,095190
20200401,코스피200,005930
20200401,코스피200,000660
20200401,코스피200,207940
20200401,코스피200,035420
20200401,코스피200,068270
20200401,코스피200,051910
20200401,코스피200,005380
20200401,코스피200,051900
20200401,코스피200,028260
20200401,코스피200,006400
20200401,코스피200,012330
20200401,코스피200,017670
20200401,코스피200,036570
20200401,코스피200,005490
20200401,코스피200,105560
20200401,코스피200,035720
20200401,코스피200,055550
20200401,코스피200,015760
20200401,코스피200,034730
20200401,코스피200,018260
20200401,코스피200,000270
20200401,코스피200,033780
20200401,코스피200,003550
20200401,코스피200,090430
20200401,코스피200,032830
20200401,코스피200,251270
20200401,코스피200,066570
20200401,코스피200,096770
20200401,코스피200,009150
20200401,코스피200,000810
20200401,코스피200,010130
20200401,코스피200,086790
20200401,코스피200,011170
20200401,코스피200,010950
20200401,코스피200,009540
20200401,코스피200,316140
20200401,코스피200,030200
20200401,코스피200,032640
20200401,코스피200,018880
20200401,코스피200,271560
20200401,코스피200,002790
20200401,코스피200,024110
20200401,코스피200,021240
20200401,코스피200,035250
20200401,코스피200,034220
20200401,코스피200,078930
20200401,코스피200,006800
20200401,코스피200,097950
20200401,코스피200,086280
20200401,코스피200,029780
20200401,코스피200,267250
20200401,코스피200,000100
20200401,코스피200,128940
20200401,코스피200,000120
20200401,코스피200,000720
20200401,코스피200,139480
20200401,코스피200,012750
20200401,코스피200,008770
20200401,코스피200,071050
20200401,코스피200,011070
20200401,코스피200,004990
20200401,코스피200,016360
20200401,코스피200,010140
20200401,코스피200,000210
20200401,코스피200,161390
20200401,코스피200,005940
20200401,코스피200,003410
20200401,코스피200,004020
20200401,코스피200,282330
20200401,코스피200,007070
20200401,코스피200,005830
20200401,코스피200,241560
20200401,코스피200,004170
20200401,코스피200,023530
20200401,코스피200,009830
20200401,코스피200,028050
20200401,코스피200,047810
20200401,코스피200,036460
20200401,코스피200,000080
20200401,코스피200,011780
20200401,코스피200,001450
20200401,코스피200,001040
20200401,코스피200,003490
20200401,코스피200,030000
20200401,코스피200,004370
20200401,코스피200,006280
20200401,코스피200,007310
20200401,코스피200,081660
20200401,코스피200,008930
20200401,코스피200,008560
20200401,코스피200,003000
20200401,코스피200,026960
20200401,코스피200,006360
20200401,코스피200,017800
20200401,코스피200,138930
20200401,코스피200,028670
20200401,코스피200,020150
20200401,코스피200,011790
20200401,코스피200,047050
20200401,코스피200,042660
20200401,코스피200,004800
20200401,코스피200,069960
20200401,코스피200,051600
20200401,코스피200,031430
20200401,코스피200,000880
20200401,코스피200,001740
20200401,코스피200,002380
20200401,코스피200,088350
20200401,코스피200,009420
20200401,코스피200,047040
20200401,코스피200,009240
20200401,코스피200,010120
20200401,코스피200,294870
20200401,코스피200,012450
20200401,코스피200,010620
20200401,코스피200,000990
20200401,코스피200,005250
20200401,코스피200,006260
20200401,코스피200,064350
20200401,코스피200,285130
20200401,코스피200,111770
20200401,코스피200,204320
20200401,코스피200,214320
20200401,코스피200,069620
20200401,코스피200,000670
20200401,코스피200,003520
20200401,코스피200,014680
20200401,코스피200,185750
20200401,코스피200,073240
20200401,코스피200,161890
20200401,코스피200,034020
20200401,코스피200,000240
20200401,코스피200,004000
20200401,코스피200,010060
20200401,코스피200,192820
20200401,코스피200,114090
20200401,코스피200,120110
20200401,코스피200,042670
20200401,코스피200,001800
20200401,코스피200,003240
20200401,코스피200,005300
20200401,코스피200,005440
20200401,코스피200,170900
20200401,코스피200,010780
20200401,코스피200,011210
20200401,코스피200,049770
20200401,코스피200,057050
20200401,코스피200,007570
20200401,코스피200,000150
20200401,코스피200,001060
20200401,코스피200,001680
20200401,코스피200,005180
20200401,코스피200,005850
20200401,코스피200,093370
20200401,코스피200,008060
20200401,코스피200,018250
20200401,코스피200,052690
20200401,코스피200,069260
20200401,코스피200,006650
20200401,코스피200,000640
20200401,코스피200,002350
20200401,코스피200,003850
20200401,코스피200,005610
20200401,코스피200,192400
20200401,코스피200,014820
20200401,코스피200,020000
20200401,코스피200,103140
20200401,코스피200,115390
20200401,코스피200,012630
20200401,코스피200,000070
20200401,코스피200,001120
20200401,코스피200,001230
20200401,코스피200,004490
20200401,코스피200,006120
20200401,코스피200,006390
20200401,코스피200,105630
20200401,코스피200,027410
20200401,코스피200,064960
20200401,코스피200,071840
20200401,코스피200,079160
20200401,코스피200,079550
20200401,코스피200,019680
20200401,코스피200,001430
20200401,코스피200,001520
20200401,코스피200,002240
20200401,코스피200,002270
20200401,코스피200,002960
20200401,코스피200,014830
20200401,코스피200,145990
20200401,코스피200,025860
20200401,코스피200,060980
20200401,코스피200,093050
20200401,코스피200,096760
20200401,코스피200,108670
20200401,코스피200,025540
20200401,코스피200,003620
20200401,코스피200,079430
20200401,코스피200,006840
20200401,코스피200,003920
20200401,코스피200,298040
20200401,코스닥150,091990
20200401,코스닥150,028300
20200401,코스닥150,096530
20200401,코스닥150,263750
20200401,코스닥150,068760
20200401,코스닥150,253450
20200401,코스닥150,032500
20200401,코스닥150,035760
20200401,코스닥150,084990
20200401,코스닥150,041960
20200401,코스닥150,145020
20200401,코스닥150,095700
20200401,코스닥150,036490
20200401,코스닥150,247540
20200401,코스닥150,240810
20200401,코스닥150,058470
20200401,코스닥150,034230
20200401,코스닥150,086900
20200401,코스닥150,056190
20200401,코스닥150,140410
20200401,코스닥150,196170
20200401,코스닥150,036830
20200401,코스닥150,098460
20200401,코스닥150,078340
20200401,코스닥150,067630
20200401,코스닥150,215600
20200401,코스닥150,218410
20200401,코스닥150,030190
20200401,코스닥150,178920
20200401,코스닥150,298380
20200401,코스닥150,039030
20200401,코스닥150,086450
20200401,코스닥150,000250
20200401,코스닥150,060250
20200401,코스닥150,064760
20200401,코스닥150,005290
20200401,코스닥150,046890
20200401,코스닥150,036540
20200401,코스닥150,028150
20200401,코스닥150,033640
20200401,코스닥150,200130
20200401,코스닥150,213420
20200401,코스닥150,078130
20200401,코스닥150,035900
20200401,코스닥150,039200
20200401,코스닥150,237690
20200401,코스닥150,214150
20200401,코스닥150,083790
20200401,코스닥150,067160
20200401,코스닥150,022100
20200401,코스닥150,053800
20200401,코스닥150,200230
20200401,코스닥150,007390
20200401,코스닥150,267980
20200401,코스닥150,025980
20200401,코스닥150,035600
20200401,코스닥150,278280
20200401,코스닥150,115450
20200401,코스닥150,090460
20200401,코스닥150,058820
20200401,코스닥150,178320
20200401,코스닥150,041510
20200401,코스닥150,003380
20200401,코스닥150,263050
20200401,코스닥150,141080
20200401,코스닥150,097520
20200401,코스닥150,069080
20200401,코스닥150,031390
20200401,코스닥150,108320
20200401,코스닥150,108230
20200401,코스닥150,066970
20200401,코스닥150,033290
20200401,코스닥150,215200
20200401,코스닥150,122870
20200401,코스닥150,078160
20200401,코스닥150,183490
20200401,코스닥150,048260
20200401,코스닥150,048530
20200401,코스닥150,230360
20200401,코스닥150,091700
20200401,코스닥150,029960
20200401,코스닥150,243070
20200401,코스닥150,138080
20200401,코스닥150,086520
20200401,코스닥150,039840
20200401,코스닥150,228760
20200401,코스닥150,095610
20200401,코스닥150,068240
20200401,코스닥150,214450
20200401,코스닥150,144510
20200401,코스닥150,265520
20200401,코스닥150,112040
20200401,코스닥150,048410
20200401,코스닥150,182400
20200401,코스닥150,092040
20200401,코스닥150,043150
20200401,코스닥150,065660
20200401,코스닥150,272290
20200401,코스닥150,119860
20200401,코스닥150,237880
20200401,코스닥150,082920
20200401,코스닥150,030530
20200401,코스닥150,052020
20200401,코스닥150,044340
20200401,코스닥150,060570
20200401,코스닥150,088800
20200401,코스닥150,084110
20200401,코스닥150,006730
20200401,코스닥150,016250
20200401,코스닥150,025900
20200401,코스닥150,143240
20200401,코스닥150,045390
20200401,코스닥150,061970
20200401,코스닥150,042000
20200401,코스닥150,122990
20200401,코스닥150,038500
20200401,코스닥150,060150
20200401,코스닥150,023410
20200401,코스닥150,104830
20200401,코스닥150,239610
20200401,코스닥150,215000
20200401,코스닥150,036930
20200401,코스닥150,047310
20200401,코스닥150,041830
20200401,코스닥150,115960
20200401,코스닥150,035810
20200401,코스닥150,092730
20200401,코스닥150,089600
20200401,코스닥150,192440
20200401,코스닥150,015750
20200401,코스닥150,051500
20200401,코스닥150,217730
20200401,코스닥150,080160
20200401,코스닥150,023160
20200401,코스닥150,243840
20200401,코스닥150,063570
20200401,코스닥150,007820
20200401,코스닥150,013030
20200401,코스닥150,049950
20200401,코스닥150,041140
20200401,코스닥150,045100
20200401,코스닥150,014620
20200401,코스닥150,036630
20200401,코스닥150,215360
20200401,코스닥150,019210
20200401,코스닥150,067390
20200401,코스닥150,222040
20200401,코스닥150,095190
20200401,코스닥150,065620
20200401,코스닥150,044490
20200504,코스피200,005930
20200504,코스피200,000660
20200504,코스피200,207940
20200504,코스피200,035420
20200504,코스피200,068270
20200504,코스피200,051910
20200504,코스피200,051900
20200504,코스피200,005380
20200504,코스피200,006400
20200504,코스피200,028260
20200504,코스피200,017670
20200504,코스피200,035720
20200504,코스피200,012330
20200504,코스피200,005490
20200504,코스피200,015760
20200504,코스피200,055550
20200504,코스피200,105560
20200504,코스피200,036570
20200504,코스피200,034730
20200504,코스피200,018260
20200504,코스피200,000270
20200504,코스피200,033780
20200504,코스피200,003550
20200504,코스피200,090430
20200504,코스피200,032830
20200504,코스피200,066570
20200504,코스피200,096770
20200504,코스피200,000810
20200504,코스피200,009150
20200504,코스피200,251270
20200504,코스피200,086790
20200504,코스피200,010950
20200504,코스피200,010130
20200504,코스피200,011170
20200504,코스피200,030200
20200504,코스피200,316140
20200504,코스피200,032640
20200504,코스피200,009540
20200504,코스피200,035250
20200504,코스피200,271560
20200504,코스피200,018880
20200504,코스피200,002790
20200504,코스피200,021240
20200504,코스피200,024110
20200504,코스피200,004990
20200504,코스피200,097950
20200504,코스피200,000720
20200504,코스피200,267250
20200504,코스피200,086280
20200504,코스피200,034220
20200504,코스피200,006800
20200504,코스피200,078930
20200504,코스피200,029780
20200504,코스피200,000120
20200504,코스피200,139480
20200504,코스피200,008770
20200504,코스피200,012750
20200504,코스피200,011070
20200504,코스피200,005830
20200504,코스피200,000100
20200504,코스피200,128940
20200504,코스피200,000210
20200504,코스피200,007070
20200504,코스피200,004020
20200504,코스피200,023530
20200504,코스피200,004170
20200504,코스피200,005940
20200504,코스피200,010140
20200504,코스피200,282330
20200504,코스피200,071050
20200504,코스피200,161390
20200504,코스피200,016360
20200504,코스피200,003410
20200504,코스피200,036460
20200504,코스피200,000080
20200504,코스피200,241560
20200504,코스피200,047810
20200504,코스피200,001040
20200504,코스피200,001450
20200504,코스피200,028050
20200504,코스피200,011780
20200504,코스피200,009830
20200504,코스피200,081660
20200504,코스피200,006360
20200504,코스피200,030000
20200504,코스피200,008560
20200504,코스피200,007310
20200504,코스피200,003490
20200504,코스피200,020150
20200504,코스피200,011790
20200504,코스피200,008930
20200504,코스피200,004370
20200504,코스피200,042660
20200504,코스피200,028670
20200504,코스피200,003000
20200504,코스피200,006280
20200504,코스피200,009240
20200504,코스피200,069960
20200504,코스피200,026960
20200504,코스피200,047050
20200504,코스피200,017800
20200504,코스피200,031430
20200504,코스피200,138930
20200504,코스피200,088350
20200504,코스피200,064350
20200504,코스피200,000880
20200504,코스피200,002380
20200504,코스피200,051600
20200504,코스피200,047040
20200504,코스피200,004800
20200504,코스피200,001740
20200504,코스피200,294870
20200504,코스피200,009420
20200504,코스피200,010620
20200504,코스피200,111770
20200504,코스피200,069620
20200504,코스피200,012450
20200504,코스피200,000990
20200504,코스피200,006260
20200504,코스피200,214320
20200504,코스피200,185750
20200504,코스피200,204320
20200504,코스피200,010120
20200504,코스피200,004000
20200504,코스피200,005250
20200504,코스피200,161890
20200504,코스피200,034020
20200504,코스피200,114090
20200504,코스피200,014680
20200504,코스피200,000240
20200504,코스피200,000670
20200504,코스피200,001800
20200504,코스피200,003240
20200504,코스피200,003520
20200504,코스피200,005300
20200504,코스피200,285130
20200504,코스피200,011210
20200504,코스피200,042670
20200504,코스피200,057050
20200504,코스피200,073240
20200504,코스피200,192820
20200504,코스피200,010060
20200504,코스피200,001680
20200504,코스피200,005440
20200504,코스피200,006650
20200504,코스피200,170900
20200504,코스피200,018250
20200504,코스피200,049770
20200504,코스피200,120110
20200504,코스피200,010780
20200504,코스피200,000150
20200504,코스피200,001060
20200504,코스피200,005180
20200504,코스피200,005610
20200504,코스피200,005850
20200504,코스피200,192400
20200504,코스피200,008060
20200504,코스피200,052690
20200504,코스피200,069260
20200504,코스피200,071840
20200504,코스피200,093370
20200504,코스피200,007570
20200504,코스피200,000640
20200504,코스피200,001120
20200504,코스피200,002350
20200504,코스피200,003850
20200504,코스피200,006390
20200504,코스피200,012630
20200504,코스피200,115390
20200504,코스피200,020000
20200504,코스피200,064960
20200504,코스피200,079160
20200504,코스피200,079550
20200504,코스피200,103140
20200504,코스피200,014820
20200504,코스피200,000070
20200504,코스피200,001230
20200504,코스피200,002270
20200504,코스피200,004490
20200504,코스피200,006120
20200504,코스피200,145990
20200504,코스피200,025860
20200504,코스피200,027410
20200504,코스피200,105630
20200504,코스피200,108670
20200504,코스피200,019680
20200504,코스피200,001430
20200504,코스피200,001520
20200504,코스피200,002240
20200504,코스피200,002960
20200504,코스피200,096760
20200504,코스피200,014830
20200504,코스피200,025540
20200504,코스피200,060980
20200504,코스피200,093050
20200504,코스피200,006840
20200504,코스피200,003620
20200504,코스피200,079430
20200504,코스피200,003920
20200504,코스피200,298040
20200504,코스닥150,091990
20200504,코스닥150,028300
20200504,코스닥150,035760
20200504,코스닥150,068760
20200504,코스닥150,263750
20200504,코스닥150,032500
20200504,코스닥150,096530
20200504,코스닥150,253450
20200504,코스닥150,196170
20200504,코스닥150,145020
20200504,코스닥150,036490
20200504,코스닥150,095700
20200504,코스닥150,247540
20200504,코스닥150,084990
20200504,코스닥150,034230
20200504,코스닥150,240810
20200504,코스닥150,058470
20200504,코스닥150,140410
20200504,코스닥150,078340
20200504,코스닥150,041960
20200504,코스닥150,036830
20200504,코스닥150,056190
20200504,코스닥150,098460
20200504,코스닥150,030190
20200504,코스닥150,060250
20200504,코스닥150,178920
20200504,코스닥150,218410
20200504,코스닥150,298380
20200504,코스닥150,067630
20200504,코스닥150,215600
20200504,코스닥150,039030
20200504,코스닥150,036540
20200504,코스닥150,025980
20200504,코스닥150,200130
20200504,코스닥150,064760
20200504,코스닥150,005290
20200504,코스닥150,086450
20200504,코스닥150,028150
20200504,코스닥150,108230
20200504,코스닥150,078130
20200504,코스닥150,046890
20200504,코스닥150,035900
20200504,코스닥150,214150
20200504,코스닥150,213420
20200504,코스닥150,067160
20200504,코스닥150,000250
20200504,코스닥150,039200
20200504,코스닥150,022100
20200504,코스닥150,278280
20200504,코스닥150,086900
20200504,코스닥150,033640
20200504,코스닥150,035600
20200504,코스닥150,007390
20200504,코스닥150,041510
20200504,코스닥150,237690
20200504,코스닥150,267980
20200504,코스닥150,115450
20200504,코스닥150,003380
20200504,코스닥150,069080
20200504,코스닥150,053800
20200504,코스닥150,183490
20200504,코스닥150,083790
20200504,코스닥150,215200
20200504,코스닥150,122870
20200504,코스닥150,058820
20200504,코스닥150,141080
20200504,코스닥150,097520
20200504,코스닥150,090460
20200504,코스닥150,092040
20200504,코스닥150,230360
20200504,코스닥150,108320
20200504,코스닥150,029960
20200504,코스닥150,033290
20200504,코스닥150,031390
20200504,코스닥150,243070
20200504,코스닥150,048260
20200504,코스닥150,045390
20200504,코스닥150,178320
20200504,코스닥150,066970
20200504,코스닥150,068240
20200504,코스닥150,263050
20200504,코스닥150,086520
20200504,코스닥150,039840
20200504,코스닥150,144510
20200504,코스닥150,091700
20200504,코스닥150,042000
20200504,코스닥150,200230
20200504,코스닥150,214450
20200504,코스닥150,138080
20200504,코스닥150,112040
20200504,코스닥150,078160
20200504,코스닥150,095610
20200504,코스닥150,048410
20200504,코스닥150,038500
20200504,코스닥150,182400
20200504,코스닥150,048530
20200504,코스닥150,043150
20200504,코스닥150,102710
20200504,코스닥150,265520
20200504,코스닥150,237880
20200504,코스닥150,119860
20200504,코스닥150,044340
20200504,코스닥150,228760
20200504,코스닥150,084110
20200504,코스닥150,088800
20200504,코스닥150,272290
20200504,코스닥150,215000
20200504,코스닥150,006730
20200504,코스닥150,052020
20200504,코스닥150,023410
20200504,코스닥150,025900
20200504,코스닥150,061970
20200504,코스닥150,104830
20200504,코스닥150,082920
20200504,코스닥150,065660
20200504,코스닥150,060150
20200504,코스닥150,143240
20200504,코스닥150,122990
20200504,코스닥150,030530
20200504,코스닥150,239610
20200504,코스닥150,060570
20200504,코스닥150,041140
20200504,코스닥150,036930
20200504,코스닥150,192440
20200504,코스닥150,051500
20200504,코스닥150,041830
20200504,코스닥150,015750
20200504,코스닥150,035810
20200504,코스닥150,092730
20200504,코스닥150,089600
20200504,코스닥150,080160
20200504,코스닥150,016250
20200504,코스닥150,115960
20200504,코스닥150,047310
20200504,코스닥150,049950
20200504,코스닥150,036630
20200504,코스닥150,243840
20200504,코스닥150,063570
20200504,코스닥150,217730
20200504,코스닥150,023160
20200504,코스닥150,045100
20200504,코스닥150,014620
20200504,코스닥150,013030
20200504,코스닥150,215360
20200504,코스닥150,007820
20200504,코스닥150,019210
20200504,코스닥150,095190
20200504,코스닥150,067390
20200504,코스닥150,044490
20200504,코스닥150,222040
20200601,코스피200,005930
20200601,코스피200,000660
20200601,코스피200,207940
20200601,코스피200,035420
20200601,코스피200,068270
20200601,코스피200,051910
20200601,코스피200,006400
20200601,코스피200,035720
20200601,코스피200,005380
20200601,코스피200,051900
20200601,코스피200,012330
20200601,코스피200,028260
20200601,코스피200,017670
20200601,코스피200,036570
20200601,코스피200,034730
20200601,코스피200,005490
20200601,코스피200,055550
20200601,코스피200,018260
20200601,코스피200,105560
20200601,코스피200,000270
20200601,코스피200,015760
20200601,코스피200,033780
20200601,코스피200,096770
20200601,코스피200,003550
20200601,코스피200,090430
20200601,코스피200,066570
20200601,코스피200,009150
20200601,코스피200,032830
20200601,코스피200,086790
20200601,코스피200,000810
20200601,코스피200,010950
20200601,코스피200,251270
20200601,코스피200,010130
20200601,코스피200,009540
20200601,코스피200,011170
20200601,코스피200,030200
20200601,코스피200,316140
20200601,코스피200,032640
20200601,코스피200,024110
20200601,코스피200,018880
20200601,코스피200,271560
20200601,코스피200,035250
20200601,코스피200,021240
20200601,코스피200,002790
20200601,코스피200,097950
20200601,코스피200,267250
20200601,코스피200,086280
20200601,코스피200,006800
20200601,코스피200,034220
20200601,코스피200,000720
20200601,코스피200,004990
20200601,코스피200,000120
20200601,코스피200,000100
20200601,코스피200,078930
20200601,코스피200,011070
20200601,코스피200,029780
20200601,코스피200,012750
20200601,코스피200,007070
20200601,코스피200,000210
20200601,코스피200,139480
20200601,코스피200,008770
20200601,코스피200,005830
20200601,코스피200,071050
20200601,코스피200,010140
20200601,코스피200,161390
20200601,코스피200,004020
20200601,코스피200,282330
20200601,코스피200,128940
20200601,코스피200,005940
20200601,코스피200,000080
20200601,코스피200,036460
20200601,코스피200,009830
20200601,코스피200,001040
20200601,코스피200,042660
20200601,코스피200,003410
20200601,코스피200,016360
20200601,코스피200,241560
20200601,코스피200,047810
20200601,코스피200,023530
20200601,코스피200,004170
20200601,코스피200,081660
20200601,코스피200,028050
20200601,코스피200,011790
20200601,코스피200,006360
20200601,코스피200,001450
20200601,코스피200,020150
20200601,코스피200,011780
20200601,코스피200,008560
20200601,코스피200,003490
20200601,코스피200,004370
20200601,코스피200,030000
20200601,코스피200,009240
20200601,코스피200,007310
20200601,코스피200,008930
20200601,코스피200,047050
20200601,코스피200,028670
20200601,코스피200,003000
20200601,코스피200,026960
20200601,코스피200,017800
20200601,코스피200,138930
20200601,코스피200,006280
20200601,코스피200,000880
20200601,코스피200,069960
20200601,코스피200,047040
20200601,코스피200,004800
20200601,코스피200,009420
20200601,코스피200,010120
20200601,코스피200,111770
20200601,코스피200,031430
20200601,코스피200,051600
20200601,코스피200,010620
20200601,코스피200,000990
20200601,코스피200,001740
20200601,코스피200,002380
20200601,코스피200,294870
20200601,코스피200,088350
20200601,코스피200,204320
20200601,코스피200,064350
20200601,코스피200,006260
20200601,코스피200,012450
20200601,코스피200,069620
20200601,코스피200,042670
20200601,코스피200,014680
20200601,코스피200,005250
20200601,코스피200,011210
20200601,코스피200,285130
20200601,코스피200,185750
20200601,코스피200,214320
20200601,코스피200,034020
20200601,코스피200,000240
20200601,코스피200,000670
20200601,코스피200,003520
20200601,코스피200,004000
20200601,코스피200,007570
20200601,코스피200,192820
20200601,코스피200,010780
20200601,코스피200,114090
20200601,코스피200,120110
20200601,코스피200,161890
20200601,코스피200,010060
20200601,코스피200,001680
20200601,코스피200,001800
20200601,코스피200,003240
20200601,코스피200,005300
20200601,코스피200,073240
20200601,코스피200,006650
20200601,코스피200,049770
20200601,코스피200,057050
20200601,코스피200,005440
20200601,코스피200,001060
20200601,코스피200,003850
20200601,코스피200,005850
20200601,코스피200,018250
20200601,코스피200,020000
20200601,코스피200,170900
20200601,코스피200,071840
20200601,코스피200,079550
20200601,코스피200,093370
20200601,코스피200,115390
20200601,코스피200,069260
20200601,코스피200,000150
20200601,코스피200,192400
20200601,코스피200,001120
20200601,코스피200,002350
20200601,코스피200,005180
20200601,코스피200,005610
20200601,코스피200,006120
20200601,코스피200,012630
20200601,코스피200,014820
20200601,코스피200,052690
20200601,코스피200,064960
20200601,코스피200,103140
20200601,코스피200,105630
20200601,코스피200,108670
20200601,코스피200,000640
20200601,코스피200,000070
20200601,코스피200,002270
20200601,코스피200,145990
20200601,코스피200,027410
20200601,코스피200,079160
20200601,코스피200,006390
20200601,코스피200,001230
20200601,코스피200,001430
20200601,코스피200,001520
20200601,코스피200,002960
20200601,코스피200,004490
20200601,코스피200,014830
20200601,코스피200,096760
20200601,코스피200,025540
20200601,코스피200,025860
20200601,코스피200,060980
20200601,코스피200,079430
20200601,코스피200,093050
20200601,코스피200,019680
20200601,코스피200,002240
20200601,코스피200,003620
20200601,코스피200,008060
20200601,코스피200,006840
20200601,코스피200,003920
20200601,코스피200,298040
20200601,코스닥150,091990
20200601,코스닥150,028300
20200601,코스닥150,068760
20200601,코스닥150,196170
20200601,코스닥150,096530
20200601,코스닥150,263750
20200601,코스닥150,035760
20200601,코스닥150,247540
20200601,코스닥150,032500
20200601,코스닥150,253450
20200601,코스닥150,095700
20200601,코스닥150,036490
20200601,코스닥150,084990
20200601,코스닥150,240810
20200601,코스닥150,145020
20200601,코스닥150,140410
20200601,코스닥150,058470
20200601,코스닥150,036830
20200601,코스닥150,078340
20200601,코스닥150,098460
20200601,코스닥150,034230
20200601,코스닥150,200130
20200601,코스닥150,056190
20200601,코스닥150,060250
20200601,코스닥150,041960
20200601,코스닥150,030190
20200601,코스닥150,039030
20200601,코스닥150,214150
20200601,코스닥150,086900
20200601,코스닥150,064760
20200601,코스닥150,178920
20200601,코스닥150,298380
20200601,코스닥150,067630
20200601,코스닥150,278280
20200601,코스닥150,108230
20200601,코스닥150,086450
20200601,코스닥150,000250
20200601,코스닥150,005290
20200601,코스닥150,036540
20200601,코스닥150,025980
20200601,코스닥150,218410
20200601,코스닥150,215600
20200601,코스닥150,035900
20200601,코스닥150,046890
20200601,코스닥150,028150
20200601,코스닥150,078130
20200601,코스닥150,213420
20200601,코스닥150,033640
20200601,코스닥150,022100
20200601,코스닥150,141080
20200601,코스닥150,067160
20200601,코스닥150,003380
20200601,코스닥150,237690
20200601,코스닥150,115450
20200601,코스닥150,035600
20200601,코스닥150,108320
20200601,코스닥150,039200
20200601,코스닥150,267980
20200601,코스닥150,069080
20200601,코스닥150,183490
20200601,코스닥150,041510
20200601,코스닥150,230360
20200601,코스닥150,007390
20200601,코스닥150,066970
20200601,코스닥150,090460
20200601,코스닥150,086520
20200601,코스닥150,097520
20200601,코스닥150,065660
20200601,코스닥150,058820
20200601,코스닥150,092040
20200601,코스닥150,053800
20200601,코스닥150,122870
20200601,코스닥150,083790
20200601,코스닥150,033290
20200601,코스닥150,214450
20200601,코스닥150,112040
20200601,코스닥150,042000
20200601,코스닥150,031390
20200601,코스닥150,025900
20200601,코스닥150,029960
20200601,코스닥150,263050
20200601,코스닥150,215200
20200601,코스닥150,243070
20200601,코스닥150,144510
20200601,코스닥150,048530
20200601,코스닥150,178320
20200601,코스닥150,091700
20200601,코스닥150,095610
20200601,코스닥150,048260
20200601,코스닥150,215000
20200601,코스닥150,138080
20200601,코스닥150,182400
20200601,코스닥150,078160
20200601,코스닥150,068240
20200601,코스닥150,045390
20200601,코스닥150,039840
20200601,코스닥150,038500
20200601,코스닥150,192440
20200601,코스닥150,102710
20200601,코스닥150,272290
20200601,코스닥150,048410
20200601,코스닥150,006730
20200601,코스닥150,200230
20200601,코스닥150,044340
20200601,코스닥150,030530
20200601,코스닥150,082920
20200601,코스닥150,265520
20200601,코스닥150,237880
20200601,코스닥150,084110
20200601,코스닥150,119860
20200601,코스닥150,088800
20200601,코스닥150,228760
20200601,코스닥150,043150
20200601,코스닥150,061970
20200601,코스닥150,060150
20200601,코스닥150,023410
20200601,코스닥150,122990
20200601,코스닥150,092730
20200601,코스닥150,052020
20200601,코스닥150,143240
20200601,코스닥150,104830
20200601,코스닥150,060570
20200601,코스닥150,089600
20200601,코스닥150,041140
20200601,코스닥150,036930
20200601,코스닥150,243840
20200601,코스닥150,047310
20200601,코스닥150,239610
20200601,코스닥150,049950
20200601,코스닥150,015750
20200601,코스닥150,063570
20200601,코스닥150,041830
20200601,코스닥150,035810
20200601,코스닥150,016250
20200601,코스닥150,023160
20200601,코스닥150,115960
20200601,코스닥150,080160
20200601,코스닥150,051500
20200601,코스닥150,014620
20200601,코스닥150,036630
20200601,코스닥150,217730
20200601,코스닥150,045100
20200601,코스닥150,215360
20200601,코스닥150,013030
20200601,코스닥150,007820
20200601,코스닥150,044490
20200601,코스닥150,019210
20200601,코스닥150,095190
20200601,코스닥150,067390
20200601,코스닥150,222040
20200701,코스피200,005930
20200701,코스피200,000660
20200701,코스피200,207940
20200701,코스피200,035420
20200701,코스피200,068270
20200701,코스피200,051910
20200701,코스피200,006400
20200701,코스피200,035720
20200701,코스피200,028260
20200701,코스피200,005380
20200701,코스피200,034730
20200701,코스피200,051900
20200701,코스피200,036570
20200701,코스피200,012330
20200701,코스피200,017670
20200701,코스피200,005490
20200701,코스피200,105560
20200701,코스피200,055550
20200701,코스피200,018260
20200701,코스피200,000270
20200701,코스피200,015760
20200701,코스피200,003550
20200701,코스피200,096770
20200701,코스피200,033780
20200701,코스피200,066570
20200701,코스피200,090430
20200701,코스피200,009150
20200701,코스피200,032830
20200701,코스피200,000810
20200701,코스피200,251270
20200701,코스피200,086790
20200701,코스피200,010950
20200701,코스피200,010130
20200701,코스피200,316140
20200701,코스피200,030200
20200701,코스피200,009540
20200701,코스피200,011170
20200701,코스피200,021240
20200701,코스피200,271560
20200701,코스피200,024110
20200701,코스피200,032640
20200701,코스피200,097950
20200701,코스피200,180640
20200701,코스피200,018880
20200701,코스피200,035250
20200701,코스피200,003670
20200701,코스피200,006800
20200701,코스피200,034220
20200701,코스피200,011070
20200701,코스피200,002790
20200701,코스피200,267250
20200701,코스피200,086280
20200701,코스피200,010140
20200701,코스피200,000720
20200701,코스피200,000120
20200701,코스피200,000100
20200701,코스피200,078930
20200701,코스피200,004990
20200701,코스피200,029780
20200701,코스피200,012750
20200701,코스피200,005830
20200701,코스피200,000080
20200701,코스피200,161390
20200701,코스피200,009830
20200701,코스피200,139480
20200701,코스피200,007070
20200701,코스피200,000210
20200701,코스피200,128940
20200701,코스피200,042660
20200701,코스피200,008770
20200701,코스피200,004020
20200701,코스피200,241560
20200701,코스피200,003410
20200701,코스피200,001040
20200701,코스피200,071050
20200701,코스피200,028050
20200701,코스피200,282330
20200701,코스피200,005940
20200701,코스피200,047810
20200701,코스피200,036460
20200701,코스피200,016360
20200701,코스피200,011780
20200701,코스피200,011790
20200701,코스피200,020150
20200701,코스피200,023530
20200701,코스피200,004370
20200701,코스피200,028670
20200701,코스피200,081660
20200701,코스피200,001450
20200701,코스피200,009240
20200701,코스피200,004170
20200701,코스피200,008560
20200701,코스피200,008930
20200701,코스피200,003000
20200701,코스피200,030000
20200701,코스피200,007310
20200701,코스피200,006360
20200701,코스피200,017800
20200701,코스피200,047050
20200701,코스피200,006280
20200701,코스피200,003490
20200701,코스피200,000880
20200701,코스피200,285130
20200701,코스피200,138930
20200701,코스피200,026960
20200701,코스피200,011200
20200701,코스피200,014680
20200701,코스피200,042670
20200701,코스피200,010120
20200701,코스피200,069620
20200701,코스피200,009420
20200701,코스피200,047040
20200701,코스피200,192080
20200701,코스피200,294870
20200701,코스피200,051600
20200701,코스피200,007700
20200701,코스피200,069960
20200701,코스피200,004800
20200701,코스피200,064350
20200701,코스피200,185750
20200701,코스피200,012450
20200701,코스피200,034020
20200701,코스피200,088350
20200701,코스피200,000240
20200701,코스피200,010620
20200701,코스피200,001740
20200701,코스피200,002380
20200701,코스피200,007570
20200701,코스피200,009410
20200701,코스피200,000990
20200701,코스피200,016380
20200701,코스피200,031430
20200701,코스피200,006260
20200701,코스피200,005250
20200701,코스피200,111770
20200701,코스피200,192820
20200701,코스피200,204320
20200701,코스피200,003520
20200701,코스피200,161890
20200701,코스피200,011210
20200701,코스피200,214320
20200701,코스피200,010780
20200701,코스피200,020560
20200701,코스피200,032350
20200701,코스피200,071840
20200701,코스피200,073240
20200701,코스피200,120110
20200701,코스피200,000670
20200701,코스피200,001680
20200701,코스피200,001800
20200701,코스피200,003850
20200701,코스피200,004000
20200701,코스피200,005300
20200701,코스피200,006120
20200701,코스피200,010060
20200701,코스피200,020000
20200701,코스피200,170900
20200701,코스피200,284740
20200701,코스피200,049770
20200701,코스피200,057050
20200701,코스피200,006650
20200701,코스피200,114090
20200701,코스피200,001060
20200701,코스피200,003240
20200701,코스피200,005440
20200701,코스피200,093370
20200701,코스피200,000150
20200701,코스피200,000640
20200701,코스피200,001120
20200701,코스피200,005180
20200701,코스피200,018250
20200701,코스피200,052690
20200701,코스피200,064960
20200701,코스피200,069260
20200701,코스피200,079550
20200701,코스피200,103140
20200701,코스피200,108670
20200701,코스피200,115390
20200701,코스피200,192400
20200701,코스피200,241590
20200701,코스피200,000070
20200701,코스피200,001230
20200701,코스피200,014820
20200701,코스피200,012630
20200701,코스피200,006390
20200701,코스피200,005610
20200701,코스피200,002350
20200701,코스피200,025860
20200701,코스피200,001430
20200701,코스피200,079160
20200701,코스피200,093050
20200701,코스피200,105630
20200701,코스피200,014830
20200701,코스피200,019680
20200701,코스피200,145990
20200701,코스피200,004490
20200701,코스피200,027410
20200701,코스피200,002270
20200701,코스피200,002240
20200701,코스피200,060980
20200701,코스닥150,091990
20200701,코스닥150,028300
20200701,코스닥150,068760
20200701,코스닥150,196170
20200701,코스닥150,096530
20200701,코스닥150,263750
20200701,코스닥150,247540
20200701,코스닥150,032500
20200701,코스닥150,035760
20200701,코스닥150,253450
20200701,코스닥150,036490
20200701,코스닥150,095700
20200701,코스닥150,145020
20200701,코스닥150,240810
20200701,코스닥150,058470
20200701,코스닥150,084990
20200701,코스닥150,036830
20200701,코스닥150,140410
20200701,코스닥150,078340
20200701,코스닥150,005290
20200701,코스닥150,298380
20200701,코스닥150,084850
20200701,코스닥150,098460
20200701,코스닥150,200130
20200701,코스닥150,039030
20200701,코스닥150,056190
20200701,코스닥150,034230
20200701,코스닥150,060250
20200701,코스닥150,086450
20200701,코스닥150,030190
20200701,코스닥150,041960
20200701,코스닥150,085660
20200701,코스닥150,064760
20200701,코스닥150,086900
20200701,코스닥150,278280
20200701,코스닥150,214150
20200701,코스닥150,025980
20200701,코스닥150,218410
20200701,코스닥150,069080
20200701,코스닥150,067630
20200701,코스닥150,178920
20200701,코스닥150,066970
20200701,코스닥150,036540
20200701,코스닥150,213420
20200701,코스닥150,000250
20200701,코스닥150,046890
20200701,코스닥150,268600
20200701,코스닥150,035900
20200701,코스닥150,237690
20200701,코스닥150,067160
20200701,코스닥150,028150
20200701,코스닥150,214370
20200701,코스닥150,078130
20200701,코스닥150,183490
20200701,코스닥150,039200
20200701,코스닥150,108230
20200701,코스닥150,108320
20200701,코스닥150,025900
20200701,코스닥150,022100
20200701,코스닥150,033640
20200701,코스닥150,141080
20200701,코스닥150,086520
20200701,코스닥150,122870
20200701,코스닥150,084370
20200701,코스닥150,003380
20200701,코스닥150,115450
20200701,코스닥150,112040
20200701,코스닥150,090460
20200701,코스닥150,267980
20200701,코스닥150,078070
20200701,코스닥150,035600
20200701,코스닥150,065660
20200701,코스닥150,092040
20200701,코스닥150,230360
20200701,코스닥150,178320
20200701,코스닥150,083790
20200701,코스닥150,041510
20200701,코스닥150,058820
20200701,코스닥150,007390
20200701,코스닥150,060720
20200701,코스닥150,243070
20200701,코스닥150,097520
20200701,코스닥150,144510
20200701,코스닥150,088800
20200701,코스닥150,214450
20200701,코스닥150,052260
20200701,코스닥150,042000
20200701,코스닥150,263050
20200701,코스닥150,053800
20200701,코스닥150,031390
20200701,코스닥150,138080
20200701,코스닥150,102710
20200701,코스닥150,032190
20200701,코스닥150,091700
20200701,코스닥150,033290
20200701,코스닥150,045390
20200701,코스닥150,048530
20200701,코스닥150,048410
20200701,코스닥150,215000
20200701,코스닥150,200230
20200701,코스닥150,029960
20200701,코스닥150,215200
20200701,코스닥150,095610
20200701,코스닥150,068240
20200701,코스닥150,048260
20200701,코스닥150,272290
20200701,코스닥150,078160
20200701,코스닥150,039840
20200701,코스닥150,192440
20200701,코스닥150,182400
20200701,코스닥150,006730
20200701,코스닥150,084110
20200701,코스닥150,122990
20200701,코스닥150,119860
20200701,코스닥150,104830
20200701,코스닥150,030530
20200701,코스닥150,038500
20200701,코스닥150,265520
20200701,코스닥150,082920
20200701,코스닥150,061970
20200701,코스닥150,038540
20200701,코스닥150,228760
20200701,코스닥150,044340
20200701,코스닥150,060150
20200701,코스닥150,036930
20200701,코스닥150,237880
20200701,코스닥150,052020
20200701,코스닥150,239610
20200701,코스닥150,043150
20200701,코스닥150,018290
20200701,코스닥150,143240
20200701,코스닥150,060570
20200701,코스닥150,023410
20200701,코스닥150,035810
20200701,코스닥150,078020
20200701,코스닥150,243840
20200701,코스닥150,092730
20200701,코스닥150,089600
20200701,코스닥150,047310
20200701,코스닥150,041190
20200701,코스닥150,015750
20200701,코스닥150,282880
20200701,코스닥150,063570
20200701,코스닥150,041830
20200701,코스닥150,115960
20200701,코스닥150,049950
20200701,코스닥150,014620
20200701,코스닥150,080160
20200701,코스닥150,023160
20200701,코스닥150,051500
20200803,코스피200,005930
20200803,코스피200,000660
20200803,코스피200,035420
20200803,코스피200,207940
20200803,코스피200,051910
20200803,코스피200,068270
20200803,코스피200,035720
20200803,코스피200,006400
20200803,코스피200,005380
20200803,코스피200,051900
20200803,코스피200,012330
20200803,코스피200,028260
20200803,코스피200,036570
20200803,코스피200,017670
20200803,코스피200,005490
20200803,코스피200,000270
20200803,코스피200,034730
20200803,코스피200,105560
20200803,코스피200,055550
20200803,코스피200,018260
20200803,코스피200,003550
20200803,코스피200,015760
20200803,코스피200,066570
20200803,코스피200,096770
20200803,코스피200,033780
20200803,코스피200,251270
20200803,코스피200,009150
20200803,코스피200,032830
20200803,코스피200,090430
20200803,코스피200,086790
20200803,코스피200,000810
20200803,코스피200,010130
20200803,코스피200,010950
20200803,코스피200,030200
20200803,코스피200,097950
20200803,코스피200,316140
20200803,코스피200,009540
20200803,코스피200,011170
20200803,코스피200,021240
20200803,코스피200,024110
20200803,코스피200,271560
20200803,코스피200,006800
20200803,코스피200,018880
20200803,코스피200,032640
20200803,코스피200,035250
20200803,코스피200,180640
20200803,코스피200,003670
20200803,코스피200,034220
20200803,코스피200,002790
20200803,코스피200,009830
20200803,코스피200,086280
20200803,코스피200,000100
20200803,코스피200,011070
20200803,코스피200,000720
20200803,코스피200,267250
20200803,코스피200,012750
20200803,코스피200,010140
20200803,코스피200,000120
20200803,코스피200,029780
20200803,코스피200,008930
20200803,코스피200,005830
20200803,코스피200,161390
20200803,코스피200,285130
20200803,코스피200,078930
20200803,코스피200,004990
20200803,코스피200,139480
20200803,코스피200,004020
20200803,코스피200,128940
20200803,코스피200,003490
20200803,코스피200,000080
20200803,코스피200,011790
20200803,코스피200,000210
20200803,코스피200,071050
20200803,코스피200,008770
20200803,코스피200,006280
20200803,코스피200,241560
20200803,코스피200,007070
20200803,코스피200,016360
20200803,코스피200,011780
20200803,코스피200,020150
20200803,코스피200,005940
20200803,코스피200,003410
20200803,코스피200,042660
20200803,코스피200,028050
20200803,코스피200,034020
20200803,코스피200,036460
20200803,코스피200,009240
20200803,코스피200,003000
20200803,코스피200,004370
20200803,코스피200,001040
20200803,코스피200,047810
20200803,코스피200,023530
20200803,코스피200,282330
20200803,코스피200,026960
20200803,코스피200,008560
20200803,코스피200,006360
20200803,코스피200,007310
20200803,코스피200,030000
20200803,코스피200,011200
20200803,코스피200,004170
20200803,코스피200,001450
20200803,코스피200,081660
20200803,코스피200,014680
20200803,코스피200,000880
20200803,코스피200,028670
20200803,코스피200,017800
20200803,코스피200,138930
20200803,코스피200,047050
20200803,코스피200,042670
20200803,코스피200,000990
20200803,코스피200,010120
20200803,코스피200,009420
20200803,코스피200,007570
20200803,코스피200,185750
20200803,코스피200,192080
20200803,코스피200,004800
20200803,코스피200,047040
20200803,코스피200,064350
20200803,코스피200,294870
20200803,코스피200,204320
20200803,코스피200,051600
20200803,코스피200,069960
20200803,코스피200,088350
20200803,코스피200,010780
20200803,코스피200,001740
20200803,코스피200,005250
20200803,코스피200,006260
20200803,코스피200,010060
20200803,코스피200,000240
20200803,코스피200,012450
20200803,코스피200,016380
20200803,코스피200,032350
20200803,코스피200,069620
20200803,코스피200,010620
20200803,코스피200,003520
20200803,코스피200,004000
20200803,코스피200,007700
20200803,코스피200,009410
20200803,코스피200,002380
20200803,코스피200,161890
20200803,코스피200,111770
20200803,코스피200,031430
20200803,코스피200,011210
20200803,코스피200,192820
20200803,코스피200,214320
20200803,코스피200,020560
20200803,코스피200,006120
20200803,코스피200,000670
20200803,코스피200,001680
20200803,코스피200,120110
20200803,코스피200,170900
20200803,코스피200,006650
20200803,코스피200,020000
20200803,코스피200,073240
20200803,코스피200,079550
20200803,코스피200,093370
20200803,코스피200,114090
20200803,코스피200,000150
20200803,코스피200,001060
20200803,코스피200,001800
20200803,코스피200,003240
20200803,코스피200,003850
20200803,코스피200,005300
20200803,코스피200,005440
20200803,코스피200,284740
20200803,코스피200,000070
20200803,코스피200,000640
20200803,코스피200,005180
20200803,코스피200,049770
20200803,코스피200,052690
20200803,코스피200,057050
20200803,코스피200,064960
20200803,코스피200,069260
20200803,코스피200,071840
20200803,코스피200,103140
20200803,코스피200,115390
20200803,코스피200,145990
20200803,코스피200,241590
20200803,코스피200,001120
20200803,코스피200,192400
20200803,코스피200,001230
20200803,코스피200,108670
20200803,코스피200,018250
20200803,코스피200,014820
20200803,코스피200,012630
20200803,코스피200,006390
20200803,코스피200,005610
20200803,코스피200,002350
20200803,코스피200,093050
20200803,코스피200,014830
20200803,코스피200,105630
20200803,코스피200,019680
20200803,코스피200,002270
20200803,코스피200,001430
20200803,코스피200,027410
20200803,코스피200,004490
20200803,코스피200,025860
20200803,코스피200,079160
20200803,코스피200,002240
20200803,코스피200,060980
20200803,코스닥150,091990
20200803,코스닥150,096530
20200803,코스닥150,028300
20200803,코스닥150,068760
20200803,코스닥150,095700
20200803,코스닥150,247540
20200803,코스닥150,032500
20200803,코스닥150,196170
20200803,코스닥150,036490
20200803,코스닥150,035760
20200803,코스닥150,253450
20200803,코스닥150,263750
20200803,코스닥150,058470
20200803,코스닥150,145020
20200803,코스닥150,240810
20200803,코스닥150,200130
20200803,코스닥150,005290
20200803,코스닥150,036830
20200803,코스닥150,078340
20200803,코스닥150,084850
20200803,코스닥150,060250
20200803,코스닥150,298380
20200803,코스닥150,084990
20200803,코스닥150,140410
20200803,코스닥150,039030
20200803,코스닥150,098460
20200803,코스닥150,141080
20200803,코스닥150,086450
20200803,코스닥150,069080
20200803,코스닥150,278280
20200803,코스닥150,056190
20200803,코스닥150,030190
20200803,코스닥150,183490
20200803,코스닥150,034230
20200803,코스닥150,237690
20200803,코스닥150,041960
20200803,코스닥150,000250
20200803,코스닥150,064760
20200803,코스닥150,066970
20200803,코스닥150,035900
20200803,코스닥150,085660
20200803,코스닥150,046890
20200803,코스닥150,025900
20200803,코스닥150,178920
20200803,코스닥150,086900
20200803,코스닥150,036540
20200803,코스닥150,214150
20200803,코스닥150,218410
20200803,코스닥150,025980
20200803,코스닥150,213420
20200803,코스닥150,230360
20200803,코스닥150,086520
20200803,코스닥150,268600
20200803,코스닥150,039200
20200803,코스닥150,033640
20200803,코스닥150,090460
20200803,코스닥150,122870
20200803,코스닥150,108320
20200803,코스닥150,041510
20200803,코스닥150,092040
20200803,코스닥150,088800
20200803,코스닥150,084370
20200803,코스닥150,067630
20200803,코스닥150,067160
20200803,코스닥150,214370
20200803,코스닥150,115450
20200803,코스닥150,078130
20200803,코스닥150,178320
20200803,코스닥150,108230
20200803,코스닥150,097520
20200803,코스닥150,102710
20200803,코스닥150,028150
20200803,코스닥150,138080
20200803,코스닥150,035600
20200803,코스닥150,022100
20200803,코스닥150,112040
20200803,코스닥150,003380
20200803,코스닥150,083790
20200803,코스닥150,032190
20200803,코스닥150,091700
20200803,코스닥150,058820
20200803,코스닥150,053800
20200803,코스닥150,065660
20200803,코스닥150,060720
20200803,코스닥150,007390
20200803,코스닥150,033290
20200803,코스닥150,078070
20200803,코스닥150,267980
20200803,코스닥150,214450
20200803,코스닥150,243070
20200803,코스닥150,144510
20200803,코스닥150,068240
20200803,코스닥150,182400
20200803,코스닥150,031390
20200803,코스닥150,048260
20200803,코스닥150,045390
20200803,코스닥150,272290
20200803,코스닥150,095610
20200803,코스닥150,042000
20200803,코스닥150,029960
20200803,코스닥150,215000
20200803,코스닥150,200230
20200803,코스닥150,048530
20200803,코스닥150,048410
20200803,코스닥150,061970
20200803,코스닥150,122990
20200803,코스닥150,078160
20200803,코스닥150,006730
20200803,코스닥150,052260
20200803,코스닥150,038500
20200803,코스닥150,039840
20200803,코스닥150,215200
20200803,코스닥150,082920
20200803,코스닥150,030530
20200803,코스닥150,192440
20200803,코스닥150,060150
20200803,코스닥150,084110
20200803,코스닥150,265520
20200803,코스닥150,119860
20200803,코스닥150,043150
20200803,코스닥150,228760
20200803,코스닥150,104830
20200803,코스닥150,044340
20200803,코스닥150,036930
20200803,코스닥150,023410
20200803,코스닥150,038540
20200803,코스닥150,243840
20200803,코스닥150,237880
20200803,코스닥150,052020
20200803,코스닥150,018290
20200803,코스닥150,239610
20200803,코스닥150,143240
20200803,코스닥150,078020
20200803,코스닥150,035810
20200803,코스닥150,060570
20200803,코스닥150,047310
20200803,코스닥150,089600
20200803,코스닥150,263050
20200803,코스닥150,092730
20200803,코스닥150,015750
20200803,코스닥150,041190
20200803,코스닥150,282880
20200803,코스닥150,049950
20200803,코스닥150,041830
20200803,코스닥150,014620
20200803,코스닥150,080160
20200803,코스닥150,063570
20200803,코스닥150,115960
20200803,코스닥150,023160
20200803,코스닥150,051500
20200901,코스피200,005930
20200901,코스피200,000660
20200901,코스피200,035420
20200901,코스피200,051910
20200901,코스피200,207940
20200901,코스피200,068270
20200901,코스피200,005380
20200901,코스피200,035720
20200901,코스피200,006400
20200901,코스피200,051900
20200901,코스피200,012330
20200901,코스피200,028260
20200901,코스피200,017670
20200901,코스피200,036570
20200901,코스피200,000270
20200901,코스피200,005490
20200901,코스피200,105560
20200901,코스피200,034730
20200901,코스피200,055550
20200901,코스피200,066570
20200901,코스피200,003550
20200901,코스피200,251270
20200901,코스피200,096770
20200901,코스피200,015760
20200901,코스피200,032830
20200901,코스피200,018260
20200901,코스피200,033780
20200901,코스피200,090430
20200901,코스피200,009150
20200901,코스피200,000810
20200901,코스피200,086790
20200901,코스피200,010130
20200901,코스피200,018880
20200901,코스피200,010950
20200901,코스피200,011170
20200901,코스피200,316140
20200901,코스피200,030200
20200901,코스피200,009830
20200901,코스피200,009540
20200901,코스피200,006800
20200901,코스피200,097950
20200901,코스피200,024110
20200901,코스피200,021240
20200901,코스피200,271560
20200901,코스피200,003670
20200901,코스피200,086280
20200901,코스피200,034220
20200901,코스피200,032640
20200901,코스피200,285130
20200901,코스피200,035250
20200901,코스피200,180640
20200901,코스피200,000100
20200901,코스피200,002790
20200901,코스피200,008930
20200901,코스피200,034020
20200901,코스피200,161390
20200901,코스피200,128940
20200901,코스피200,139480
20200901,코스피200,267250
20200901,코스피200,000720
20200901,코스피200,071050
20200901,코스피200,000120
20200901,코스피200,011070
20200901,코스피200,004020
20200901,코스피200,011790
20200901,코스피200,012750
20200901,코스피200,010140
20200901,코스피200,000210
20200901,코스피200,029780
20200901,코스피200,003490
20200901,코스피200,005830
20200901,코스피200,004990
20200901,코스피200,011780
20200901,코스피200,006280
20200901,코스피200,078930
20200901,코스피200,008770
20200901,코스피200,003410
20200901,코스피200,016360
20200901,코스피200,241560
20200901,코스피200,007070
20200901,코스피200,005940
20200901,코스피200,000080
20200901,코스피200,026960
20200901,코스피200,003000
20200901,코스피200,042660
20200901,코스피200,020150
20200901,코스피200,009240
20200901,코스피200,001040
20200901,코스피200,282330
20200901,코스피200,023530
20200901,코스피200,028050
20200901,코스피200,030000
20200901,코스피200,008560
20200901,코스피200,047810
20200901,코스피200,081660
20200901,코스피200,004370
20200901,코스피200,007310
20200901,코스피200,036460
20200901,코스피200,185750
20200901,코스피200,000880
20200901,코스피200,006360
20200901,코스피200,004170
20200901,코스피200,001450
20200901,코스피200,011200
20200901,코스피200,014680
20200901,코스피200,009420
20200901,코스피200,047050
20200901,코스피200,028670
20200901,코스피200,138930
20200901,코스피200,294870
20200901,코스피200,017800
20200901,코스피200,010120
20200901,코스피200,064350
20200901,코스피200,007570
20200901,코스피200,009410
20200901,코스피200,042670
20200901,코스피200,204320
20200901,코스피200,000990
20200901,코스피200,010060
20200901,코스피200,006260
20200901,코스피200,007700
20200901,코스피200,006120
20200901,코스피200,111770
20200901,코스피200,192080
20200901,코스피200,012450
20200901,코스피200,032350
20200901,코스피200,010780
20200901,코스피200,088350
20200901,코스피200,000240
20200901,코스피200,003520
20200901,코스피200,004800
20200901,코스피200,069620
20200901,코스피200,011210
20200901,코스피200,016380
20200901,코스피200,047040
20200901,코스피200,051600
20200901,코스피200,069960
20200901,코스피200,001740
20200901,코스피200,002380
20200901,코스피200,005250
20200901,코스피200,010620
20200901,코스피200,214320
20200901,코스피200,073240
20200901,코스피200,004000
20200901,코스피200,192820
20200901,코스피200,161890
20200901,코스피200,000670
20200901,코스피200,001680
20200901,코스피200,020560
20200901,코스피200,120110
20200901,코스피200,031430
20200901,코스피200,284740
20200901,코스피200,093370
20200901,코스피200,064960
20200901,코스피200,003850
20200901,코스피200,079160
20200901,코스피200,001060
20200901,코스피200,020000
20200901,코스피200,057050
20200901,코스피200,170900
20200901,코스피200,000150
20200901,코스피200,001800
20200901,코스피200,005440
20200901,코스피200,005300
20200901,코스피200,003240
20200901,코스피200,000640
20200901,코스피200,103140
20200901,코스피200,079550
20200901,코스피200,071840
20200901,코스피200,069260
20200901,코스피200,052690
20200901,코스피200,049770
20200901,코스피200,012630
20200901,코스피200,241590
20200901,코스피200,192400
20200901,코스피200,145990
20200901,코스피200,006650
20200901,코스피200,105630
20200901,코스피200,114090
20200901,코스피200,000070
20200901,코스피200,001120
20200901,코스피200,001230
20200901,코스피200,002350
20200901,코스피200,005180
20200901,코스피200,005610
20200901,코스피200,014820
20200901,코스피200,018250
20200901,코스피200,108670
20200901,코스피200,115390
20200901,코스피200,001430
20200901,코스피200,014830
20200901,코스피200,027410
20200901,코스피200,025860
20200901,코스피200,002270
20200901,코스피200,004490
20200901,코스피200,006390
20200901,코스피200,093050
20200901,코스피200,060980
20200901,코스피200,019680
20200901,코스피200,002240
20200901,코스닥150,091990
20200901,코스닥150,096530
20200901,코스닥150,196170
20200901,코스닥150,028300
20200901,코스닥150,095700
20200901,코스닥150,068760
20200901,코스닥150,247540
20200901,코스닥150,032500
20200901,코스닥150,035760
20200901,코스닥150,036490
20200901,코스닥150,263750
20200901,코스닥150,253450
20200901,코스닥150,145020
20200901,코스닥150,200130
20200901,코스닥150,058470
20200901,코스닥150,268600
20200901,코스닥150,005290
20200901,코스닥150,240810
20200901,코스닥150,060250
20200901,코스닥150,278280
20200901,코스닥150,298380
20200901,코스닥150,086900
20200901,코스닥150,078340
20200901,코스닥150,140410
20200901,코스닥150,039030
20200901,코스닥150,086450
20200901,코스닥150,084850
20200901,코스닥150,000250
20200901,코스닥150,069080
20200901,코스닥150,084990
20200901,코스닥150,088800
20200901,코스닥150,035900
20200901,코스닥150,098460
20200901,코스닥150,034230
20200901,코스닥150,141080
20200901,코스닥150,064760
20200901,코스닥150,237690
20200901,코스닥150,066970
20200901,코스닥150,056190
20200901,코스닥150,183490
20200901,코스닥150,085660
20200901,코스닥150,030190
20200901,코스닥150,046890
20200901,코스닥150,086520
20200901,코스닥150,041960
20200901,코스닥150,039200
20200901,코스닥150,218410
20200901,코스닥150,178320
20200901,코스닥150,025900
20200901,코스닥150,122870
20200901,코스닥150,067630
20200901,코스닥150,178920
20200901,코스닥150,036540
20200901,코스닥150,214150
20200901,코스닥150,041510
20200901,코스닥150,115450
20200901,코스닥150,083790
20200901,코스닥150,213420
20200901,코스닥150,092040
20200901,코스닥150,028150
20200901,코스닥150,025980
20200901,코스닥150,243070
20200901,코스닥150,108320
20200901,코스닥150,090460
20200901,코스닥150,138080
20200901,코스닥150,042000
20200901,코스닥150,033640
20200901,코스닥150,214450
20200901,코스닥150,214370
20200901,코스닥150,007390
20200901,코스닥150,067160
20200901,코스닥150,053800
20200901,코스닥150,022100
20200901,코스닥150,084370
20200901,코스닥150,035600
20200901,코스닥150,058820
20200901,코스닥150,068240
20200901,코스닥150,108230
20200901,코스닥150,097520
20200901,코스닥150,078130
20200901,코스닥150,112040
20200901,코스닥150,003380
20200901,코스닥150,144510
20200901,코스닥150,102710
20200901,코스닥150,031390
20200901,코스닥150,032190
20200901,코스닥150,033290
20200901,코스닥150,182400
20200901,코스닥150,091700
20200901,코스닥150,065660
20200901,코스닥150,048260
20200901,코스닥150,048530
20200901,코스닥150,267980
20200901,코스닥150,263050
20200901,코스닥150,060720
20200901,코스닥150,078070
20200901,코스닥150,272290
20200901,코스닥150,029960
20200901,코스닥150,078160
20200901,코스닥150,230360
20200901,코스닥150,200230
20200901,코스닥150,036830
20200901,코스닥150,045390
20200901,코스닥150,192440
20200901,코스닥150,122990
20200901,코스닥150,095610
20200901,코스닥150,048410
20200901,코스닥150,215000
20200901,코스닥150,061970
20200901,코스닥150,039840
20200901,코스닥150,119860
20200901,코스닥150,084110
20200901,코스닥150,060150
20200901,코스닥150,052260
20200901,코스닥150,215200
20200901,코스닥150,006730
20200901,코스닥150,038500
20200901,코스닥150,228760
20200901,코스닥150,082920
20200901,코스닥150,030530
20200901,코스닥150,036930
20200901,코스닥150,038540
20200901,코스닥150,265520
20200901,코스닥150,089600
20200901,코스닥150,104830
20200901,코스닥150,044340
20200901,코스닥150,023410
20200901,코스닥150,243840
20200901,코스닥150,078020
20200901,코스닥150,043150
20200901,코스닥150,237880
20200901,코스닥150,018290
20200901,코스닥150,060570
20200901,코스닥150,143240
20200901,코스닥150,052020
20200901,코스닥150,015750
20200901,코스닥150,047310
20200901,코스닥150,035810
20200901,코스닥150,041830
20200901,코스닥150,239610
20200901,코스닥150,092730
20200901,코스닥150,115960
20200901,코스닥150,080160
20200901,코스닥150,014620
20200901,코스닥150,041190
20200901,코스닥150,282880
20200901,코스닥150,063570
20200901,코스닥150,049950
20200901,코스닥150,051500
20200901,코스닥150,023160
20201005,코스피200,005930
20201005,코스피200,000660
20201005,코스피200,035420
20201005,코스피200,051910
20201005,코스피200,207940
20201005,코스피200,005380
20201005,코스피200,068270
20201005,코스피200,035720
20201005,코스피200,006400
20201005,코스피200,051900
20201005,코스피200,012330
20201005,코스피200,000270
20201005,코스피200,028260
20201005,코스피200,017670
20201005,코스피200,005490
20201005,코스피200,036570
20201005,코스피200,105560
20201005,코스피200,066570
20201005,코스피200,034730
20201005,코스피200,251270
20201005,코스피200,055550
20201005,코스피200,018260
20201005,코스피200,015760
20201005,코스피200,096770
20201005,코스피200,003550
20201005,코스피200,032830
20201005,코스피200,033780
20201005,코스피200,326030
20201005,코스피200,009150
20201005,코스피200,090430
20201005,코스피200,000810
20201005,코스피200,086790
20201005,코스피200,011170
20201005,코스피200,010130
20201005,코스피200,018880
20201005,코스피200,009830
20201005,코스피200,316140
20201005,코스피200,010950
20201005,코스피200,009540
20201005,코스피200,021240
20201005,코스피200,097950
20201005,코스피200,030200
20201005,코스피200,024110
20201005,코스피200,086280
20201005,코스피200,034220
20201005,코스피200,006800
20201005,코스피200,271560
20201005,코스피200,032640
20201005,코스피200,003670
20201005,코스피200,035250
20201005,코스피200,000100
20201005,코스피200,071050
20201005,코스피200,000120
20201005,코스피200,180640
20201005,코스피200,002790
20201005,코스피200,139480
20201005,코스피200,161390
20201005,코스피200,008930
20201005,코스피200,011070
20201005,코스피200,011780
20201005,코스피200,004020
20201005,코스피200,034020
20201005,코스피200,267250
20201005,코스피200,285130
20201005,코스피200,000720
20201005,코스피200,029780
20201005,코스피200,003490
20201005,코스피200,010140
20201005,코스피200,012750
20201005,코스피200,005830
20201005,코스피200,011790
20201005,코스피200,128940
20201005,코스피200,004990
20201005,코스피200,003410
20201005,코스피200,078930
20201005,코스피200,026960
20201005,코스피200,008770
20201005,코스피200,000210
20201005,코스피200,241560
20201005,코스피200,016360
20201005,코스피200,005940
20201005,코스피200,042660
20201005,코스피200,007070
20201005,코스피200,006280
20201005,코스피200,000080
20201005,코스피200,030000
20201005,코스피200,009240
20201005,코스피200,001040
20201005,코스피200,036460
20201005,코스피200,011200
20201005,코스피200,008560
20201005,코스피200,081660
20201005,코스피200,047810
20201005,코스피200,023530
20201005,코스피200,001450
20201005,코스피200,004170
20201005,코스피200,007310
20201005,코스피200,282330
20201005,코스피200,028050
20201005,코스피200,028670
20201005,코스피200,020150
20201005,코스피200,000880
20201005,코스피200,006360
20201005,코스피200,004370
20201005,코스피200,003000
20201005,코스피200,006260
20201005,코스피200,009420
20201005,코스피200,204320
20201005,코스피200,042670
20201005,코스피200,064350
20201005,코스피200,185750
20201005,코스피200,010120
20201005,코스피200,000990
20201005,코스피200,138930
20201005,코스피200,047050
20201005,코스피200,014680
20201005,코스피200,000240
20201005,코스피200,003520
20201005,코스피200,017800
20201005,코스피200,007570
20201005,코스피200,004800
20201005,코스피200,002380
20201005,코스피200,007700
20201005,코스피200,010060
20201005,코스피200,294870
20201005,코스피200,069960
20201005,코스피200,088350
20201005,코스피200,192080
20201005,코스피200,012450
20201005,코스피200,001740
20201005,코스피200,004000
20201005,코스피200,006120
20201005,코스피200,006650
20201005,코스피200,192820
20201005,코스피200,010780
20201005,코스피200,051600
20201005,코스피200,069620
20201005,코스피200,111770
20201005,코스피200,010620
20201005,코스피200,005250
20201005,코스피200,011210
20201005,코스피200,031430
20201005,코스피200,214320
20201005,코스피200,047040
20201005,코스피200,073240
20201005,코스피200,161890
20201005,코스피200,032350
20201005,코스피200,001680
20201005,코스피200,020560
20201005,코스피200,284740
20201005,코스피200,120110
20201005,코스피200,069260
20201005,코스피200,000150
20201005,코스피200,000640
20201005,코스피200,000670
20201005,코스피200,001800
20201005,코스피200,016380
20201005,코스피200,241590
20201005,코스피200,064960
20201005,코스피200,079160
20201005,코스피200,093370
20201005,코스피200,170900
20201005,코스피200,057050
20201005,코스피200,001060
20201005,코스피200,192400
20201005,코스피200,003240
20201005,코스피200,003850
20201005,코스피200,005300
20201005,코스피200,005440
20201005,코스피200,012630
20201005,코스피200,020000
20201005,코스피200,049770
20201005,코스피200,052690
20201005,코스피200,071840
20201005,코스피200,079550
20201005,코스피200,103140
20201005,코스피200,105630
20201005,코스피200,114090
20201005,코스피200,001230
20201005,코스피200,000070
20201005,코스피200,001120
20201005,코스피200,002350
20201005,코스피200,005180
20201005,코스피200,145990
20201005,코스피200,014820
20201005,코스피200,018250
20201005,코스피200,108670
20201005,코스피200,115390
20201005,코스피200,005610
20201005,코스피200,001430
20201005,코스피200,004490
20201005,코스피200,006390
20201005,코스피200,093050
20201005,코스피200,014830
20201005,코스피200,025860
20201005,코스피200,027410
20201005,코스피200,009410
20201005,코스피200,002270
20201005,코스피200,060980
20201005,코스피200,019680
20201005,코스닥150,091990
20201005,코스닥150,096530
20201005,코스닥150,028300
20201005,코스닥150,196170
20201005,코스닥150,068760
20201005,코스닥150,095700
20201005,코스닥150,032500
20201005,코스닥150,035760
20201005,코스닥150,247540
20201005,코스닥150,263750
20201005,코스닥150,036490
20201005,코스닥150,253450
20201005,코스닥150,145020
20201005,코스닥150,058470
20201005,코스닥150,200130
20201005,코스닥150,278280
20201005,코스닥150,240810
20201005,코스닥150,268600
20201005,코스닥150,060250
20201005,코스닥150,005290
20201005,코스닥150,078340
20201005,코스닥150,140410
20201005,코스닥150,067630
20201005,코스닥150,298380
20201005,코스닥150,141080
20201005,코스닥150,237690
20201005,코스닥150,039200
20201005,코스닥150,056190
20201005,코스닥150,084850
20201005,코스닥150,035900
20201005,코스닥150,069080
20201005,코스닥150,000250
20201005,코스닥150,086900
20201005,코스닥150,030190
20201005,코스닥150,034230
20201005,코스닥150,086450
20201005,코스닥150,039030
20201005,코스닥150,098460
20201005,코스닥150,066970
20201005,코스닥150,022100
20201005,코스닥150,064760
20201005,코스닥150,088800
20201005,코스닥150,085660
20201005,코스닥150,046890
20201005,코스닥150,041960
20201005,코스닥150,183490
20201005,코스닥150,086520
20201005,코스닥150,084990
20201005,코스닥150,218410
20201005,코스닥150,122870
20201005,코스닥150,230360
20201005,코스닥150,178920
20201005,코스닥150,025900
20201005,코스닥150,028150
20201005,코스닥150,214150
20201005,코스닥150,092040
20201005,코스닥150,036540
20201005,코스닥150,178320
20201005,코스닥150,083790
20201005,코스닥150,041510
20201005,코스닥150,213420
20201005,코스닥150,025980
20201005,코스닥150,108320
20201005,코스닥150,115450
20201005,코스닥150,033640
20201005,코스닥150,090460
20201005,코스닥150,078130
20201005,코스닥150,053800
20201005,코스닥150,214370
20201005,코스닥150,200230
20201005,코스닥150,067160
20201005,코스닥150,108230
20201005,코스닥150,097520
20201005,코스닥150,058820
20201005,코스닥150,243070
20201005,코스닥150,084370
20201005,코스닥150,003380
20201005,코스닥150,112040
20201005,코스닥150,102710
20201005,코스닥150,007390
20201005,코스닥150,214450
20201005,코스닥150,138080
20201005,코스닥150,035600
20201005,코스닥150,048260
20201005,코스닥150,042000
20201005,코스닥150,033290
20201005,코스닥150,091700
20201005,코스닥150,068240
20201005,코스닥150,078070
20201005,코스닥150,267980
20201005,코스닥150,263050
20201005,코스닥150,032190
20201005,코스닥150,144510
20201005,코스닥150,078160
20201005,코스닥150,031390
20201005,코스닥150,095610
20201005,코스닥150,061970
20201005,코스닥150,039840
20201005,코스닥150,182400
20201005,코스닥150,060720
20201005,코스닥150,048530
20201005,코스닥150,045390
20201005,코스닥150,272290
20201005,코스닥150,192440
20201005,코스닥150,065660
20201005,코스닥150,122990
20201005,코스닥150,036830
20201005,코스닥150,215000
20201005,코스닥150,029960
20201005,코스닥150,119860
20201005,코스닥150,048410
20201005,코스닥150,082920
20201005,코스닥150,006730
20201005,코스닥150,060150
20201005,코스닥150,052260
20201005,코스닥150,038500
20201005,코스닥150,044340
20201005,코스닥150,215200
20201005,코스닥150,104830
20201005,코스닥150,084110
20201005,코스닥150,030530
20201005,코스닥150,036930
20201005,코스닥150,228760
20201005,코스닥150,078020
20201005,코스닥150,043150
20201005,코스닥150,023410
20201005,코스닥150,265520
20201005,코스닥150,049950
20201005,코스닥150,038540
20201005,코스닥150,015750
20201005,코스닥150,018290
20201005,코스닥150,243840
20201005,코스닥150,089600
20201005,코스닥150,060570
20201005,코스닥150,237880
20201005,코스닥150,143240
20201005,코스닥150,047310
20201005,코스닥150,239610
20201005,코스닥150,115960
20201005,코스닥150,052020
20201005,코스닥150,035810
20201005,코스닥150,092730
20201005,코스닥150,080160
20201005,코스닥150,041830
20201005,코스닥150,041190
20201005,코스닥150,282880
20201005,코스닥150,063570
20201005,코스닥150,051500
20201005,코스닥150,014620
20201005,코스닥150,023160
20201102,코스피200,005930
20201102,코스피200,000660
20201102,코스피200,035420
20201102,코스피200,207940
20201102,코스피200,051910
20201102,코스피200,005380
20201102,코스피200,068270
20201102,코스피200,006400
20201102,코스피200,035720
20201102,코스피200,051900
20201102,코스피200,012330
20201102,코스피200,028260
20201102,코스피200,000270
20201102,코스피200,005490
20201102,코스피200,105560
20201102,코스피200,017670
20201102,코스피200,036570
20201102,코스피200,055550
20201102,코스피200,066570
20201102,코스피200,018260
20201102,코스피200,015760
20201102,코스피200,034730
20201102,코스피200,032830
20201102,코스피200,326030
20201102,코스피200,003550
20201102,코스피200,033780
20201102,코스피200,096770
20201102,코스피200,251270
20201102,코스피200,009150
20201102,코스피200,086790
20201102,코스피200,090430
20201102,코스피200,000810
20201102,코스피200,011170
20201102,코스피200,009830
20201102,코스피200,010130
20201102,코스피200,316140
20201102,코스피200,086280
20201102,코스피200,010950
20201102,코스피200,024110
20201102,코스피200,018880
20201102,코스피200,030200
20201102,코스피200,006800
20201102,코스피200,009540
20201102,코스피200,097950
20201102,코스피200,034220
20201102,코스피200,021240
20201102,코스피200,032640
20201102,코스피200,003670
20201102,코스피200,180640
20201102,코스피200,035250
20201102,코스피200,271560
20201102,코스피200,004020
20201102,코스피200,000100
20201102,코스피200,011780
20201102,코스피200,285130
20201102,코스피200,161390
20201102,코스피200,139480
20201102,코스피200,071050
20201102,코스피200,029780
20201102,코스피200,000120
20201102,코스피200,002790
20201102,코스피200,008930
20201102,코스피200,034020
20201102,코스피200,003490
20201102,코스피200,006280
20201102,코스피200,011070
20201102,코스피200,267250
20201102,코스피200,000720
20201102,코스피200,005830
20201102,코스피200,010140
20201102,코스피200,012750
20201102,코스피200,078930
20201102,코스피200,128940
20201102,코스피200,241560
20201102,코스피200,004990
20201102,코스피200,011200
20201102,코스피200,008770
20201102,코스피200,003410
20201102,코스피200,026960
20201102,코스피200,016360
20201102,코스피200,000210
20201102,코스피200,011790
20201102,코스피200,005940
20201102,코스피200,036460
20201102,코스피200,007070
20201102,코스피200,081660
20201102,코스피200,030000
20201102,코스피200,023530
20201102,코스피200,000080
20201102,코스피200,042660
20201102,코스피200,028050
20201102,코스피200,008560
20201102,코스피200,001040
20201102,코스피200,001450
20201102,코스피200,047810
20201102,코스피200,009240
20201102,코스피200,006360
20201102,코스피200,004170
20201102,코스피200,282330
20201102,코스피200,020150
20201102,코스피200,000880
20201102,코스피200,138930
20201102,코스피200,028670
20201102,코스피200,007310
20201102,코스피200,004370
20201102,코스피200,204320
20201102,코스피200,042670
20201102,코스피200,006260
20201102,코스피200,004800
20201102,코스피200,014680
20201102,코스피200,185750
20201102,코스피200,064350
20201102,코스피200,047050
20201102,코스피200,003000
20201102,코스피200,007700
20201102,코스피200,009420
20201102,코스피200,069960
20201102,코스피200,010120
20201102,코스피200,017800
20201102,코스피200,010060
20201102,코스피200,000240
20201102,코스피200,000990
20201102,코스피200,002380
20201102,코스피200,294870
20201102,코스피200,007570
20201102,코스피200,088350
20201102,코스피200,003520
20201102,코스피200,004000
20201102,코스피200,006120
20201102,코스피200,006650
20201102,코스피200,010780
20201102,코스피200,214320
20201102,코스피200,047040
20201102,코스피200,051600
20201102,코스피200,111770
20201102,코스피200,012450
20201102,코스피200,001740
20201102,코스피200,005250
20201102,코스피200,010620
20201102,코스피200,011210
20201102,코스피200,192820
20201102,코스피200,073240
20201102,코스피200,161890
20201102,코스피200,192080
20201102,코스피200,069620
20201102,코스피200,000670
20201102,코스피200,031430
20201102,코스피200,284740
20201102,코스피200,069260
20201102,코스피200,120110
20201102,코스피200,032350
20201102,코스피200,000150
20201102,코스피200,001680
20201102,코스피200,001800
20201102,코스피200,003240
20201102,코스피200,241590
20201102,코스피200,020560
20201102,코스피200,057050
20201102,코스피200,064960
20201102,코스피200,093370
20201102,코스피200,016380
20201102,코스피200,000640
20201102,코스피200,192400
20201102,코스피200,001120
20201102,코스피200,003850
20201102,코스피200,005300
20201102,코스피200,005440
20201102,코스피200,014820
20201102,코스피200,020000
20201102,코스피200,049770
20201102,코스피200,071840
20201102,코스피200,079160
20201102,코스피200,079550
20201102,코스피200,103140
20201102,코스피200,105630
20201102,코스피200,114090
20201102,코스피200,170900
20201102,코스피200,001060
20201102,코스피200,000070
20201102,코스피200,001230
20201102,코스피200,002350
20201102,코스피200,005180
20201102,코스피200,005610
20201102,코스피200,145990
20201102,코스피200,018250
20201102,코스피200,052690
20201102,코스피200,108670
20201102,코스피200,115390
20201102,코스피200,012630
20201102,코스피200,001430
20201102,코스피200,002270
20201102,코스피200,004490
20201102,코스피200,006390
20201102,코스피200,093050
20201102,코스피200,014830
20201102,코스피200,025860
20201102,코스피200,027410
20201102,코스피200,009410
20201102,코스피200,060980
20201102,코스피200,019680
20201102,코스닥150,091990
20201102,코스닥150,096530
20201102,코스닥150,028300
20201102,코스닥150,196170
20201102,코스닥150,068760
20201102,코스닥150,035760
20201102,코스닥150,095700
20201102,코스닥150,247540
20201102,코스닥150,263750
20201102,코스닥150,145020
20201102,코스닥150,032500
20201102,코스닥150,036490
20201102,코스닥150,253450
20201102,코스닥150,058470
20201102,코스닥150,268600
20201102,코스닥150,060250
20201102,코스닥150,240810
20201102,코스닥150,140410
20201102,코스닥150,278280
20201102,코스닥150,078340
20201102,코스닥150,200130
20201102,코스닥150,005290
20201102,코스닥150,056190
20201102,코스닥150,141080
20201102,코스닥150,039200
20201102,코스닥150,067630
20201102,코스닥150,000250
20201102,코스닥150,030190
20201102,코스닥150,069080
20201102,코스닥150,298380
20201102,코스닥150,237690
20201102,코스닥150,034230
20201102,코스닥150,098460
20201102,코스닥150,035900
20201102,코스닥150,039030
20201102,코스닥150,064760
20201102,코스닥150,066970
20201102,코스닥150,086900
20201102,코스닥150,086450
20201102,코스닥150,084850
20201102,코스닥150,046890
20201102,코스닥150,022100
20201102,코스닥150,214150
20201102,코스닥150,086520
20201102,코스닥150,028150
20201102,코스닥150,085660
20201102,코스닥150,088800
20201102,코스닥150,178920
20201102,코스닥150,218410
20201102,코스닥150,036540
20201102,코스닥150,041960
20201102,코스닥150,230360
20201102,코스닥150,183490
20201102,코스닥150,108320
20201102,코스닥150,025900
20201102,코스닥150,122870
20201102,코스닥150,067160
20201102,코스닥150,213420
20201102,코스닥150,115450
20201102,코스닥150,112040
20201102,코스닥150,025980
20201102,코스닥150,041510
20201102,코스닥150,090460
20201102,코스닥150,083790
20201102,코스닥150,178320
20201102,코스닥150,033640
20201102,코스닥150,214370
20201102,코스닥150,003380
20201102,코스닥150,053800
20201102,코스닥150,092040
20201102,코스닥150,084370
20201102,코스닥150,058820
20201102,코스닥150,078130
20201102,코스닥150,097520
20201102,코스닥150,214450
20201102,코스닥150,108230
20201102,코스닥150,007390
20201102,코스닥150,243070
20201102,코스닥150,102710
20201102,코스닥150,068240
20201102,코스닥150,048260
20201102,코스닥150,035600
20201102,코스닥150,042000
20201102,코스닥150,200230
20201102,코스닥150,091700
20201102,코스닥150,033290
20201102,코스닥150,267980
20201102,코스닥150,084990
20201102,코스닥150,144510
20201102,코스닥150,095610
20201102,코스닥150,031390
20201102,코스닥150,263050
20201102,코스닥150,138080
20201102,코스닥150,078070
20201102,코스닥150,078160
20201102,코스닥150,039840
20201102,코스닥150,032190
20201102,코스닥150,215000
20201102,코스닥150,182400
20201102,코스닥150,048530
20201102,코스닥150,215200
20201102,코스닥150,060150
20201102,코스닥150,029960
20201102,코스닥150,272290
20201102,코스닥150,122990
20201102,코스닥150,036830
20201102,코스닥150,060720
20201102,코스닥150,045390
20201102,코스닥150,048410
20201102,코스닥150,061970
20201102,코스닥150,192440
20201102,코스닥150,119860
20201102,코스닥150,065660
20201102,코스닥150,082920
20201102,코스닥150,006730
20201102,코스닥150,228760
20201102,코스닥150,044340
20201102,코스닥150,038500
20201102,코스닥150,036930
20201102,코스닥150,104830
20201102,코스닥150,052260
20201102,코스닥150,023410
20201102,코스닥150,030530
20201102,코스닥150,084110
20201102,코스닥150,078020
20201102,코스닥150,038540
20201102,코스닥150,265520
20201102,코스닥150,043150
20201102,코스닥150,015750
20201102,코스닥150,243840
20201102,코스닥150,049950
20201102,코스닥150,041190
20201102,코스닥150,018290
20201102,코스닥150,047310
20201102,코스닥150,060570
20201102,코스닥150,237880
20201102,코스닥150,089600
20201102,코스닥150,143240
20201102,코스닥150,080160
20201102,코스닥150,052020
20201102,코스닥150,115960
20201102,코스닥150,035810
20201102,코스닥150,239610
20201102,코스닥150,092730
20201102,코스닥150,041830
20201102,코스닥150,063570
20201102,코스닥150,051500
20201102,코스닥150,282880
20201102,코스닥150,014620
20201102,코스닥150,023160
20201201,코스피200,005930
20201201,코스피200,000660
20201201,코스피200,051910
20201201,코스피200,207940
20201201,코스피200,035420
20201201,코스피200,068270
20201201,코스피200,005380
20201201,코스피200,006400
20201201,코스피200,035720
20201201,코스피200,000270
20201201,코스피200,051900
20201201,코스피200,012330
20201201,코스피200,028260
20201201,코스피200,005490
20201201,코스피200,017670
20201201,코스피200,105560
20201201,코스피200,036570
20201201,코스피200,055550
20201201,코스피200,096770
20201201,코스피200,034730
20201201,코스피200,032830
20201201,코스피200,066570
20201201,코스피200,326030
20201201,코스피200,015760
20201201,코스피200,018260
20201201,코스피200,003550
20201201,코스피200,009150
20201201,코스피200,033780
20201201,코스피200,090430
20201201,코스피200,251270
20201201,코스피200,086790
20201201,코스피200,011170
20201201,코스피200,000810
20201201,코스피200,018880
20201201,코스피200,010950
20201201,코스피200,009830
20201201,코스피200,010130
20201201,코스피200,009540
20201201,코스피200,316140
20201201,코스피200,024110
20201201,코스피200,086280
20201201,코스피200,006800
20201201,코스피200,030200
20201201,코스피200,034220
20201201,코스피200,003670
20201201,코스피200,097950
20201201,코스피200,032640
20201201,코스피200,021240
20201201,코스피200,035250
20201201,코스피200,008930
20201201,코스피200,285130
20201201,코스피200,271560
20201201,코스피200,004020
20201201,코스피200,003490
20201201,코스피200,267250
20201201,코스피200,180640
20201201,코스피200,139480
20201201,코스피200,128940
20201201,코스피200,002790
20201201,코스피200,010140
20201201,코스피200,000100
20201201,코스피200,011780
20201201,코스피200,011200
20201201,코스피200,071050
20201201,코스피200,161390
20201201,코스피200,006280
20201201,코스피200,000720
20201201,코스피200,034020
20201201,코스피200,029780
20201201,코스피200,000120
20201201,코스피200,011070
20201201,코스피200,004990
20201201,코스피200,016360
20201201,코스피200,078930
20201201,코스피200,011790
20201201,코스피200,026960
20201201,코스피200,005830
20201201,코스피200,005940
20201201,코스피200,008770
20201201,코스피200,241560
20201201,코스피200,012750
20201201,코스피200,042660
20201201,코스피200,023530
20201201,코스피200,003410
20201201,코스피200,000210
20201201,코스피200,007070
20201201,코스피200,036460
20201201,코스피200,028050
20201201,코스피200,006360
20201201,코스피200,204320
20201201,코스피200,081660
20201201,코스피200,008560
20201201,코스피200,001040
20201201,코스피200,004170
20201201,코스피200,047810
20201201,코스피200,028670
20201201,코스피200,030000
20201201,코스피200,009240
20201201,코스피200,000080
20201201,코스피200,282330
20201201,코스피200,020150
20201201,코스피200,006260
20201201,코스피200,000880
20201201,코스피200,007310
20201201,코스피200,001450
20201201,코스피200,009420
20201201,코스피200,010620
20201201,코스피200,185750
20201201,코스피200,088350
20201201,코스피200,138930
20201201,코스피200,014680
20201201,코스피200,004370
20201201,코스피200,004800
20201201,코스피200,005250
20201201,코스피200,010060
20201201,코스피200,069960
20201201,코스피200,017800
20201201,코스피200,042670
20201201,코스피200,047050
20201201,코스피200,064350
20201201,코스피200,010120
20201201,코스피200,000240
20201201,코스피200,000990
20201201,코스피200,006650
20201201,코스피200,003000
20201201,코스피200,002380
20201201,코스피200,003520
20201201,코스피200,004000
20201201,코스피200,007700
20201201,코스피200,111770
20201201,코스피200,012450
20201201,코스피200,047040
20201201,코스피200,010780
20201201,코스피200,001740
20201201,코스피200,006120
20201201,코스피200,007570
20201201,코스피200,011210
20201201,코스피200,294870
20201201,코스피200,032350
20201201,코스피200,051600
20201201,코스피200,069620
20201201,코스피200,020560
20201201,코스피200,003850
20201201,코스피200,016380
20201201,코스피200,031430
20201201,코스피200,214320
20201201,코스피200,120110
20201201,코스피200,161890
20201201,코스피200,192080
20201201,코스피200,073240
20201201,코스피200,000150
20201201,코스피200,000670
20201201,코스피200,001680
20201201,코스피200,003240
20201201,코스피200,005300
20201201,코스피200,284740
20201201,코스피200,069260
20201201,코스피200,093370
20201201,코스피200,114090
20201201,코스피200,192820
20201201,코스피200,057050
20201201,코스피200,000640
20201201,코스피200,001120
20201201,코스피200,001230
20201201,코스피200,001800
20201201,코스피200,005440
20201201,코스피200,014820
20201201,코스피200,241590
20201201,코스피200,064960
20201201,코스피200,071840
20201201,코스피200,079160
20201201,코스피200,103140
20201201,코스피200,170900
20201201,코스피200,020000
20201201,코스피200,000070
20201201,코스피200,192400
20201201,코스피200,002350
20201201,코스피200,004490
20201201,코스피200,005180
20201201,코스피200,005610
20201201,코스피200,012630
20201201,코스피200,018250
20201201,코스피200,049770
20201201,코스피200,052690
20201201,코스피200,079550
20201201,코스피200,105630
20201201,코스피200,108670
20201201,코스피200,115390
20201201,코스피200,001060
20201201,코스피200,006390
20201201,코스피200,009410
20201201,코스피200,014830
20201201,코스피200,145990
20201201,코스피200,027410
20201201,코스피200,060980
20201201,코스피200,093050
20201201,코스피200,025860
20201201,코스피200,001430
20201201,코스피200,019680
20201201,코스피200,002270
20201201,코스닥150,091990
20201201,코스닥150,068760
20201201,코스닥150,096530
20201201,코스닥150,196170
20201201,코스닥150,028300
20201201,코스닥150,095700
20201201,코스닥150,247540
20201201,코스닥150,032500
20201201,코스닥150,035760
20201201,코스닥150,036490
20201201,코스닥150,263750
20201201,코스닥150,145020
20201201,코스닥150,253450
20201201,코스닥150,240810
20201201,코스닥150,058470
20201201,코스닥150,039200
20201201,코스닥150,278280
20201201,코스닥150,078340
20201201,코스닥150,005290
20201201,코스닥150,140410
20201201,코스닥150,060250
20201201,코스닥150,066970
20201201,코스닥150,200130
20201201,코스닥150,268600
20201201,코스닥150,237690
20201201,코스닥150,034230
20201201,코스닥150,035900
20201201,코스닥150,000250
20201201,코스닥150,056190
20201201,코스닥150,141080
20201201,코스닥150,086900
20201201,코스닥150,098460
20201201,코스닥150,030190
20201201,코스닥150,298380
20201201,코스닥150,069080
20201201,코스닥150,039030
20201201,코스닥150,067630
20201201,코스닥150,084850
20201201,코스닥150,064760
20201201,코스닥150,086450
20201201,코스닥150,046890
20201201,코스닥150,022100
20201201,코스닥150,086520
20201201,코스닥150,214150
20201201,코스닥150,088800
20201201,코스닥150,085660
20201201,코스닥150,178920
20201201,코스닥150,218410
20201201,코스닥150,028150
20201201,코스닥150,025900
20201201,코스닥150,178320
20201201,코스닥150,036540
20201201,코스닥150,183490
20201201,코스닥150,041960
20201201,코스닥150,122870
20201201,코스닥150,230360
20201201,코스닥150,108320
20201201,코스닥150,048260
20201201,코스닥150,213420
20201201,코스닥150,090460
20201201,코스닥150,083790
20201201,코스닥150,033640
20201201,코스닥150,115450
20201201,코스닥150,084990
20201201,코스닥150,084370
20201201,코스닥150,041510
20201201,코스닥150,025980
20201201,코스닥150,112040
20201201,코스닥150,214370
20201201,코스닥150,144510
20201201,코스닥150,003380
20201201,코스닥150,067160
20201201,코스닥150,058820
20201201,코스닥150,097520
20201201,코스닥150,092040
20201201,코스닥150,078130
20201201,코스닥150,053800
20201201,코스닥150,243070
20201201,코스닥150,007390
20201201,코스닥150,214450
20201201,코스닥150,200230
20201201,코스닥150,068240
20201201,코스닥150,138080
20201201,코스닥150,102710
20201201,코스닥150,035600
20201201,코스닥150,267980
20201201,코스닥150,095610
20201201,코스닥150,091700
20201201,코스닥150,078070
20201201,코스닥150,031390
20201201,코스닥150,033290
20201201,코스닥150,039840
20201201,코스닥150,108230
20201201,코스닥150,048530
20201201,코스닥150,061970
20201201,코스닥150,042000
20201201,코스닥150,030530
20201201,코스닥150,032190
20201201,코스닥150,182400
20201201,코스닥150,078160
20201201,코스닥150,060150
20201201,코스닥150,041190
20201201,코스닥150,263050
20201201,코스닥150,122990
20201201,코스닥150,215200
20201201,코스닥150,029960
20201201,코스닥150,038500
20201201,코스닥150,215000
20201201,코스닥150,065660
20201201,코스닥150,060720
20201201,코스닥150,036830
20201201,코스닥150,272290
20201201,코스닥150,045390
20201201,코스닥150,006730
20201201,코스닥150,192440
20201201,코스닥150,104830
20201201,코스닥150,048410
20201201,코스닥150,119860
20201201,코스닥150,078020
20201201,코스닥150,036930
20201201,코스닥150,080160
20201201,코스닥150,044340
20201201,코스닥150,023410
20201201,코스닥150,038540
20201201,코스닥150,084110
20201201,코스닥150,082920
20201201,코스닥150,052260
20201201,코스닥150,265520
20201201,코스닥150,043150
20201201,코스닥150,015750
20201201,코스닥150,047310
20201201,코스닥150,243840
20201201,코스닥150,228760
20201201,코스닥150,049950
20201201,코스닥150,143240
20201201,코스닥150,018290
20201201,코스닥150,237880
20201201,코스닥150,060570
20201201,코스닥150,089600
20201201,코스닥150,052020
20201201,코스닥150,115960
20201201,코스닥150,041830
20201201,코스닥150,035810
20201201,코스닥150,239610
20201201,코스닥150,092730
20201201,코스닥150,051500
20201201,코스닥150,063570
20201201,코스닥150,014620
20201201,코스닥150,282880
20201201,코스닥150,023160
20210104,코스피200,005930
20210104,코스피200,000660
20210104,코스피200,051910
20210104,코스피200,207940
20210104,코스피200,035420
20210104,코스피200,068270
20210104,코스피200,006400
20210104,코스피200,005380
20210104,코스피200,035720
20210104,코스피200,012330
20210104,코스피200,028260
20210104,코스피200,000270
20210104,코스피200,051900
20210104,코스피200,005490
20210104,코스피200,066570
20210104,코스피200,036570
20210104,코스피200,096770
20210104,코스피200,017670
20210104,코스피200,105560
20210104,코스피200,034730
20210104,코스피200,015760
20210104,코스피200,003550
20210104,코스피200,055550
20210104,코스피200,032830
20210104,코스피200,018260
20210104,코스피200,009150
20210104,코스피200,326030
20210104,코스피200,090430
20210104,코스피200,251270
20210104,코스피200,033780
20210104,코스피200,086790
20210104,코스피200,011170
20210104,코스피200,018880
20210104,코스피200,000810
20210104,코스피200,009540
20210104,코스피200,010950
20210104,코스피200,009830
20210104,코스피200,010130
20210104,코스피200,086280
20210104,코스피200,003670
20210104,코스피200,316140
20210104,코스피200,034220
20210104,코스피200,024110
20210104,코스피200,019170
20210104,코스피200,030200
20210104,코스피200,006800
20210104,코스피200,097950
20210104,코스피200,352820
20210104,코스피200,006280
20210104,코스피200,004020
20210104,코스피200,000100
20210104,코스피200,021240
20210104,코스피200,011200
20210104,코스피200,034020
20210104,코스피200,032640
20210104,코스피200,035250
20210104,코스피200,008930
20210104,코스피200,271560
20210104,코스피200,003490
20210104,코스피200,010140
20210104,코스피200,011070
20210104,코스피200,285130
20210104,코스피200,071050
20210104,코스피200,161390
20210104,코스피200,011780
20210104,코스피200,002790
20210104,코스피200,000720
20210104,코스피200,267250
20210104,코스피200,139480
20210104,코스피200,128940
20210104,코스피200,180640
20210104,코스피200,011790
20210104,코스피200,000120
20210104,코스피200,336260
20210104,코스피200,004990
20210104,코스피200,016360
20210104,코스피200,078930
20210104,코스피200,029780
20210104,코스피200,026960
20210104,코스피200,003410
20210104,코스피200,005940
20210104,코스피200,039490
20210104,코스피200,012750
20210104,코스피200,008770
20210104,코스피200,003090
20210104,코스피200,005830
20210104,코스피200,006360
20210104,코스피200,241560
20210104,코스피200,112610
20210104,코스피200,204320
20210104,코스피200,042660
20210104,코스피200,000210
20210104,코스피200,036460
20210104,코스피200,028670
20210104,코스피200,023530
20210104,코스피200,001040
20210104,코스피200,007070
20210104,코스피200,081660
20210104,코스피200,047810
20210104,코스피200,028050
20210104,코스피200,005250
20210104,코스피200,008560
20210104,코스피200,185750
20210104,코스피200,020150
20210104,코스피200,009240
20210104,코스피200,000080
20210104,코스피200,000990
20210104,코스피200,004170
20210104,코스피200,282330
20210104,코스피200,010060
20210104,코스피200,030000
20210104,코스피200,006260
20210104,코스피200,000880
20210104,코스피200,007310
20210104,코스피200,064350
20210104,코스피200,047040
20210104,코스피200,014680
20210104,코스피200,001450
20210104,코스피200,003000
20210104,코스피200,009420
20210104,코스피200,010120
20210104,코스피200,272210
20210104,코스피200,011210
20210104,코스피200,069620
20210104,코스피200,088350
20210104,코스피200,010620
20210104,코스피200,002380
20210104,코스피200,004370
20210104,코스피200,294870
20210104,코스피200,047050
20210104,코스피200,138930
20210104,코스피200,042670
20210104,코스피200,004800
20210104,코스피200,006650
20210104,코스피200,069960
20210104,코스피200,017800
20210104,코스피200,010780
20210104,코스피200,000240
20210104,코스피200,003520
20210104,코스피200,111770
20210104,코스피200,012450
20210104,코스피200,013890
20210104,코스피200,004000
20210104,코스피200,001740
20210104,코스피200,006120
20210104,코스피200,007570
20210104,코스피200,214320
20210104,코스피200,016380
20210104,코스피200,051600
20210104,코스피200,161890
20210104,코스피200,007700
20210104,코스피200,000670
20210104,코스피200,001120
20210104,코스피200,004490
20210104,코스피200,031430
20210104,코스피200,032350
20210104,코스피200,192820
20210104,코스피200,073240
20210104,코스피200,093370
20210104,코스피200,114090
20210104,코스피200,120110
20210104,코스피200,192080
20210104,코스피200,069260
20210104,코스피200,000150
20210104,코스피200,284740
20210104,코스피200,001680
20210104,코스피200,001800
20210104,코스피200,003240
20210104,코스피200,003850
20210104,코스피200,005300
20210104,코스피200,005440
20210104,코스피200,014820
20210104,코스피200,020560
20210104,코스피200,057050
20210104,코스피200,064960
20210104,코스피200,079160
20210104,코스피200,241590
20210104,코스피200,001230
20210104,코스피200,000070
20210104,코스피200,001060
20210104,코스피200,003230
20210104,코스피200,012630
20210104,코스피200,018250
20210104,코스피200,020000
20210104,코스피200,192400
20210104,코스피200,052690
20210104,코스피200,071840
20210104,코스피200,079550
20210104,코스피200,103140
20210104,코스피200,105630
20210104,코스피200,108670
20210104,코스피200,049770
20210104,코스피200,002350
20210104,코스피200,005180
20210104,코스피200,005610
20210104,코스피200,145990
20210104,코스피200,008350
20210104,코스피200,009410
20210104,코스피200,115390
20210104,코스피200,006390
20210104,코스닥150,091990
20210104,코스닥150,068760
20210104,코스닥150,028300
20210104,코스닥150,196170
20210104,코스닥150,096530
20210104,코스닥150,247540
20210104,코스닥150,036490
20210104,코스닥150,293490
20210104,코스닥150,263750
20210104,코스닥150,032500
20210104,코스닥150,035760
20210104,코스닥150,095700
20210104,코스닥150,253450
20210104,코스닥150,145020
20210104,코스닥150,235980
20210104,코스닥150,357780
20210104,코스닥150,240810
20210104,코스닥150,066970
20210104,코스닥150,078340
20210104,코스닥150,058470
20210104,코스닥150,039200
20210104,코스닥150,237690
20210104,코스닥150,278280
20210104,코스닥150,005290
20210104,코스닥150,000250
20210104,코스닥150,141080
20210104,코스닥150,060250
20210104,코스닥150,268600
20210104,코스닥150,140410
20210104,코스닥150,200130
20210104,코스닥150,098460
20210104,코스닥150,030190
20210104,코스닥150,064760
20210104,코스닥150,039030
20210104,코스닥150,298380
20210104,코스닥150,056190
20210104,코스닥150,034230
20210104,코스닥150,035900
20210104,코스닥150,084850
20210104,코스닥150,022100
20210104,코스닥150,067630
20210104,코스닥150,069080
20210104,코스닥150,086450
20210104,코스닥150,144510
20210104,코스닥150,046890
20210104,코스닥150,086520
20210104,코스닥150,088800
20210104,코스닥150,025900
20210104,코스닥150,218410
20210104,코스닥150,178920
20210104,코스닥150,048530
20210104,코스닥150,048410
20210104,코스닥150,214150
20210104,코스닥150,085660
20210104,코스닥150,108320
20210104,코스닥150,086900
20210104,코스닥150,033640
20210104,코스닥150,036540
20210104,코스닥150,230360
20210104,코스닥150,036830
20210104,코스닥150,101490
20210104,코스닥150,178320
20210104,코스닥150,028150
20210104,코스닥150,183490
20210104,코스닥150,003380
20210104,코스닥150,041960
20210104,코스닥150,213420
20210104,코스닥150,084990
20210104,코스닥150,053800
20210104,코스닥150,083790
20210104,코스닥150,058820
20210104,코스닥150,122870
20210104,코스닥150,115450
20210104,코스닥150,214370
20210104,코스닥150,084370
20210104,코스닥150,090460
20210104,코스닥150,031390
20210104,코스닥150,078600
20210104,코스닥150,089980
20210104,코스닥150,290650
20210104,코스닥150,092190
20210104,코스닥150,097520
20210104,코스닥150,092040
20210104,코스닥150,025980
20210104,코스닥150,182400
20210104,코스닥150,067160
20210104,코스닥150,048260
20210104,코스닥150,041510
20210104,코스닥150,131370
20210104,코스닥150,102710
20210104,코스닥150,204270
20210104,코스닥150,061970
20210104,코스닥150,112040
20210104,코스닥150,078130
20210104,코스닥150,007390
20210104,코스닥150,290510
20210104,코스닥150,091700
20210104,코스닥150,042000
20210104,코스닥150,065660
20210104,코스닥150,263050
20210104,코스닥150,243070
20210104,코스닥150,138080
20210104,코스닥150,095610
20210104,코스닥150,068240
20210104,코스닥150,035600
20210104,코스닥150,222080
20210104,코스닥150,214450
20210104,코스닥150,137400
20210104,코스닥150,060150
20210104,코스닥150,267980
20210104,코스닥150,200230
20210104,코스닥150,078160
20210104,코스닥150,032190
20210104,코스닥150,078070
20210104,코스닥150,033290
20210104,코스닥150,030530
20210104,코스닥150,060720
20210104,코스닥150,215200
20210104,코스닥150,122990
20210104,코스닥150,108230
20210104,코스닥150,029960
20210104,코스닥150,104830
20210104,코스닥150,100130
20210104,코스닥150,006730
20210104,코스닥150,272290
20210104,코스닥150,034950
20210104,코스닥150,038500
20210104,코스닥150,215000
20210104,코스닥150,045390
20210104,코스닥150,044340
20210104,코스닥150,192440
20210104,코스닥150,119860
20210104,코스닥150,294140
20210104,코스닥150,036930
20210104,코스닥150,023410
20210104,코스닥150,052260
20210104,코스닥150,265520
20210104,코스닥150,082920
20210104,코스닥150,078020
20210104,코스닥150,038540
20210104,코스닥150,243840
20210104,코스닥150,194700
20210104,코스닥150,052020
20210104,코스닥150,237880
20210104,코스닥150,143240
20210104,코스닥150,060570
20210104,코스닥150,018290
20210104,코스닥150,035810
20210104,코스닥150,239610
20210104,코스닥150,092730
20210201,코스피200,005930
20210201,코스피200,000660
20210201,코스피200,051910
20210201,코스피200,035420
20210201,코스피200,207940
20210201,코스피200,006400
20210201,코스피200,005380
20210201,코스피200,068270
20210201,코스피200,035720
20210201,코스피200,000270
20210201,코스피200,012330
20210201,코스피200,096770
20210201,코스피200,066570
20210201,코스피200,051900
20210201,코스피200,028260
20210201,코스피200,034730
20210201,코스피200,005490
20210201,코스피200,036570
20210201,코스피200,017670
20210201,코스피200,003550
20210201,코스피200,105560
20210201,코스피200,055550
20210201,코스피200,009150
20210201,코스피200,018260
20210201,코스피200,015760
20210201,코스피200,032830
20210201,코스피200,090430
20210201,코스피200,251270
20210201,코스피200,326030
20210201,코스피200,033780
20210201,코스피200,086790
20210201,코스피200,018880
20210201,코스피200,011170
20210201,코스피200,010130
20210201,코스피200,009830
20210201,코스피200,003670
20210201,코스피200,000810
20210201,코스피200,034220
20210201,코스피200,010950
20210201,코스피200,352820
20210201,코스피200,086280
20210201,코스피200,011780
20210201,코스피200,009540
20210201,코스피200,316140
20210201,코스피200,097950
20210201,코스피200,006800
20210201,코스피200,030200
20210201,코스피200,024110
20210201,코스피200,008930
20210201,코스피200,161390
20210201,코스피200,021240
20210201,코스피200,004020
20210201,코스피200,032640
20210201,코스피200,003490
20210201,코스피200,285130
20210201,코스피200,035250
20210201,코스피200,006280
20210201,코스피200,000720
20210201,코스피200,011070
20210201,코스피200,271560
20210201,코스피200,002790
20210201,코스피200,011790
20210201,코스피200,011200
20210201,코스피200,000100
20210201,코스피200,139480
20210201,코스피200,128940
20210201,코스피200,071050
20210201,코스피200,019170
20210201,코스피200,034020
20210201,코스피200,010140
20210201,코스피200,180640
20210201,코스피200,000120
20210201,코스피200,336260
20210201,코스피200,039490
20210201,코스피200,267250
20210201,코스피200,004990
20210201,코스피200,029780
20210201,코스피200,078930
20210201,코스피200,016360
20210201,코스피200,204320
20210201,코스피200,003410
20210201,코스피200,005940
20210201,코스피200,006360
20210201,코스피200,020150
20210201,코스피200,047810
20210201,코스피200,012750
20210201,코스피200,026960
20210201,코스피200,008770
20210201,코스피200,241560
20210201,코스피200,036460
20210201,코스피200,023530
20210201,코스피200,112610
20210201,코스피200,003090
20210201,코스피200,282330
20210201,코스피200,001040
20210201,코스피200,042660
20210201,코스피200,000990
20210201,코스피200,007070
20210201,코스피200,011210
20210201,코스피200,047040
20210201,코스피200,010060
20210201,코스피200,005830
20210201,코스피200,081660
20210201,코스피200,028670
20210201,코스피200,028050
20210201,코스피200,008560
20210201,코스피200,004170
20210201,코스피200,000880
20210201,코스피200,088350
20210201,코스피200,000080
20210201,코스피200,006260
20210201,코스피200,009240
20210201,코스피200,014680
20210201,코스피200,030000
20210201,코스피200,047050
20210201,코스피200,185750
20210201,코스피200,375500
20210201,코스피200,005250
20210201,코스피200,064350
20210201,코스피200,012450
20210201,코스피200,007310
20210201,코스피200,001450
20210201,코스피200,002380
20210201,코스피200,004490
20210201,코스피200,006650
20210201,코스피200,010120
20210201,코스피200,294870
20210201,코스피200,042670
20210201,코스피200,069620
20210201,코스피200,069960
20210201,코스피200,138930
20210201,코스피200,272210
20210201,코스피200,010620
20210201,코스피200,004370
20210201,코스피200,004800
20210201,코스피200,017800
20210201,코스피200,009420
20210201,코스피200,010780
20210201,코스피200,007700
20210201,코스피200,000240
20210201,코스피200,003000
20210201,코스피200,111770
20210201,코스피200,013890
20210201,코스피200,004000
20210201,코스피200,001740
20210201,코스피200,003520
20210201,코스피200,006120
20210201,코스피200,214320
20210201,코스피200,031430
20210201,코스피200,051600
20210201,코스피200,014820
20210201,코스피200,001120
20210201,코스피200,192820
20210201,코스피200,003850
20210201,코스피200,005300
20210201,코스피200,007570
20210201,코스피200,016380
20210201,코스피200,020560
20210201,코스피200,032350
20210201,코스피200,064960
20210201,코스피200,073240
20210201,코스피200,093370
20210201,코스피200,120110
20210201,코스피200,161890
20210201,코스피200,192080
20210201,코스피200,003240
20210201,코스피200,000150
20210201,코스피200,000210
20210201,코스피200,000670
20210201,코스피200,001680
20210201,코스피200,001800
20210201,코스피200,284740
20210201,코스피200,057050
20210201,코스피200,069260
20210201,코스피200,071840
20210201,코스피200,079160
20210201,코스피200,114090
20210201,코스피200,005440
20210201,코스피200,000070
20210201,코스피200,241590
20210201,코스피200,001230
20210201,코스피200,003230
20210201,코스피200,012630
20210201,코스피200,018250
20210201,코스피200,020000
20210201,코스피200,049770
20210201,코스피200,052690
20210201,코스피200,079550
20210201,코스피200,103140
20210201,코스피200,108670
20210201,코스피200,145990
20210201,코스피200,192400
20210201,코스피200,001060
20210201,코스피200,002350
20210201,코스피200,005180
20210201,코스피200,005610
20210201,코스피200,115390
20210201,코스피200,008350
20210201,코스피200,009410
20210201,코스피200,105630
20210201,코스피200,006390
20210201,코스닥150,091990
20210201,코스닥150,068760
20210201,코스닥150,028300
20210201,코스닥150,096530
20210201,코스닥150,263750
20210201,코스닥150,196170
20210201,코스닥150,247540
20210201,코스닥150,293490
20210201,코스닥150,035760
20210201,코스닥150,036490
20210201,코스닥150,032500
20210201,코스닥150,253450
20210201,코스닥150,095700
20210201,코스닥150,145020
20210201,코스닥150,240810
20210201,코스닥150,058470
20210201,코스닥150,066970
20210201,코스닥150,357780
20210201,코스닥150,078340
20210201,코스닥150,278280
20210201,코스닥150,064760
20210201,코스닥150,237690
20210201,코스닥150,235980
20210201,코스닥150,005290
20210201,코스닥150,098460
20210201,코스닥150,200130
20210201,코스닥150,034230
20210201,코스닥150,000250
20210201,코스닥150,086450
20210201,코스닥150,141080
20210201,코스닥150,056190
20210201,코스닥150,086520
20210201,코스닥150,060250
20210201,코스닥150,069080
20210201,코스닥150,030190
20210201,코스닥150,144510
20210201,코스닥150,039030
20210201,코스닥150,025900
20210201,코스닥150,268600
20210201,코스닥150,140410
20210201,코스닥150,084850
20210201,코스닥150,022100
20210201,코스닥150,039200
20210201,코스닥150,035900
20210201,코스닥150,298380
20210201,코스닥150,178920
20210201,코스닥150,036540
20210201,코스닥150,046890
20210201,코스닥150,067630
20210201,코스닥150,108320
20210201,코스닥150,218410
20210201,코스닥150,048260
20210201,코스닥150,214150
20210201,코스닥150,084990
20210201,코스닥150,033640
20210201,코스닥150,085660
20210201,코스닥150,097520
20210201,코스닥150,089980
20210201,코스닥150,222080
20210201,코스닥150,036830
20210201,코스닥150,230360
20210201,코스닥150,088800
20210201,코스닥150,028150
20210201,코스닥150,084370
20210201,코스닥150,048410
20210201,코스닥150,213420
20210201,코스닥150,122870
20210201,코스닥150,053800
20210201,코스닥150,183490
20210201,코스닥150,101490
20210201,코스닥150,048530
20210201,코스닥150,290650
20210201,코스닥150,086900
20210201,코스닥150,263050
20210201,코스닥150,178320
20210201,코스닥150,003380
20210201,코스닥150,214370
20210201,코스닥150,090460
20210201,코스닥150,041960
20210201,코스닥150,067160
20210201,코스닥150,041510
20210201,코스닥150,058820
20210201,코스닥150,182400
20210201,코스닥150,078600
20210201,코스닥150,092190
20210201,코스닥150,083790
20210201,코스닥150,102710
20210201,코스닥150,025980
20210201,코스닥150,115450
20210201,코스닥150,112040
20210201,코스닥150,078160
20210201,코스닥150,214450
20210201,코스닥150,092040
20210201,코스닥150,061970
20210201,코스닥150,204270
20210201,코스닥150,091700
20210201,코스닥150,078130
20210201,코스닥150,031390
20210201,코스닥150,137400
20210201,코스닥150,095610
20210201,코스닥150,060150
20210201,코스닥150,290510
20210201,코스닥150,267980
20210201,코스닥150,065660
20210201,코스닥150,007390
20210201,코스닥150,068240
20210201,코스닥150,243070
20210201,코스닥150,138080
20210201,코스닥150,131370
20210201,코스닥150,030530
20210201,코스닥150,035600
20210201,코스닥150,032190
20210201,코스닥150,033290
20210201,코스닥150,215200
20210201,코스닥150,108230
20210201,코스닥150,036930
20210201,코스닥150,006730
20210201,코스닥150,038500
20210201,코스닥150,200230
20210201,코스닥150,104830
20210201,코스닥150,029960
20210201,코스닥150,078070
20210201,코스닥150,272290
20210201,코스닥150,122990
20210201,코스닥150,119860
20210201,코스닥150,044340
20210201,코스닥150,215000
20210201,코스닥150,060720
20210201,코스닥150,192440
20210201,코스닥150,034950
20210201,코스닥150,023410
20210201,코스닥150,038540
20210201,코스닥150,100130
20210201,코스닥150,078020
20210201,코스닥150,045390
20210201,코스닥150,265520
20210201,코스닥150,052260
20210201,코스닥150,082920
20210201,코스닥150,243840
20210201,코스닥150,237880
20210201,코스닥150,194700
20210201,코스닥150,042000
20210201,코스닥150,294140
20210201,코스닥150,143240
20210201,코스닥150,052020
20210201,코스닥150,060570
20210201,코스닥150,018290
20210201,코스닥150,092730
20210201,코스닥150,035810
20210201,코스닥150,239610
20210302,코스피200,005930
20210302,코스피200,000660
20210302,코스피200,051910
20210302,코스피200,035420
20210302,코스피200,005380
20210302,코스피200,207940
20210302,코스피200,006400
20210302,코스피200,035720
20210302,코스피200,068270
20210302,코스피200,000270
20210302,코스피200,012330
20210302,코스피200,005490
20210302,코스피200,096770
20210302,코스피200,066570
20210302,코스피200,051900
20210302,코스피200,028260
20210302,코스피200,036570
20210302,코스피200,017670
20210302,코스피200,034730
20210302,코스피200,105560
20210302,코스피200,055550
20210302,코스피200,003550
20210302,코스피200,032830
20210302,코스피200,009150
20210302,코스피200,018260
20210302,코스피200,015760
20210302,코스피200,090430
20210302,코스피200,003670
20210302,코스피200,086790
20210302,코스피200,011170
20210302,코스피200,033780
20210302,코스피200,251270
20210302,코스피200,010950
20210302,코스피200,018880
20210302,코스피200,326030
20210302,코스피200,000810
20210302,코스피200,034220
20210302,코스피200,009540
20210302,코스피200,010130
20210302,코스피200,352820
20210302,코스피200,086280
20210302,코스피200,009830
20210302,코스피200,316140
20210302,코스피200,030200
20210302,코스피200,011780
20210302,코스피200,024110
20210302,코스피200,097950
20210302,코스피200,006800
20210302,코스피200,011200
20210302,코스피200,161390
20210302,코스피200,004020
20210302,코스피200,002790
20210302,코스피200,035250
20210302,코스피200,271560
20210302,코스피200,032640
20210302,코스피200,071050
20210302,코스피200,011070
20210302,코스피200,139480
20210302,코스피200,003490
20210302,코스피200,021240
20210302,코스피200,019170
20210302,코스피200,000720
20210302,코스피200,006280
20210302,코스피200,011790
20210302,코스피200,285130
20210302,코스피200,000100
20210302,코스피200,267250
20210302,코스피200,008930
20210302,코스피200,010140
20210302,코스피200,026960
20210302,코스피200,034020
20210302,코스피200,180640
20210302,코스피200,029780
20210302,코스피200,128940
20210302,코스피200,000120
20210302,코스피200,078930
20210302,코스피200,023530
20210302,코스피200,004990
20210302,코스피200,047810
20210302,코스피200,039490
20210302,코스피200,016360
20210302,코스피200,008770
20210302,코스피200,003410
20210302,코스피200,336260
20210302,코스피200,241560
20210302,코스피200,005940
20210302,코스피200,006360
20210302,코스피200,012750
20210302,코스피200,020150
20210302,코스피200,028670
20210302,코스피200,005830
20210302,코스피200,036460
20210302,코스피200,204320
20210302,코스피200,010060
20210302,코스피200,282330
20210302,코스피200,088350
20210302,코스피200,014680
20210302,코스피200,007070
20210302,코스피200,042660
20210302,코스피200,004170
20210302,코스피200,028050
20210302,코스피200,000990
20210302,코스피200,008560
20210302,코스피200,047050
20210302,코스피200,001040
20210302,코스피200,000080
20210302,코스피200,009240
20210302,코스피200,047040
20210302,코스피200,081660
20210302,코스피200,272210
20210302,코스피200,003090
20210302,코스피200,006260
20210302,코스피200,030000
20210302,코스피200,064350
20210302,코스피200,011210
20210302,코스피200,000880
20210302,코스피200,007700
20210302,코스피200,006650
20210302,코스피200,001450
20210302,코스피200,007310
20210302,코스피200,010620
20210302,코스피200,185750
20210302,코스피200,375500
20210302,코스피200,002380
20210302,코스피200,012450
20210302,코스피200,294870
20210302,코스피200,111770
20210302,코스피200,138930
20210302,코스피200,069960
20210302,코스피200,000240
20210302,코스피200,003000
20210302,코스피200,004370
20210302,코스피200,004800
20210302,코스피200,042670
20210302,코스피200,010120
20210302,코스피200,010780
20210302,코스피200,017800
20210302,코스피200,005250
20210302,코스피200,032350
20210302,코스피200,120110
20210302,코스피200,112610
20210302,코스피200,069620
20210302,코스피200,000210
20210302,코스피200,001740
20210302,코스피200,004000
20210302,코스피200,004490
20210302,코스피200,006120
20210302,코스피200,214320
20210302,코스피200,014820
20210302,코스피200,031430
20210302,코스피200,051600
20210302,코스피200,161890
20210302,코스피200,013890
20210302,코스피200,000670
20210302,코스피200,001120
20210302,코스피200,003240
20210302,코스피200,003520
20210302,코스피200,003850
20210302,코스피200,192820
20210302,코스피200,009420
20210302,코스피200,016380
20210302,코스피200,020560
20210302,코스피200,073240
20210302,코스피200,192080
20210302,코스피200,005300
20210302,코스피200,001230
20210302,코스피200,284740
20210302,코스피200,001800
20210302,코스피200,005440
20210302,코스피200,007570
20210302,코스피200,020000
20210302,코스피200,057050
20210302,코스피200,064960
20210302,코스피200,069260
20210302,코스피200,071840
20210302,코스피200,079160
20210302,코스피200,093370
20210302,코스피200,103140
20210302,코스피200,114090
20210302,코스피200,192400
20210302,코스피200,241590
20210302,코스피200,001680
20210302,코스피200,000070
20210302,코스피200,000150
20210302,코스피200,002350
20210302,코스피200,003230
20210302,코스피200,012630
20210302,코스피200,115390
20210302,코스피200,049770
20210302,코스피200,052690
20210302,코스피200,079550
20210302,코스피200,105630
20210302,코스피200,018250
20210302,코스피200,001060
20210302,코스피200,005180
20210302,코스피200,005610
20210302,코스피200,145990
20210302,코스피200,009410
20210302,코스피200,108670
20210302,코스피200,006390
20210302,코스피200,008350
20210302,코스닥150,091990
20210302,코스닥150,068760
20210302,코스닥150,293490
20210302,코스닥150,263750
20210302,코스닥150,028300
20210302,코스닥150,196170
20210302,코스닥150,247540
20210302,코스닥150,036490
20210302,코스닥150,096530
20210302,코스닥150,035760
20210302,코스닥150,253450
20210302,코스닥150,095700
20210302,코스닥150,240810
20210302,코스닥150,058470
20210302,코스닥150,357780
20210302,코스닥150,032500
20210302,코스닥150,268600
20210302,코스닥150,145020
20210302,코스닥150,066970
20210302,코스닥150,048410
20210302,코스닥150,064760
20210302,코스닥150,235980
20210302,코스닥150,078340
20210302,코스닥150,278280
20210302,코스닥150,034230
20210302,코스닥150,005290
20210302,코스닥150,056190
20210302,코스닥150,237690
20210302,코스닥150,200130
20210302,코스닥150,098460
20210302,코스닥150,000250
20210302,코스닥150,086520
20210302,코스닥150,036540
20210302,코스닥150,140410
20210302,코스닥150,030190
20210302,코스닥150,141080
20210302,코스닥150,035900
20210302,코스닥150,039030
20210302,코스닥150,086450
20210302,코스닥150,178920
20210302,코스닥150,086900
20210302,코스닥150,069080
20210302,코스닥150,046890
20210302,코스닥150,022100
20210302,코스닥150,060250
20210302,코스닥150,039200
20210302,코스닥150,108320
20210302,코스닥150,084850
20210302,코스닥150,144510
20210302,코스닥150,085660
20210302,코스닥150,025900
20210302,코스닥150,298380
20210302,코스닥150,213420
20210302,코스닥150,048260
20210302,코스닥150,097520
20210302,코스닥150,084370
20210302,코스닥150,036830
20210302,코스닥150,053800
20210302,코스닥150,028150
20210302,코스닥150,033640
20210302,코스닥150,218410
20210302,코스닥150,214150
20210302,코스닥150,067160
20210302,코스닥150,067630
20210302,코스닥150,088800
20210302,코스닥150,084990
20210302,코스닥150,230360
20210302,코스닥150,122870
20210302,코스닥150,222080
20210302,코스닥150,003380
20210302,코스닥150,183490
20210302,코스닥150,048530
20210302,코스닥150,214370
20210302,코스닥150,101490
20210302,코스닥150,178320
20210302,코스닥150,041510
20210302,코스닥150,089980
20210302,코스닥150,290650
20210302,코스닥150,182400
20210302,코스닥150,112040
20210302,코스닥150,041960
20210302,코스닥150,290510
20210302,코스닥150,215200
20210302,코스닥150,025980
20210302,코스닥150,042000
20210302,코스닥150,058820
20210302,코스닥150,102710
20210302,코스닥150,083790
20210302,코스닥150,092190
20210302,코스닥150,095610
20210302,코스닥150,078600
20210302,코스닥150,090460
20210302,코스닥150,263050
20210302,코스닥150,091700
20210302,코스닥150,060150
20210302,코스닥150,038500
20210302,코스닥150,092040
20210302,코스닥150,267980
20210302,코스닥150,204270
20210302,코스닥150,137400
20210302,코스닥150,061970
20210302,코스닥150,065660
20210302,코스닥150,243070
20210302,코스닥150,078160
20210302,코스닥150,214450
20210302,코스닥150,078130
20210302,코스닥150,007390
20210302,코스닥150,031390
20210302,코스닥150,115450
20210302,코스닥150,068240
20210302,코스닥150,035600
20210302,코스닥150,033290
20210302,코스닥150,032190
20210302,코스닥150,036930
20210302,코스닥150,030530
20210302,코스닥150,138080
20210302,코스닥150,131370
20210302,코스닥150,108230
20210302,코스닥150,119860
20210302,코스닥150,060720
20210302,코스닥150,006730
20210302,코스닥150,029960
20210302,코스닥150,272290
20210302,코스닥150,104830
20210302,코스닥150,200230
20210302,코스닥150,044340
20210302,코스닥150,034950
20210302,코스닥150,265520
20210302,코스닥150,215000
20210302,코스닥150,078070
20210302,코스닥150,122990
20210302,코스닥150,023410
20210302,코스닥150,192440
20210302,코스닥150,078020
20210302,코스닥150,045390
20210302,코스닥150,038540
20210302,코스닥150,194700
20210302,코스닥150,143240
20210302,코스닥150,052020
20210302,코스닥150,052260
20210302,코스닥150,243840
20210302,코스닥150,100130
20210302,코스닥150,082920
20210302,코스닥150,237880
20210302,코스닥150,294140
20210302,코스닥150,060570
20210302,코스닥150,018290
20210302,코스닥150,092730
20210302,코스닥150,035810
20210302,코스닥150,239610
20210401,코스피200,005930
20210401,코스피200,000660
20210401,코스피200,035420
20210401,코스피200,051910
20210401,코스피200,207940
20210401,코스피200,005380
20210401,코스피200,006400
20210401,코스피200,035720
20210401,코스피200,068270
20210401,코스피200,000270
20210401,코스피200,012330
20210401,코스피200,005490
20210401,코스피200,066570
20210401,코스피200,051900
20210401,코스피200,028260
20210401,코스피200,105560
20210401,코스피200,017670
20210401,코스피200,096770
20210401,코스피200,034730
20210401,코스피200,036570
20210401,코스피200,055550
20210401,코스피200,003550
20210401,코스피200,032830
20210401,코스피200,090430
20210401,코스피200,015760
20210401,코스피200,018260
20210401,코스피200,009150
20210401,코스피200,086790
20210401,코스피200,003670
20210401,코스피200,033780
20210401,코스피200,251270
20210401,코스피200,011170
20210401,코스피200,018880
20210401,코스피200,009830
20210401,코스피200,011200
20210401,코스피200,003490
20210401,코스피200,009540
20210401,코스피200,010950
20210401,코스피200,000810
20210401,코스피200,352820
20210401,코스피200,326030
20210401,코스피200,011780
20210401,코스피200,034220
20210401,코스피200,010130
20210401,코스피200,030200
20210401,코스피200,316140
20210401,코스피200,086280
20210401,코스피200,024110
20210401,코스피200,004020
20210401,코스피200,006800
20210401,코스피200,097950
20210401,코스피200,161390
20210401,코스피200,002790
20210401,코스피200,035250
20210401,코스피200,032640
20210401,코스피200,011790
20210401,코스피200,271560
20210401,코스피200,000720
20210401,코스피200,021240
20210401,코스피200,011070
20210401,코스피200,010140
20210401,코스피200,139480
20210401,코스피200,071050
20210401,코스피200,034020
20210401,코스피200,000100
20210401,코스피200,267250
20210401,코스피200,019170
20210401,코스피200,000120
20210401,코스피200,006280
20210401,코스피200,241560
20210401,코스피200,008930
20210401,코스피200,029780
20210401,코스피200,128940
20210401,코스피200,180640
20210401,코스피200,003410
20210401,코스피200,016360
20210401,코스피200,004990
20210401,코스피200,006360
20210401,코스피200,023530
20210401,코스피200,047810
20210401,코스피200,078930
20210401,코스피200,008770
20210401,코스피200,039490
20210401,코스피200,005830
20210401,코스피200,336260
20210401,코스피200,112610
20210401,코스피200,204320
20210401,코스피200,005940
20210401,코스피200,008560
20210401,코스피200,012750
20210401,코스피200,020150
20210401,코스피200,026960
20210401,코스피200,028670
20210401,코스피200,014680
20210401,코스피200,036460
20210401,코스피200,285130
20210401,코스피200,042660
20210401,코스피200,007070
20210401,코스피200,028050
20210401,코스피200,088350
20210401,코스피200,010060
20210401,코스피200,004170
20210401,코스피200,282330
20210401,코스피200,009240
20210401,코스피200,001040
20210401,코스피200,000990
20210401,코스피200,000080
20210401,코스피200,081660
20210401,코스피200,047040
20210401,코스피200,010620
20210401,코스피200,272210
20210401,코스피200,047050
20210401,코스피200,030000
20210401,코스피200,000880
20210401,코스피200,006260
20210401,코스피200,042670
20210401,코스피200,064350
20210401,코스피200,138930
20210401,코스피200,375500
20210401,코스피200,001450
20210401,코스피200,002380
20210401,코스피200,006650
20210401,코스피200,069960
20210401,코스피200,007700
20210401,코스피200,011210
20210401,코스피200,012450
20210401,코스피200,007310
20210401,코스피200,003090
20210401,코스피200,004800
20210401,코스피200,294870
20210401,코스피200,017800
20210401,코스피200,010120
20210401,코스피200,000240
20210401,코스피200,004370
20210401,코스피200,005250
20210401,코스피200,185750
20210401,코스피200,111770
20210401,코스피200,120110
20210401,코스피200,010780
20210401,코스피200,003000
20210401,코스피200,004000
20210401,코스피200,069620
20210401,코스피200,031430
20210401,코스피200,051600
20210401,코스피200,016380
20210401,코스피200,000210
20210401,코스피200,001230
20210401,코스피200,001740
20210401,코스피200,192080
20210401,코스피200,014820
20210401,코스피200,032350
20210401,코스피200,161890
20210401,코스피200,009420
20210401,코스피200,000670
20210401,코스피200,001120
20210401,코스피200,003520
20210401,코스피200,003850
20210401,코스피200,004490
20210401,코스피200,005300
20210401,코스피200,241590
20210401,코스피200,013890
20210401,코스피200,020560
20210401,코스피200,073240
20210401,코스피200,192820
20210401,코스피200,214320
20210401,코스피200,006120
20210401,코스피200,001680
20210401,코스피200,284740
20210401,코스피200,003240
20210401,코스피200,005440
20210401,코스피200,020000
20210401,코스피200,052690
20210401,코스피200,057050
20210401,코스피200,064960
20210401,코스피200,069260
20210401,코스피200,071840
20210401,코스피200,079160
20210401,코스피200,079550
20210401,코스피200,093370
20210401,코스피200,103140
20210401,코스피200,114090
20210401,코스피200,192400
20210401,코스피200,001800
20210401,코스피200,000070
20210401,코스피200,000150
20210401,코스피200,002350
20210401,코스피200,003230
20210401,코스피200,115390
20210401,코스피200,012630
20210401,코스피200,049770
20210401,코스피200,105630
20210401,코스피200,108670
20210401,코스피200,006390
20210401,코스피200,001060
20210401,코스피200,005180
20210401,코스피200,145990
20210401,코스피200,007570
20210401,코스피200,018250
20210401,코스피200,005610
20210401,코스피200,009410
20210401,코스피200,008350
20210401,코스닥150,091990
20210401,코스닥150,068760
20210401,코스닥150,263750
20210401,코스닥150,028300
20210401,코스닥150,293490
20210401,코스닥150,096530
20210401,코스닥150,247540
20210401,코스닥150,036490
20210401,코스닥150,035760
20210401,코스닥150,253450
20210401,코스닥150,240810
20210401,코스닥150,196170
20210401,코스닥150,032500
20210401,코스닥150,058470
20210401,코스닥150,095700
20210401,코스닥150,064760
20210401,코스닥150,066970
20210401,코스닥150,357780
20210401,코스닥150,145020
20210401,코스닥150,268600
20210401,코스닥150,078340
20210401,코스닥150,235980
20210401,코스닥150,005290
20210401,코스닥150,278280
20210401,코스닥150,048410
20210401,코스닥150,098460
20210401,코스닥150,237690
20210401,코스닥150,200130
20210401,코스닥150,039030
20210401,코스닥150,030190
20210401,코스닥150,034230
20210401,코스닥150,056190
20210401,코스닥150,069080
20210401,코스닥150,140410
20210401,코스닥150,178920
20210401,코스닥150,141080
20210401,코스닥150,036540
20210401,코스닥150,048260
20210401,코스닥150,086520
20210401,코스닥150,086450
20210401,코스닥150,035900
20210401,코스닥150,108320
20210401,코스닥150,039200
20210401,코스닥150,000250
20210401,코스닥150,060250
20210401,코스닥150,086900
20210401,코스닥150,022100
20210401,코스닥150,067630
20210401,코스닥150,046890
20210401,코스닥150,213420
20210401,코스닥150,144510
20210401,코스닥150,084370
20210401,코스닥150,097520
20210401,코스닥150,025900
20210401,코스닥150,084850
20210401,코스닥150,298380
20210401,코스닥150,112040
20210401,코스닥150,028150
20210401,코스닥150,085660
20210401,코스닥150,084990
20210401,코스닥150,214150
20210401,코스닥150,183490
20210401,코스닥150,033640
20210401,코스닥150,218410
20210401,코스닥150,067160
20210401,코스닥150,036830
20210401,코스닥150,048530
20210401,코스닥150,003380
20210401,코스닥150,088800
20210401,코스닥150,089980
20210401,코스닥150,230360
20210401,코스닥150,178320
20210401,코스닥150,122870
20210401,코스닥150,222080
20210401,코스닥150,078130
20210401,코스닥150,290650
20210401,코스닥150,092040
20210401,코스닥150,041510
20210401,코스닥150,215200
20210401,코스닥150,214370
20210401,코스닥150,101490
20210401,코스닥150,214450
20210401,코스닥150,095610
20210401,코스닥150,041960
20210401,코스닥150,053800
20210401,코스닥150,025980
20210401,코스닥150,290510
20210401,코스닥150,078600
20210401,코스닥150,060150
20210401,코스닥150,007390
20210401,코스닥150,042000
20210401,코스닥150,263050
20210401,코스닥150,061970
20210401,코스닥150,182400
20210401,코스닥150,058820
20210401,코스닥150,038500
20210401,코스닥150,090460
20210401,코스닥150,215000
20210401,코스닥150,102710
20210401,코스닥150,092190
20210401,코스닥150,078160
20210401,코스닥150,267980
20210401,코스닥150,204270
20210401,코스닥150,091700
20210401,코스닥150,036930
20210401,코스닥150,033290
20210401,코스닥150,243070
20210401,코스닥150,137400
20210401,코스닥150,035600
20210401,코스닥150,030530
20210401,코스닥150,272290
20210401,코스닥150,060720
20210401,코스닥150,031390
20210401,코스닥150,068240
20210401,코스닥150,138080
20210401,코스닥150,032190
20210401,코스닥150,108230
20210401,코스닥150,104830
20210401,코스닥150,006730
20210401,코스닥150,131370
20210401,코스닥150,065660
20210401,코스닥150,029960
20210401,코스닥150,023410
20210401,코스닥150,200230
20210401,코스닥150,119860
20210401,코스닥150,044340
20210401,코스닥150,265520
20210401,코스닥150,083790
20210401,코스닥150,078020
20210401,코스닥150,034950
20210401,코스닥150,143240
20210401,코스닥150,078070
20210401,코스닥150,192440
20210401,코스닥150,100130
20210401,코스닥150,038540
20210401,코스닥150,045390
20210401,코스닥150,194700
20210401,코스닥150,122990
20210401,코스닥150,060570
20210401,코스닥150,237880
20210401,코스닥150,052260
20210401,코스닥150,082920
20210401,코스닥150,294140
20210401,코스닥150,243840
20210401,코스닥150,115450
20210401,코스닥150,052020
20210401,코스닥150,092730
20210401,코스닥150,018290
20210401,코스닥150,035810
20210401,코스닥150,239610
20210503,코스피200,005930
20210503,코스피200,000660
20210503,코스피200,051910
20210503,코스피200,035420
20210503,코스피200,207940
20210503,코스피200,035720
20210503,코스피200,005380
20210503,코스피200,006400
20210503,코스피200,068270
20210503,코스피200,000270
20210503,코스피200,005490
20210503,코스피200,012330
20210503,코스피200,066570
20210503,코스피200,028260
20210503,코스피200,017670
20210503,코스피200,051900
20210503,코스피200,096770
20210503,코스피200,105560
20210503,코스피200,003550
20210503,코스피200,055550
20210503,코스피200,034730
20210503,코스피200,036570
20210503,코스피200,032830
20210503,코스피200,090430
20210503,코스피200,015760
20210503,코스피200,018260
20210503,코스피200,086790
20210503,코스피200,009150
20210503,코스피200,011200
20210503,코스피200,033780
20210503,코스피200,003670
20210503,코스피200,009540
20210503,코스피200,251270
20210503,코스피200,010950
20210503,코스피200,011170
20210503,코스피200,000810
20210503,코스피200,003490
20210503,코스피200,009830
20210503,코스피200,034220
20210503,코스피200,018880
20210503,코스피200,352820
20210503,코스피200,326030
20210503,코스피200,010130
20210503,코스피200,011780
20210503,코스피200,316140
20210503,코스피200,030200
20210503,코스피200,004020
20210503,코스피200,086280
20210503,코스피200,024110
20210503,코스피200,006800
20210503,코스피200,097950
20210503,코스피200,002790
20210503,코스피200,161390
20210503,코스피200,071050
20210503,코스피200,032640
20210503,코스피200,000720
20210503,코스피200,034020
20210503,코스피200,267250
20210503,코스피200,035250
20210503,코스피200,021240
20210503,코스피200,011790
20210503,코스피200,139480
20210503,코스피200,010140
20210503,코스피200,271560
20210503,코스피200,011070
20210503,코스피200,241560
20210503,코스피200,008930
20210503,코스피200,000100
20210503,코스피200,128940
20210503,코스피200,042660
20210503,코스피200,078930
20210503,코스피200,006280
20210503,코스피200,029780
20210503,코스피200,006360
20210503,코스피200,016360
20210503,코스피200,028670
20210503,코스피200,003410
20210503,코스피200,000120
20210503,코스피200,004990
20210503,코스피200,023530
20210503,코스피200,028050
20210503,코스피200,008770
20210503,코스피200,005940
20210503,코스피200,005830
20210503,코스피200,010620
20210503,코스피200,180640
20210503,코스피200,008560
20210503,코스피200,039490
20210503,코스피200,019170
20210503,코스피200,026960
20210503,코스피200,088350
20210503,코스피200,020150
20210503,코스피200,012750
20210503,코스피200,047810
20210503,코스피200,047040
20210503,코스피200,036460
20210503,코스피200,285130
20210503,코스피200,112610
20210503,코스피200,004170
20210503,코스피200,204320
20210503,코스피200,001040
20210503,코스피200,010060
20210503,코스피200,014680
20210503,코스피200,007700
20210503,코스피200,002380
20210503,코스피200,007070
20210503,코스피200,009240
20210503,코스피200,030000
20210503,코스피200,047050
20210503,코스피200,081660
20210503,코스피200,282330
20210503,코스피200,336260
20210503,코스피200,375500
20210503,코스피200,000080
20210503,코스피200,138930
20210503,코스피200,000990
20210503,코스피200,000880
20210503,코스피200,004800
20210503,코스피200,064350
20210503,코스피200,042670
20210503,코스피200,006260
20210503,코스피200,001230
20210503,코스피200,001450
20210503,코스피200,069960
20210503,코스피200,010780
20210503,코스피200,007310
20210503,코스피200,003090
20210503,코스피200,006650
20210503,코스피200,011210
20210503,코스피200,012450
20210503,코스피200,294870
20210503,코스피200,017800
20210503,코스피200,111770
20210503,코스피200,272210
20210503,코스피200,016380
20210503,코스피200,000240
20210503,코스피200,004000
20210503,코스피200,120110
20210503,코스피200,005250
20210503,코스피200,010120
20210503,코스피200,004370
20210503,코스피200,000210
20210503,코스피200,003000
20210503,코스피200,185750
20210503,코스피200,051600
20210503,코스피200,069620
20210503,코스피200,031430
20210503,코스피200,000670
20210503,코스피200,001740
20210503,코스피200,161890
20210503,코스피200,013890
20210503,코스피200,052690
20210503,코스피200,005300
20210503,코스피200,000070
20210503,코스피200,241590
20210503,코스피200,001120
20210503,코스피200,001800
20210503,코스피200,003240
20210503,코스피200,003520
20210503,코스피200,003850
20210503,코스피200,004490
20210503,코스피200,006120
20210503,코스피200,009420
20210503,코스피200,014820
20210503,코스피200,020560
20210503,코스피200,032350
20210503,코스피200,073240
20210503,코스피200,103140
20210503,코스피200,192080
20210503,코스피200,192820
20210503,코스피200,214320
20210503,코스피200,000150
20210503,코스피200,001680
20210503,코스피200,005440
20210503,코스피200,020000
20210503,코스피200,057050
20210503,코스피200,064960
20210503,코스피200,069260
20210503,코스피200,284740
20210503,코스피200,079160
20210503,코스피200,079550
20210503,코스피200,093370
20210503,코스피200,105630
20210503,코스피200,114090
20210503,코스피200,192400
20210503,코스피200,071840
20210503,코스피200,002350
20210503,코스피200,003230
20210503,코스피200,006390
20210503,코스피200,007570
20210503,코스피200,115390
20210503,코스피200,018250
20210503,코스피200,049770
20210503,코스피200,108670
20210503,코스피200,012630
20210503,코스피200,001060
20210503,코스피200,005180
20210503,코스피200,145990
20210503,코스피200,009410
20210503,코스피200,005610
20210503,코스피200,008350
20210503,코스닥150,091990
20210503,코스닥150,068760
20210503,코스닥150,293490
20210503,코스닥150,247540
20210503,코스닥150,263750
20210503,코스닥150,036490
20210503,코스닥150,028300
20210503,코스닥150,196170
20210503,코스닥150,035760
20210503,코스닥150,253450
20210503,코스닥150,357780
20210503,코스닥150,058470
20210503,코스닥150,095700
20210503,코스닥150,240810
20210503,코스닥150,066970
20210503,코스닥150,064760
20210503,코스닥150,145020
20210503,코스닥150,096530
20210503,코스닥150,237690
20210503,코스닥150,032500
20210503,코스닥150,098460
20210503,코스닥150,268600
20210503,코스닥150,078340
20210503,코스닥150,278280
20210503,코스닥150,086520
20210503,코스닥150,034230
20210503,코스닥150,108320
20210503,코스닥150,005290
20210503,코스닥150,235980
20210503,코스닥150,200130
20210503,코스닥150,056190
20210503,코스닥150,025900
20210503,코스닥150,039030
20210503,코스닥150,178920
20210503,코스닥150,048410
20210503,코스닥150,030190
20210503,코스닥150,140410
20210503,코스닥150,048260
20210503,코스닥150,086450
20210503,코스닥150,036540
20210503,코스닥150,060250
20210503,코스닥150,000250
20210503,코스닥150,141080
20210503,코스닥150,069080
20210503,코스닥150,046890
20210503,코스닥150,035900
20210503,코스닥150,086900
20210503,코스닥150,084370
20210503,코스닥150,022100
20210503,코스닥150,144510
20210503,코스닥150,039200
20210503,코스닥150,213420
20210503,코스닥150,067160
20210503,코스닥150,084850
20210503,코스닥150,298380
20210503,코스닥150,183490
20210503,코스닥150,085660
20210503,코스닥150,067630
20210503,코스닥150,028150
20210503,코스닥150,214150
20210503,코스닥150,084990
20210503,코스닥150,218410
20210503,코스닥150,033640
20210503,코스닥150,003380
20210503,코스닥150,036830
20210503,코스닥150,112040
20210503,코스닥150,097520
20210503,코스닥150,078130
20210503,코스닥150,078600
20210503,코스닥150,178320
20210503,코스닥150,122870
20210503,코스닥150,230360
20210503,코스닥150,048530
20210503,코스닥150,243070
20210503,코스닥150,089980
20210503,코스닥150,025980
20210503,코스닥150,041510
20210503,코스닥150,222080
20210503,코스닥150,214370
20210503,코스닥150,214450
20210503,코스닥150,092190
20210503,코스닥150,290650
20210503,코스닥150,041960
20210503,코스닥150,215200
20210503,코스닥150,101490
20210503,코스닥150,053800
20210503,코스닥150,036930
20210503,코스닥150,060150
20210503,코스닥150,095610
20210503,코스닥150,092040
20210503,코스닥150,088800
20210503,코스닥150,215000
20210503,코스닥150,007390
20210503,코스닥150,290510
20210503,코스닥150,033290
20210503,코스닥150,042000
20210503,코스닥150,058820
20210503,코스닥150,267980
20210503,코스닥150,090460
20210503,코스닥150,204270
20210503,코스닥150,061970
20210503,코스닥150,083790
20210503,코스닥150,035600
20210503,코스닥150,102710
20210503,코스닥150,091700
20210503,코스닥150,038500
20210503,코스닥150,137400
20210503,코스닥150,031390
20210503,코스닥150,272290
20210503,코스닥150,182400
20210503,코스닥150,078160
20210503,코스닥150,030530
20210503,코스닥150,263050
20210503,코스닥150,068240
20210503,코스닥150,032190
20210503,코스닥150,006730
20210503,코스닥150,060720
20210503,코스닥150,131370
20210503,코스닥150,104830
20210503,코스닥150,078020
20210503,코스닥150,029960
20210503,코스닥150,138080
20210503,코스닥150,108230
20210503,코스닥150,065660
20210503,코스닥150,023410
20210503,코스닥150,200230
20210503,코스닥150,044340
20210503,코스닥150,034950
20210503,코스닥150,045390
20210503,코스닥150,119860
20210503,코스닥150,265520
20210503,코스닥150,194700
20210503,코스닥150,237880
20210503,코스닥150,143240
20210503,코스닥150,192440
20210503,코스닥150,078070
20210503,코스닥150,038540
20210503,코스닥150,115450
20210503,코스닥150,243840
20210503,코스닥150,122990
20210503,코스닥150,100130
20210503,코스닥150,052260
20210503,코스닥150,294140
20210503,코스닥150,060570
20210503,코스닥150,082920
20210503,코스닥150,018290
20210503,코스닥150,092730
20210503,코스닥150,035810
20210503,코스닥150,052020
20210503,코스닥150,239610
20210601,코스피200,005930
20210601,코스피200,000660
20210601,코스피200,035420
20210601,코스피200,051910
20210601,코스피200,035720
20210601,코스피200,207940
20210601,코스피200,005380
20210601,코스피200,006400
20210601,코스피200,068270
20210601,코스피200,000270
20210601,코스피200,005490
20210601,코스피200,028260
20210601,코스피200,012330
20210601,코스피200,066570
20210601,코스피200,096770
20210601,코스피200,105560
20210601,코스피200,051900
20210601,코스피200,017670
20210601,코스피200,055550
20210601,코스피200,036570
20210601,코스피200,034730
20210601,코스피200,032830
20210601,코스피200,015760
20210601,코스피200,090430
20210601,코스피200,011200
20210601,코스피200,003550
20210601,코스피200,018260
20210601,코스피200,086790
20210601,코스피200,009150
20210601,코스피200,251270
20210601,코스피200,033780
20210601,코스피200,010950
20210601,코스피200,003670
20210601,코스피200,003490
20210601,코스피200,009540
20210601,코스피200,000810
20210601,코스피200,011170
20210601,코스피200,352820
20210601,코스피200,018880
20210601,코스피200,030200
20210601,코스피200,326030
20210601,코스피200,009830
20210601,코스피200,034220
20210601,코스피200,010130
20210601,코스피200,034020
20210601,코스피200,316140
20210601,코스피200,024110
20210601,코스피200,097950
20210601,코스피200,004020
20210601,코스피200,086280
20210601,코스피200,011780
20210601,코스피200,032640
20210601,코스피200,000720
20210601,코스피200,006800
20210601,코스피200,002790
20210601,코스피200,161390
20210601,코스피200,035250
20210601,코스피200,021240
20210601,코스피200,267250
20210601,코스피200,071050
20210601,코스피200,241560
20210601,코스피200,011790
20210601,코스피200,271560
20210601,코스피200,011070
20210601,코스피200,008930
20210601,코스피200,000100
20210601,코스피200,078930
20210601,코스피200,139480
20210601,코스피200,128940
20210601,코스피200,004990
20210601,코스피200,016360
20210601,코스피200,180640
20210601,코스피200,010140
20210601,코스피200,042660
20210601,코스피200,029780
20210601,코스피200,000120
20210601,코스피200,008770
20210601,코스피200,006280
20210601,코스피200,006360
20210601,코스피200,003410
20210601,코스피200,028050
20210601,코스피200,005940
20210601,코스피200,005830
20210601,코스피200,019170
20210601,코스피200,023530
20210601,코스피200,028670
20210601,코스피200,010620
20210601,코스피200,047810
20210601,코스피200,081660
20210601,코스피200,047040
20210601,코스피200,039490
20210601,코스피200,001040
20210601,코스피200,112610
20210601,코스피200,088350
20210601,코스피200,204320
20210601,코스피200,282330
20210601,코스피200,012750
20210601,코스피200,020150
20210601,코스피200,026960
20210601,코스피200,010060
20210601,코스피200,042670
20210601,코스피200,004170
20210601,코스피200,007070
20210601,코스피200,008560
20210601,코스피200,036460
20210601,코스피200,285130
20210601,코스피200,030000
20210601,코스피200,014680
20210601,코스피200,336260
20210601,코스피200,375500
20210601,코스피200,009240
20210601,코스피200,002380
20210601,코스피200,000080
20210601,코스피200,138930
20210601,코스피200,000880
20210601,코스피200,047050
20210601,코스피200,012450
20210601,코스피200,011210
20210601,코스피200,017800
20210601,코스피200,006260
20210601,코스피200,000990
20210601,코스피200,064350
20210601,코스피200,052690
20210601,코스피200,069960
20210601,코스피200,111770
20210601,코스피200,001230
20210601,코스피200,001450
20210601,코스피200,003090
20210601,코스피200,004800
20210601,코스피200,007310
20210601,코스피200,010780
20210601,코스피200,004370
20210601,코스피200,000240
20210601,코스피200,051600
20210601,코스피200,016380
20210601,코스피200,294870
20210601,코스피200,272210
20210601,코스피200,120110
20210601,코스피200,010120
20210601,코스피200,006650
20210601,코스피200,004000
20210601,코스피200,069620
20210601,코스피200,031430
20210601,코스피200,013890
20210601,코스피200,005300
20210601,코스피200,005250
20210601,코스피200,032350
20210601,코스피200,003000
20210601,코스피200,001740
20210601,코스피200,185750
20210601,코스피200,073240
20210601,코스피200,020560
20210601,코스피200,214320
20210601,코스피200,192820
20210601,코스피200,004490
20210601,코스피200,161890
20210601,코스피200,003240
20210601,코스피200,000670
20210601,코스피200,000210
20210601,코스피200,000150
20210601,코스피200,192080
20210601,코스피200,079160
20210601,코스피200,003520
20210601,코스피200,003850
20210601,코스피200,114090
20210601,코스피200,014820
20210601,코스피200,001800
20210601,코스피200,057050
20210601,코스피200,001120
20210601,코스피200,241590
20210601,코스피200,009420
20210601,코스피200,005440
20210601,코스피200,020000
20210601,코스피200,103140
20210601,코스피200,284740
20210601,코스피200,000070
20210601,코스피200,001680
20210601,코스피200,006120
20210601,코스피200,049770
20210601,코스피200,064960
20210601,코스피200,069260
20210601,코스피200,071840
20210601,코스피200,079550
20210601,코스피200,093370
20210601,코스피200,105630
20210601,코스피200,192400
20210601,코스피200,108670
20210601,코스피200,018250
20210601,코스피200,012630
20210601,코스피200,002350
20210601,코스피200,003230
20210601,코스피200,006390
20210601,코스피200,007570
20210601,코스피200,383800
20210601,코스피200,115390
20210601,코스피200,005610
20210601,코스피200,009410
20210601,코스피200,005180
20210601,코스피200,001060
20210601,코스피200,145990
20210601,코스피200,007700
20210601,코스피200,008350
20210601,코스닥150,091990
20210601,코스닥150,068760
20210601,코스닥150,263750
20210601,코스닥150,293490
20210601,코스닥150,247540
20210601,코스닥150,028300
20210601,코스닥150,035760
20210601,코스닥150,096530
20210601,코스닥150,036490
20210601,코스닥150,196170
20210601,코스닥150,253450
20210601,코스닥150,357780
20210601,코스닥150,145020
20210601,코스닥150,058470
20210601,코스닥150,066970
20210601,코스닥150,095700
20210601,코스닥150,240810
20210601,코스닥150,032500
20210601,코스닥150,064760
20210601,코스닥150,237690
20210601,코스닥150,108320
20210601,코스닥150,034230
20210601,코스닥150,098460
20210601,코스닥150,078340
20210601,코스닥150,268600
20210601,코스닥150,278280
20210601,코스닥150,235980
20210601,코스닥150,200130
20210601,코스닥150,056190
20210601,코스닥150,005290
20210601,코스닥150,035900
20210601,코스닥150,030190
20210601,코스닥150,039030
20210601,코스닥150,025900
20210601,코스닥150,178920
20210601,코스닥150,048410
20210601,코스닥150,048260
20210601,코스닥150,086450
20210601,코스닥150,060250
20210601,코스닥150,022100
20210601,코스닥150,140410
20210601,코스닥150,000250
20210601,코스닥150,036540
20210601,코스닥150,141080
20210601,코스닥150,046890
20210601,코스닥150,069080
20210601,코스닥150,067160
20210601,코스닥150,039200
20210601,코스닥150,084990
20210601,코스닥150,084370
20210601,코스닥150,213420
20210601,코스닥150,086900
20210601,코스닥150,085660
20210601,코스닥150,041510
20210601,코스닥150,028150
20210601,코스닥150,144510
20210601,코스닥150,084850
20210601,코스닥150,214150
20210601,코스닥150,112040
20210601,코스닥150,067630
20210601,코스닥150,298380
20210601,코스닥150,003380
20210601,코스닥150,218410
20210601,코스닥150,122870
20210601,코스닥150,086520
20210601,코스닥150,097520
20210601,코스닥150,033640
20210601,코스닥150,007390
20210601,코스닥150,214450
20210601,코스닥150,025980
20210601,코스닥150,230360
20210601,코스닥150,183490
20210601,코스닥150,036830
20210601,코스닥150,048530
20210601,코스닥150,215200
20210601,코스닥150,178320
20210601,코스닥150,089980
20210601,코스닥150,078130
20210601,코스닥150,214370
20210601,코스닥150,092040
20210601,코스닥150,088800
20210601,코스닥150,036930
20210601,코스닥150,053800
20210601,코스닥150,243070
20210601,코스닥150,215000
20210601,코스닥150,222080
20210601,코스닥150,078600
20210601,코스닥150,290650
20210601,코스닥150,041960
20210601,코스닥150,035600
20210601,코스닥150,058820
20210601,코스닥150,090460
20210601,코스닥150,290510
20210601,코스닥150,101490
20210601,코스닥150,267980
20210601,코스닥150,092190
20210601,코스닥150,060150
20210601,코스닥150,272290
20210601,코스닥150,095610
20210601,코스닥150,083790
20210601,코스닥150,068240
20210601,코스닥150,033290
20210601,코스닥150,061970
20210601,코스닥150,042000
20210601,코스닥150,038500
20210601,코스닥150,032190
20210601,코스닥150,204270
20210601,코스닥150,091700
20210601,코스닥150,006730
20210601,코스닥150,263050
20210601,코스닥150,078160
20210601,코스닥150,031390
20210601,코스닥150,030530
20210601,코스닥150,182400
20210601,코스닥150,137400
20210601,코스닥150,102710
20210601,코스닥150,060720
20210601,코스닥150,029960
20210601,코스닥150,065660
20210601,코스닥150,237880
20210601,코스닥150,138080
20210601,코스닥150,078020
20210601,코스닥150,023410
20210601,코스닥150,131370
20210601,코스닥150,108230
20210601,코스닥150,038540
20210601,코스닥150,143240
20210601,코스닥150,104830
20210601,코스닥150,045390
20210601,코스닥150,044340
20210601,코스닥150,265520
20210601,코스닥150,200230
20210601,코스닥150,194700
20210601,코스닥150,078070
20210601,코스닥150,034950
20210601,코스닥150,119860
20210601,코스닥150,052260
20210601,코스닥150,192440
20210601,코스닥150,122990
20210601,코스닥150,060570
20210601,코스닥150,243840
20210601,코스닥150,100130
20210601,코스닥150,035810
20210601,코스닥150,018290
20210601,코스닥150,082920
20210601,코스닥150,294140
20210601,코스닥150,115450
20210601,코스닥150,092730
20210601,코스닥150,052020
20210601,코스닥150,239610
20210701,코스피200,005930
20210701,코스피200,000660
20210701,코스피200,035720
20210701,코스피200,035420
20210701,코스피200,051910
20210701,코스피200,207940
20210701,코스피200,005380
20210701,코스피200,006400
20210701,코스피200,068270
20210701,코스피200,000270
20210701,코스피200,005490
20210701,코스피200,051900
20210701,코스피200,012330
20210701,코스피200,066570
20210701,코스피200,028260
20210701,코스피200,096770
20210701,코스피200,017670
20210701,코스피200,105560
20210701,코스피200,055550
20210701,코스피200,034730
20210701,코스피200,036570
20210701,코스피200,003550
20210701,코스피200,032830
20210701,코스피200,015760
20210701,코스피200,011200
20210701,코스피200,090430
20210701,코스피200,018260
20210701,코스피200,086790
20210701,코스피200,361610
20210701,코스피200,009150
20210701,코스피200,302440
20210701,코스피200,251270
20210701,코스피200,352820
20210701,코스피200,033780
20210701,코스피200,010950
20210701,코스피200,003670
20210701,코스피200,003490
20210701,코스피200,034020
20210701,코스피200,000810
20210701,코스피200,326030
20210701,코스피200,009540
20210701,코스피200,011170
20210701,코스피200,018880
20210701,코스피200,034220
20210701,코스피200,009830
20210701,코스피200,030200
20210701,코스피200,316140
20210701,코스피200,010130
20210701,코스피200,024110
20210701,코스피200,086280
20210701,코스피200,004020
20210701,코스피200,097950
20210701,코스피200,011780
20210701,코스피200,032640
20210701,코스피200,161390
20210701,코스피200,000720
20210701,코스피200,006800
20210701,코스피200,021240
20210701,코스피200,011790
20210701,코스피200,035250
20210701,코스피200,267250
20210701,코스피200,071050
20210701,코스피200,008930
20210701,코스피200,011070
20210701,코스피200,002790
20210701,코스피200,271560
20210701,코스피200,241560
20210701,코스피200,028670
20210701,코스피200,028050
20210701,코스피200,000100
20210701,코스피200,019170
20210701,코스피200,078930
20210701,코스피200,180640
20210701,코스피200,139480
20210701,코스피200,128940
20210701,코스피200,000120
20210701,코스피200,010140
20210701,코스피200,004990
20210701,코스피200,003410
20210701,코스피200,016360
20210701,코스피200,006280
20210701,코스피200,029780
20210701,코스피200,298020
20210701,코스피200,008770
20210701,코스피200,005830
20210701,코스피200,042660
20210701,코스피200,006360
20210701,코스피200,005940
20210701,코스피200,020150
20210701,코스피200,036460
20210701,코스피200,010620
20210701,코스피200,042670
20210701,코스피200,081660
20210701,코스피200,039490
20210701,코스피200,272210
20210701,코스피200,336260
20210701,코스피200,023530
20210701,코스피200,047040
20210701,코스피200,012750
20210701,코스피200,088350
20210701,코스피200,112610
20210701,코스피200,001040
20210701,코스피200,008560
20210701,코스피200,047810
20210701,코스피200,282330
20210701,코스피200,285130
20210701,코스피200,026960
20210701,코스피200,030000
20210701,코스피200,010060
20210701,코스피200,204320
20210701,코스피200,002380
20210701,코스피200,007070
20210701,코스피200,047050
20210701,코스피200,375500
20210701,코스피200,014680
20210701,코스피200,011210
20210701,코스피200,003090
20210701,코스피200,004170
20210701,코스피200,000990
20210701,코스피200,064350
20210701,코스피200,001440
20210701,코스피200,000080
20210701,코스피200,138930
20210701,코스피200,000880
20210701,코스피200,012450
20210701,코스피200,009240
20210701,코스피200,017800
20210701,코스피200,073240
20210701,코스피200,120110
20210701,코스피200,006260
20210701,코스피200,001450
20210701,코스피200,004800
20210701,코스피200,001230
20210701,코스피200,294870
20210701,코스피200,298050
20210701,코스피200,051600
20210701,코스피200,069620
20210701,코스피200,007310
20210701,코스피200,111770
20210701,코스피200,000240
20210701,코스피200,004370
20210701,코스피200,069960
20210701,코스피200,016380
20210701,코스피200,010780
20210701,코스피200,004000
20210701,코스피200,052690
20210701,코스피200,185750
20210701,코스피200,000150
20210701,코스피200,000210
20210701,코스피200,013890
20210701,코스피200,006650
20210701,코스피200,010120
20210701,코스피200,005250
20210701,코스피200,031430
20210701,코스피200,032350
20210701,코스피200,161890
20210701,코스피200,192820
20210701,코스피200,004490
20210701,코스피200,001740
20210701,코스피200,003000
20210701,코스피200,003240
20210701,코스피200,214320
20210701,코스피200,000670
20210701,코스피200,001120
20210701,코스피200,003850
20210701,코스피200,005300
20210701,코스피200,009420
20210701,코스피200,014820
20210701,코스피200,020560
20210701,코스피200,000070
20210701,코스피200,064960
20210701,코스피200,284740
20210701,코스피200,241590
20210701,코스피200,192080
20210701,코스피200,114090
20210701,코스피200,105630
20210701,코스피200,103140
20210701,코스피200,093370
20210701,코스피200,079550
20210701,코스피200,079160
20210701,코스피200,001680
20210701,코스피200,001800
20210701,코스피200,002350
20210701,코스피200,003520
20210701,코스피200,005440
20210701,코스피200,006040
20210701,코스피200,006120
20210701,코스피200,020000
20210701,코스피200,057050
20210701,코스피200,069260
20210701,코스피200,007570
20210701,코스피200,071840
20210701,코스피200,108670
20210701,코스피200,383800
20210701,코스피200,115390
20210701,코스피200,192400
20210701,코스피200,049770
20210701,코스피200,003230
20210701,코스피200,001060
20210701,코스피200,007700
20210701,코스닥150,091990
20210701,코스닥150,068760
20210701,코스닥150,263750
20210701,코스닥150,247540
20210701,코스닥150,096530
20210701,코스닥150,293490
20210701,코스닥150,035760
20210701,코스닥150,196170
20210701,코스닥150,036490
20210701,코스닥150,028300
20210701,코스닥150,145020
20210701,코스닥150,253450
20210701,코스닥150,058470
20210701,코스닥150,066970
20210701,코스닥150,357780
20210701,코스닥150,240810
20210701,코스닥150,064760
20210701,코스닥150,095700
20210701,코스닥150,237690
20210701,코스닥150,032500
20210701,코스닥150,108320
20210701,코스닥150,007390
20210701,코스닥150,278280
20210701,코스닥150,268600
20210701,코스닥150,098460
20210701,코스닥150,034230
20210701,코스닥150,178920
20210701,코스닥150,078340
20210701,코스닥150,048260
20210701,코스닥150,085660
20210701,코스닥150,030190
20210701,코스닥150,235980
20210701,코스닥150,056190
20210701,코스닥150,086900
20210701,코스닥150,039030
20210701,코스닥150,025900
20210701,코스닥150,200130
20210701,코스닥150,141080
20210701,코스닥150,005290
20210701,코스닥150,035900
20210701,코스닥150,060250
20210701,코스닥150,067160
20210701,코스닥150,323990
20210701,코스닥150,041510
20210701,코스닥150,213420
20210701,코스닥150,048410
20210701,코스닥150,022100
20210701,코스닥150,039200
20210701,코스닥150,000250
20210701,코스닥150,140410
20210701,코스닥150,086450
20210701,코스닥150,036540
20210701,코스닥150,214150
20210701,코스닥150,144510
20210701,코스닥150,084990
20210701,코스닥150,046890
20210701,코스닥150,298380
20210701,코스닥150,084850
20210701,코스닥150,069080
20210701,코스닥150,194480
20210701,코스닥150,084370
20210701,코스닥150,003380
20210701,코스닥150,122870
20210701,코스닥150,033640
20210701,코스닥150,218410
20210701,코스닥150,067630
20210701,코스닥150,112040
20210701,코스닥150,048530
20210701,코스닥150,214450
20210701,코스닥150,166090
20210701,코스닥150,086520
20210701,코스닥150,140860
20210701,코스닥150,097520
20210701,코스닥150,082270
20210701,코스닥150,183490
20210701,코스닥150,092040
20210701,코스닥150,025980
20210701,코스닥150,230360
20210701,코스닥150,215200
20210701,코스닥150,027360
20210701,코스닥150,222800
20210701,코스닥150,088800
20210701,코스닥150,036830
20210701,코스닥150,290650
20210701,코스닥150,178320
20210701,코스닥150,058820
20210701,코스닥150,036930
20210701,코스닥150,053800
20210701,코스닥150,089980
20210701,코스닥150,078600
20210701,코스닥150,078130
20210701,코스닥150,041960
20210701,코스닥150,053030
20210701,코스닥150,243070
20210701,코스닥150,101490
20210701,코스닥150,090460
20210701,코스닥150,131970
20210701,코스닥150,038500
20210701,코스닥150,290510
20210701,코스닥150,222080
20210701,코스닥150,041190
20210701,코스닥150,060150
20210701,코스닥150,272290
20210701,코스닥150,131290
20210701,코스닥150,092190
20210701,코스닥150,032190
20210701,코스닥150,035600
20210701,코스닥150,100090
20210701,코스닥150,095610
20210701,코스닥150,068240
20210701,코스닥150,015750
20210701,코스닥150,042000
20210701,코스닥150,267980
20210701,코스닥150,204270
20210701,코스닥150,061970
20210701,코스닥150,033290
20210701,코스닥150,091700
20210701,코스닥150,036810
20210701,코스닥150,263050
20210701,코스닥150,137400
20210701,코스닥150,083790
20210701,코스닥150,031390
20210701,코스닥150,006730
20210701,코스닥150,029960
20210701,코스닥150,030530
20210701,코스닥150,182400
20210701,코스닥150,078160
20210701,코스닥150,102710
20210701,코스닥150,060720
20210701,코스닥150,018000
20210701,코스닥150,131370
20210701,코스닥150,080160
20210701,코스닥150,138080
20210701,코스닥150,108230
20210701,코스닥150,023410
20210701,코스닥150,265520
20210701,코스닥150,078020
20210701,코스닥150,045390
20210701,코스닥150,104830
20210701,코스닥150,038540
20210701,코스닥150,044340
20210701,코스닥150,200230
20210701,코스닥150,119860
20210701,코스닥150,078070
20210701,코스닥150,175250
20210701,코스닥150,122990
20210701,코스닥150,192440
20210701,코스닥150,294140
20210701,코스닥150,100130
20210701,코스닥150,115450
20210802,코스피200,005930
20210802,코스피200,000660
20210802,코스피200,035420
20210802,코스피200,035720
20210802,코스피200,051910
20210802,코스피200,207940
20210802,코스피200,006400
20210802,코스피200,005380
20210802,코스피200,068270
20210802,코스피200,000270
20210802,코스피200,005490
20210802,코스피200,028260
20210802,코스피200,012330
20210802,코스피200,066570
20210802,코스피200,096770
20210802,코스피200,051900
20210802,코스피200,017670
20210802,코스피200,105560
20210802,코스피200,055550
20210802,코스피200,034730
20210802,코스피200,036570
20210802,코스피200,015760
20210802,코스피200,361610
20210802,코스피200,011200
20210802,코스피200,302440
20210802,코스피200,032830
20210802,코스피200,003550
20210802,코스피200,018260
20210802,코스피200,009150
20210802,코스피200,090430
20210802,코스피200,086790
20210802,코스피200,003670
20210802,코스피200,251270
20210802,코스피200,352820
20210802,코스피200,033780
20210802,코스피200,034020
20210802,코스피200,010950
20210802,코스피200,003490
20210802,코스피200,000810
20210802,코스피200,010130
20210802,코스피200,326030
20210802,코스피200,009540
20210802,코스피200,011170
20210802,코스피200,030200
20210802,코스피200,018880
20210802,코스피200,034220
20210802,코스피200,316140
20210802,코스피200,024110
20210802,코스피200,009830
20210802,코스피200,097950
20210802,코스피200,086280
20210802,코스피200,004020
20210802,코스피200,021240
20210802,코스피200,032640
20210802,코스피200,011780
20210802,코스피200,000720
20210802,코스피200,161390
20210802,코스피200,011790
20210802,코스피200,035250
20210802,코스피200,006800
20210802,코스피200,267250
20210802,코스피200,071050
20210802,코스피200,011070
20210802,코스피200,008930
20210802,코스피200,271560
20210802,코스피200,028050
20210802,코스피200,002790
20210802,코스피200,139480
20210802,코스피200,241560
20210802,코스피200,000100
20210802,코스피200,180640
20210802,코스피200,010140
20210802,코스피200,005830
20210802,코스피200,000120
20210802,코스피200,016360
20210802,코스피200,028670
20210802,코스피200,029780
20210802,코스피200,078930
20210802,코스피200,128940
20210802,코스피200,003410
20210802,코스피200,004990
20210802,코스피200,020150
20210802,코스피200,298020
20210802,코스피200,008770
20210802,코스피200,006360
20210802,코스피200,007070
20210802,코스피200,005940
20210802,코스피200,006280
20210802,코스피200,042660
20210802,코스피200,019170
20210802,코스피200,036460
20210802,코스피200,010620
20210802,코스피200,008560
20210802,코스피200,112610
20210802,코스피200,336260
20210802,코스피200,023530
20210802,코스피200,039490
20210802,코스피200,047050
20210802,코스피200,012750
20210802,코스피200,081660
20210802,코스피200,272210
20210802,코스피200,002380
20210802,코스피200,047810
20210802,코스피200,026960
20210802,코스피200,047040
20210802,코스피200,088350
20210802,코스피200,204320
20210802,코스피200,014680
20210802,코스피200,285130
20210802,코스피200,000990
20210802,코스피200,001040
20210802,코스피200,282330
20210802,코스피200,375500
20210802,코스피200,030000
20210802,코스피200,012450
20210802,코스피200,009240
20210802,코스피200,010060
20210802,코스피200,064350
20210802,코스피200,138930
20210802,코스피200,298050
20210802,코스피200,011210
20210802,코스피200,004800
20210802,코스피200,004170
20210802,코스피200,000080
20210802,코스피200,006260
20210802,코스피200,001450
20210802,코스피200,017800
20210802,코스피200,120110
20210802,코스피200,003090
20210802,코스피200,001440
20210802,코스피200,000880
20210802,코스피200,051600
20210802,코스피200,052690
20210802,코스피200,069620
20210802,코스피200,073240
20210802,코스피200,010120
20210802,코스피200,001230
20210802,코스피200,004370
20210802,코스피200,007310
20210802,코스피200,294870
20210802,코스피200,016380
20210802,코스피200,069960
20210802,코스피200,111770
20210802,코스피200,010780
20210802,코스피200,004000
20210802,코스피200,006650
20210802,코스피200,000240
20210802,코스피200,185750
20210802,코스피200,000150
20210802,코스피200,000210
20210802,코스피200,013890
20210802,코스피200,003000
20210802,코스피200,005250
20210802,코스피200,001740
20210802,코스피200,005300
20210802,코스피200,020560
20210802,코스피200,031430
20210802,코스피200,032350
20210802,코스피200,042670
20210802,코스피200,192820
20210802,코스피200,093370
20210802,코스피200,014820
20210802,코스피200,009420
20210802,코스피200,103140
20210802,코스피200,161890
20210802,코스피200,214320
20210802,코스피200,192080
20210802,코스피200,001120
20210802,코스피200,004490
20210802,코스피200,000670
20210802,코스피200,003240
20210802,코스피200,006120
20210802,코스피200,006040
20210802,코스피200,005440
20210802,코스피200,003850
20210802,코스피200,003520
20210802,코스피200,002350
20210802,코스피200,001800
20210802,코스피200,001680
20210802,코스피200,000070
20210802,코스피200,020000
20210802,코스피200,284740
20210802,코스피200,241590
20210802,코스피200,192400
20210802,코스피200,114090
20210802,코스피200,079550
20210802,코스피200,079160
20210802,코스피200,069260
20210802,코스피200,064960
20210802,코스피200,057050
20210802,코스피200,105630
20210802,코스피200,108670
20210802,코스피200,383800
20210802,코스피200,003230
20210802,코스피200,049770
20210802,코스피200,071840
20210802,코스피200,115390
20210802,코스피200,001060
20210802,코스피200,007570
20210802,코스피200,007700
20210802,코스닥150,091990
20210802,코스닥150,293490
20210802,코스닥150,247540
20210802,코스닥150,068760
20210802,코스닥150,263750
20210802,코스닥150,036490
20210802,코스닥150,028300
20210802,코스닥150,096530
20210802,코스닥150,035760
20210802,코스닥150,196170
20210802,코스닥150,145020
20210802,코스닥150,066970
20210802,코스닥150,253450
20210802,코스닥150,058470
20210802,코스닥150,357780
20210802,코스닥150,240810
20210802,코스닥150,064760
20210802,코스닥150,278280
20210802,코스닥150,095700
20210802,코스닥150,032500
20210802,코스닥150,237690
20210802,코스닥150,108320
20210802,코스닥150,048260
20210802,코스닥150,098460
20210802,코스닥150,007390
20210802,코스닥150,178920
20210802,코스닥150,214150
20210802,코스닥150,067160
20210802,코스닥150,005290
20210802,코스닥150,034230
20210802,코스닥150,030190
20210802,코스닥150,056190
20210802,코스닥150,025900
20210802,코스닥150,213420
20210802,코스닥150,078340
20210802,코스닥150,000250
20210802,코스닥150,085660
20210802,코스닥150,039030
20210802,코스닥150,041510
20210802,코스닥150,035900
20210802,코스닥150,200130
20210802,코스닥150,268600
20210802,코스닥150,060250
20210802,코스닥150,086520
20210802,코스닥150,141080
20210802,코스닥150,235980
20210802,코스닥150,086900
20210802,코스닥150,323990
20210802,코스닥150,022100
20210802,코스닥150,140410
20210802,코스닥150,036540
20210802,코스닥150,086450
20210802,코스닥150,084850
20210802,코스닥150,048410
20210802,코스닥150,084370
20210802,코스닥150,046890
20210802,코스닥150,144510
20210802,코스닥150,039200
20210802,코스닥150,166090
20210802,코스닥150,069080
20210802,코스닥150,122870
20210802,코스닥150,067630
20210802,코스닥150,084990
20210802,코스닥150,218410
20210802,코스닥150,112040
20210802,코스닥150,298380
20210802,코스닥150,215200
20210802,코스닥150,025980
20210802,코스닥150,214450
20210802,코스닥150,194480
20210802,코스닥150,003380
20210802,코스닥150,089980
20210802,코스닥150,033640
20210802,코스닥150,140860
20210802,코스닥150,078600
20210802,코스닥150,230360
20210802,코스닥150,131290
20210802,코스닥150,082270
20210802,코스닥150,222800
20210802,코스닥150,088800
20210802,코스닥150,048530
20210802,코스닥150,027360
20210802,코스닥150,036830
20210802,코스닥150,290650
20210802,코스닥150,131970
20210802,코스닥150,178320
20210802,코스닥150,092040
20210802,코스닥150,041960
20210802,코스닥150,272290
20210802,코스닥150,183490
20210802,코스닥150,036930
20210802,코스닥150,101490
20210802,코스닥150,090460
20210802,코스닥150,053800
20210802,코스닥150,033290
20210802,코스닥150,058820
20210802,코스닥150,243070
20210802,코스닥150,222080
20210802,코스닥150,078130
20210802,코스닥150,041190
20210802,코스닥150,042000
20210802,코스닥150,319660
20210802,코스닥150,092190
20210802,코스닥150,053030
20210802,코스닥150,061970
20210802,코스닥150,068240
20210802,코스닥150,290510
20210802,코스닥150,137400
20210802,코스닥150,267980
20210802,코스닥150,100090
20210802,코스닥150,035600
20210802,코스닥150,095610
20210802,코스닥150,038500
20210802,코스닥150,036810
20210802,코스닥150,060150
20210802,코스닥150,032190
20210802,코스닥150,204270
20210802,코스닥150,091700
20210802,코스닥150,083790
20210802,코스닥150,015750
20210802,코스닥150,006730
20210802,코스닥150,131370
20210802,코스닥150,060720
20210802,코스닥150,031390
20210802,코스닥150,045390
20210802,코스닥150,182400
20210802,코스닥150,102710
20210802,코스닥150,078020
20210802,코스닥150,030530
20210802,코스닥150,263050
20210802,코스닥150,078160
20210802,코스닥150,029960
20210802,코스닥150,200230
20210802,코스닥150,080160
20210802,코스닥150,018000
20210802,코스닥150,104830
20210802,코스닥150,265520
20210802,코스닥150,138080
20210802,코스닥150,108230
20210802,코스닥150,023410
20210802,코스닥150,119860
20210802,코스닥150,038540
20210802,코스닥150,044340
20210802,코스닥150,175250
20210802,코스닥150,078070
20210802,코스닥150,122990
20210802,코스닥150,192440
20210802,코스닥150,100130
20210802,코스닥150,294140
20210802,코스닥150,115450
20210901,코스피200,005930
20210901,코스피200,000660
20210901,코스피200,035420
20210901,코스피200,035720
20210901,코스피200,207940
20210901,코스피200,006400
20210901,코스피200,051910
20210901,코스피200,005380
20210901,코스피200,068270
20210901,코스피200,000270
20210901,코스피200,005490
20210901,코스피200,012330
20210901,코스피200,028260
20210901,코스피200,302440
20210901,코스피200,066570
20210901,코스피200,051900
20210901,코스피200,096770
20210901,코스피200,017670
20210901,코스피200,105560
20210901,코스피200,055550
20210901,코스피200,034730
20210901,코스피200,011200
20210901,코스피200,015760
20210901,코스피200,361610
20210901,코스피200,032830
20210901,코스피200,003550
20210901,코스피200,036570
20210901,코스피200,009150
20210901,코스피200,086790
20210901,코스피200,090430
20210901,코스피200,018260
20210901,코스피200,003670
20210901,코스피200,034020
20210901,코스피200,033780
20210901,코스피200,352820
20210901,코스피200,251270
20210901,코스피200,003490
20210901,코스피200,000810
20210901,코스피200,010950
20210901,코스피200,010130
20210901,코스피200,326030
20210901,코스피200,018880
20210901,코스피200,030200
20210901,코스피200,011170
20210901,코스피200,316140
20210901,코스피200,009540
20210901,코스피200,024110
20210901,코스피200,009830
20210901,코스피200,034220
20210901,코스피200,086280
20210901,코스피200,097950
20210901,코스피200,004020
20210901,코스피200,032640
20210901,코스피200,035250
20210901,코스피200,000720
20210901,코스피200,011780
20210901,코스피200,161390
20210901,코스피200,011790
20210901,코스피200,021240
20210901,코스피200,006800
20210901,코스피200,071050
20210901,코스피200,011070
20210901,코스피200,267250
20210901,코스피200,008930
20210901,코스피200,139480
20210901,코스피200,271560
20210901,코스피200,002790
20210901,코스피200,000100
20210901,코스피200,028050
20210901,코스피200,180640
20210901,코스피200,016360
20210901,코스피200,006280
20210901,코스피200,028670
20210901,코스피200,003410
20210901,코스피200,241560
20210901,코스피200,005830
20210901,코스피200,029780
20210901,코스피200,078930
20210901,코스피200,000120
20210901,코스피200,019170
20210901,코스피200,010140
20210901,코스피200,006360
20210901,코스피200,128940
20210901,코스피200,272210
20210901,코스피200,008560
20210901,코스피200,005940
20210901,코스피200,007070
20210901,코스피200,004990
20210901,코스피200,336260
20210901,코스피200,020150
20210901,코스피200,008770
20210901,코스피200,002380
20210901,코스피200,036460
20210901,코스피200,014680
20210901,코스피200,298020
20210901,코스피200,112610
20210901,코스피200,039490
20210901,코스피200,047040
20210901,코스피200,047810
20210901,코스피200,023530
20210901,코스피200,285130
20210901,코스피200,012750
20210901,코스피200,282330
20210901,코스피200,042660
20210901,코스피200,064350
20210901,코스피200,088350
20210901,코스피200,026960
20210901,코스피200,001040
20210901,코스피200,010060
20210901,코스피200,010620
20210901,코스피200,204320
20210901,코스피200,030000
20210901,코스피200,047050
20210901,코스피200,081660
20210901,코스피200,009240
20210901,코스피200,375500
20210901,코스피200,000990
20210901,코스피200,004170
20210901,코스피200,298050
20210901,코스피200,138930
20210901,코스피200,000880
20210901,코스피200,012450
20210901,코스피200,011210
20210901,코스피200,004800
20210901,코스피200,120110
20210901,코스피200,001450
20210901,코스피200,000080
20210901,코스피200,001440
20210901,코스피200,003090
20210901,코스피200,017800
20210901,코스피200,010120
20210901,코스피200,006260
20210901,코스피200,052690
20210901,코스피200,069620
20210901,코스피200,069960
20210901,코스피200,007310
20210901,코스피200,294870
20210901,코스피200,001230
20210901,코스피200,111770
20210901,코스피200,000150
20210901,코스피200,004000
20210901,코스피200,004370
20210901,코스피200,020560
20210901,코스피200,051600
20210901,코스피200,073240
20210901,코스피200,000210
20210901,코스피200,192820
20210901,코스피200,185750
20210901,코스피200,016380
20210901,코스피200,014820
20210901,코스피200,010780
20210901,코스피200,006650
20210901,코스피200,005250
20210901,코스피200,003000
20210901,코스피200,000240
20210901,코스피200,001740
20210901,코스피200,093370
20210901,코스피200,032350
20210901,코스피200,031430
20210901,코스피200,013890
20210901,코스피200,009420
20210901,코스피200,000670
20210901,코스피200,005300
20210901,코스피200,079160
20210901,코스피200,001120
20210901,코스피200,214320
20210901,코스피200,003240
20210901,코스피200,079550
20210901,코스피200,003850
20210901,코스피200,192080
20210901,코스피200,161890
20210901,코스피200,069260
20210901,코스피200,004490
20210901,코스피200,241590
20210901,코스피200,001800
20210901,코스피200,103140
20210901,코스피200,114090
20210901,코스피200,057050
20210901,코스피200,000070
20210901,코스피200,042670
20210901,코스피200,020000
20210901,코스피200,284740
20210901,코스피200,003520
20210901,코스피200,006120
20210901,코스피200,001680
20210901,코스피200,005440
20210901,코스피200,006040
20210901,코스피200,002350
20210901,코스피200,108670
20210901,코스피200,105630
20210901,코스피200,071840
20210901,코스피200,064960
20210901,코스피200,049770
20210901,코스피200,192400
20210901,코스피200,383800
20210901,코스피200,001060
20210901,코스피200,007570
20210901,코스피200,115390
20210901,코스피200,003230
20210901,코스피200,007700
20210901,코스닥150,091990
20210901,코스닥150,247540
20210901,코스닥150,028300
20210901,코스닥150,068760
20210901,코스닥150,293490
20210901,코스닥150,263750
20210901,코스닥150,036490
20210901,코스닥150,066970
20210901,코스닥150,196170
20210901,코스닥150,096530
20210901,코스닥150,035760
20210901,코스닥150,058470
20210901,코스닥150,253450
20210901,코스닥150,145020
20210901,코스닥150,278280
20210901,코스닥150,048260
20210901,코스닥150,357780
20210901,코스닥150,240810
20210901,코스닥150,064760
20210901,코스닥150,108320
20210901,코스닥150,237690
20210901,코스닥150,095700
20210901,코스닥150,086520
20210901,코스닥150,112040
20210901,코스닥150,067160
20210901,코스닥150,213420
20210901,코스닥150,032500
20210901,코스닥150,140410
20210901,코스닥150,041510
20210901,코스닥150,098460
20210901,코스닥150,034230
20210901,코스닥150,039030
20210901,코스닥150,035900
20210901,코스닥150,025900
20210901,코스닥150,214150
20210901,코스닥150,067630
20210901,코스닥150,007390
20210901,코스닥150,056190
20210901,코스닥150,141080
20210901,코스닥150,085660
20210901,코스닥150,005290
20210901,코스닥150,078340
20210901,코스닥150,030190
20210901,코스닥150,235980
20210901,코스닥150,000250
20210901,코스닥150,323990
20210901,코스닥150,060250
20210901,코스닥150,200130
20210901,코스닥150,086900
20210901,코스닥150,039200
20210901,코스닥150,036540
20210901,코스닥150,268600
20210901,코스닥150,048410
20210901,코스닥150,022100
20210901,코스닥150,144510
20210901,코스닥150,122870
20210901,코스닥150,086450
20210901,코스닥150,089980
20210901,코스닥150,084850
20210901,코스닥150,084370
20210901,코스닥150,214450
20210901,코스닥150,025980
20210901,코스닥150,003380
20210901,코스닥150,046890
20210901,코스닥150,298380
20210901,코스닥150,166090
20210901,코스닥150,069080
20210901,코스닥150,222800
20210901,코스닥150,194480
20210901,코스닥150,084990
20210901,코스닥150,215200
20210901,코스닥150,218410
20210901,코스닥150,078600
20210901,코스닥150,082270
20210901,코스닥150,290650
20210901,코스닥150,140860
20210901,코스닥150,033640
20210901,코스닥150,088800
20210901,코스닥150,048530
20210901,코스닥150,222080
20210901,코스닥150,131970
20210901,코스닥150,090460
20210901,코스닥150,092040
20210901,코스닥150,183490
20210901,코스닥150,131290
20210901,코스닥150,100090
20210901,코스닥150,033290
20210901,코스닥150,036830
20210901,코스닥150,230360
20210901,코스닥150,042000
20210901,코스닥150,060720
20210901,코스닥150,041960
20210901,코스닥150,182400
20210901,코스닥150,178320
20210901,코스닥150,027360
20210901,코스닥150,078130
20210901,코스닥150,053800
20210901,코스닥150,041190
20210901,코스닥150,101490
20210901,코스닥150,068240
20210901,코스닥150,053030
20210901,코스닥150,243070
20210901,코스닥150,092190
20210901,코스닥150,058820
20210901,코스닥150,036810
20210901,코스닥150,290510
20210901,코스닥150,137400
20210901,코스닥150,038500
20210901,코스닥150,319660
20210901,코스닥150,267980
20210901,코스닥150,036930
20210901,코스닥150,061970
20210901,코스닥150,060150
20210901,코스닥150,006730
20210901,코스닥150,032190
20210901,코스닥150,204270
20210901,코스닥150,091700
20210901,코스닥150,095610
20210901,코스닥150,083790
20210901,코스닥150,035600
20210901,코스닥150,031390
20210901,코스닥150,038540
20210901,코스닥150,015750
20210901,코스닥150,078020
20210901,코스닥150,045390
20210901,코스닥150,080160
20210901,코스닥150,263050
20210901,코스닥150,131370
20210901,코스닥150,102710
20210901,코스닥150,029960
20210901,코스닥150,104830
20210901,코스닥150,078160
20210901,코스닥150,030530
20210901,코스닥150,018000
20210901,코스닥150,119860
20210901,코스닥150,272290
20210901,코스닥150,265520
20210901,코스닥150,200230
20210901,코스닥150,023410
20210901,코스닥150,138080
20210901,코스닥150,108230
20210901,코스닥150,175250
20210901,코스닥150,042040
20210901,코스닥150,044340
20210901,코스닥150,192440
20210901,코스닥150,078070
20210901,코스닥150,122990
20210901,코스닥150,100130
20210901,코스닥150,294140
20210901,코스닥150,115450
20211001,코스피200,005930
20211001,코스피200,000660
20211001,코스피200,035420
20211001,코스피200,207940
20211001,코스피200,051910
20211001,코스피200,035720
20211001,코스피200,006400
20211001,코스피200,005380
20211001,코스피200,068270
20211001,코스피200,000270
20211001,코스피200,323410
20211001,코스피200,005490
20211001,코스피200,259960
20211001,코스피200,096770
20211001,코스피200,012330
20211001,코스피200,017670
20211001,코스피200,105560
20211001,코스피200,028260
20211001,코스피200,302440
20211001,코스피200,051900
20211001,코스피200,055550
20211001,코스피200,066570
20211001,코스피200,034730
20211001,코스피200,361610
20211001,코스피200,015760
20211001,코스피200,003550
20211001,코스피200,032830
20211001,코스피200,003670
20211001,코스피200,086790
20211001,코스피200,036570
20211001,코스피200,011200
20211001,코스피200,009150
20211001,코스피200,010950
20211001,코스피200,018260
20211001,코스피200,003490
20211001,코스피200,000810
20211001,코스피200,352820
20211001,코스피200,033780
20211001,코스피200,090430
20211001,코스피200,034020
20211001,코스피200,251270
20211001,코스피200,010130
20211001,코스피200,316140
20211001,코스피200,011170
20211001,코스피200,009830
20211001,코스피200,030200
20211001,코스피200,018880
20211001,코스피200,326030
20211001,코스피200,024110
20211001,코스피200,009540
20211001,코스피200,034220
20211001,코스피200,032640
20211001,코스피200,004020
20211001,코스피200,011790
20211001,코스피200,035250
20211001,코스피200,097950
20211001,코스피200,086280
20211001,코스피200,000720
20211001,코스피200,011780
20211001,코스피200,006800
20211001,코스피200,021240
20211001,코스피200,161390
20211001,코스피200,028050
20211001,코스피200,267250
20211001,코스피200,011070
20211001,코스피200,020150
20211001,코스피200,005830
20211001,코스피200,071050
20211001,코스피200,271560
20211001,코스피200,139480
20211001,코스피200,000100
20211001,코스피200,036460
20211001,코스피200,016360
20211001,코스피200,078930
20211001,코스피200,028670
20211001,코스피200,180640
20211001,코스피200,241560
20211001,코스피200,029780
20211001,코스피200,010140
20211001,코스피200,003410
20211001,코스피200,008930
20211001,코스피200,002790
20211001,코스피200,014680
20211001,코스피200,010060
20211001,코스피200,006280
20211001,코스피200,002380
20211001,코스피200,006360
20211001,코스피200,005940
20211001,코스피200,272210
20211001,코스피200,285130
20211001,코스피200,000120
20211001,코스피200,008770
20211001,코스피200,007070
20211001,코스피200,008560
20211001,코스피200,004990
20211001,코스피200,298050
20211001,코스피200,336260
20211001,코스피200,128940
20211001,코스피200,047810
20211001,코스피200,012750
20211001,코스피200,282330
20211001,코스피200,019170
20211001,코스피200,112610
20211001,코스피200,088350
20211001,코스피200,047050
20211001,코스피200,023530
20211001,코스피200,026960
20211001,코스피200,039490
20211001,코스피200,001040
20211001,코스피200,047040
20211001,코스피200,138930
20211001,코스피200,042660
20211001,코스피200,204320
20211001,코스피200,298020
20211001,코스피200,375500
20211001,코스피200,012450
20211001,코스피200,010620
20211001,코스피200,064350
20211001,코스피200,120110
20211001,코스피200,009240
20211001,코스피200,030000
20211001,코스피200,081660
20211001,코스피200,000880
20211001,코스피200,000990
20211001,코스피200,001450
20211001,코스피200,004170
20211001,코스피200,004800
20211001,코스피200,000080
20211001,코스피200,004000
20211001,코스피200,011210
20211001,코스피200,017800
20211001,코스피200,006260
20211001,코스피200,010120
20211001,코스피200,001440
20211001,코스피200,007310
20211001,코스피200,003090
20211001,코스피200,111770
20211001,코스피200,093370
20211001,코스피200,069960
20211001,코스피200,052690
20211001,코스피200,051600
20211001,코스피200,020560
20211001,코스피200,069620
20211001,코스피200,001230
20211001,코스피200,294870
20211001,코스피200,004370
20211001,코스피200,185750
20211001,코스피200,014820
20211001,코스피200,000210
20211001,코스피200,000240
20211001,코스피200,032350
20211001,코스피200,005250
20211001,코스피200,073240
20211001,코스피200,000150
20211001,코스피200,003240
20211001,코스피200,001740
20211001,코스피200,001120
20211001,코스피200,031430
20211001,코스피200,016380
20211001,코스피200,192820
20211001,코스피200,010780
20211001,코스피200,007700
20211001,코스피200,006650
20211001,코스피200,005300
20211001,코스피200,079160
20211001,코스피200,009420
20211001,코스피200,069260
20211001,코스피200,214320
20211001,코스피200,003850
20211001,코스피200,192080
20211001,코스피200,004490
20211001,코스피200,079550
20211001,코스피200,000670
20211001,코스피200,013890
20211001,코스피200,000070
20211001,코스피200,001800
20211001,코스피200,003000
20211001,코스피200,003520
20211001,코스피200,005440
20211001,코스피200,006120
20211001,코스피200,020000
20211001,코스피200,103140
20211001,코스피200,105630
20211001,코스피200,114090
20211001,코스피200,161890
20211001,코스피200,241590
20211001,코스피200,284740
20211001,코스피200,001680
20211001,코스피200,002350
20211001,코스피200,049770
20211001,코스피200,192400
20211001,코스피200,006040
20211001,코스피200,042670
20211001,코스피200,383800
20211001,코스피200,057050
20211001,코스피200,064960
20211001,코스피200,071840
20211001,코스피200,108670
20211001,코스피200,007570
20211001,코스피200,003230
20211001,코스닥150,091990
20211001,코스닥150,247540
20211001,코스닥150,066970
20211001,코스닥150,028300
20211001,코스닥150,263750
20211001,코스닥150,068760
20211001,코스닥150,293490
20211001,코스닥150,036490
20211001,코스닥150,035760
20211001,코스닥150,096530
20211001,코스닥150,196170
20211001,코스닥150,253450
20211001,코스닥150,058470
20211001,코스닥150,278280
20211001,코스닥150,145020
20211001,코스닥150,357780
20211001,코스닥150,048260
20211001,코스닥150,240810
20211001,코스닥150,194480
20211001,코스닥150,086520
20211001,코스닥150,025900
20211001,코스닥150,067630
20211001,코스닥150,095700
20211001,코스닥150,237690
20211001,코스닥150,041510
20211001,코스닥150,067160
20211001,코스닥150,005290
20211001,코스닥150,034230
20211001,코스닥150,108320
20211001,코스닥150,032500
20211001,코스닥150,078600
20211001,코스닥150,035900
20211001,코스닥150,140410
20211001,코스닥150,213420
20211001,코스닥150,112040
20211001,코스닥150,064760
20211001,코스닥150,098460
20211001,코스닥150,214150
20211001,코스닥150,060250
20211001,코스닥150,056190
20211001,코스닥150,007390
20211001,코스닥150,039030
20211001,코스닥150,078340
20211001,코스닥150,030190
20211001,코스닥150,235980
20211001,코스닥150,025980
20211001,코스닥150,141080
20211001,코스닥150,085660
20211001,코스닥150,222080
20211001,코스닥150,122870
20211001,코스닥150,000250
20211001,코스닥150,048410
20211001,코스닥150,144510
20211001,코스닥150,086450
20211001,코스닥150,089980
20211001,코스닥150,022100
20211001,코스닥150,036540
20211001,코스닥150,323990
20211001,코스닥150,200130
20211001,코스닥150,084850
20211001,코스닥150,086900
20211001,코스닥150,039200
20211001,코스닥150,268600
20211001,코스닥150,166090
20211001,코스닥150,298380
20211001,코스닥150,084370
20211001,코스닥150,222800
20211001,코스닥150,069080
20211001,코스닥150,003380
20211001,코스닥150,215200
20211001,코스닥150,046890
20211001,코스닥150,290650
20211001,코스닥150,214450
20211001,코스닥150,084990
20211001,코스닥150,036830
20211001,코스닥150,218410
20211001,코스닥150,101490
20211001,코스닥150,082270
20211001,코스닥150,033640
20211001,코스닥150,182400
20211001,코스닥150,137400
20211001,코스닥150,100090
20211001,코스닥150,272290
20211001,코스닥150,131290
20211001,코스닥150,048530
20211001,코스닥150,033290
20211001,코스닥150,140860
20211001,코스닥150,053800
20211001,코스닥150,092040
20211001,코스닥150,088800
20211001,코스닥150,078130
20211001,코스닥150,230360
20211001,코스닥150,178320
20211001,코스닥150,041960
20211001,코스닥150,131970
20211001,코스닥150,042000
20211001,코스닥150,060150
20211001,코스닥150,041190
20211001,코스닥150,068240
20211001,코스닥150,183490
20211001,코스닥150,092190
20211001,코스닥150,090460
20211001,코스닥150,243070
20211001,코스닥150,027360
20211001,코스닥150,267980
20211001,코스닥150,036930
20211001,코스닥150,036810
20211001,코스닥150,058820
20211001,코스닥150,290510
20211001,코스닥150,061970
20211001,코스닥150,060720
20211001,코스닥150,006730
20211001,코스닥150,038500
20211001,코스닥150,319660
20211001,코스닥150,080160
20211001,코스닥150,095610
20211001,코스닥150,053030
20211001,코스닥150,031390
20211001,코스닥150,083790
20211001,코스닥150,032190
20211001,코스닥150,035600
20211001,코스닥150,038540
20211001,코스닥150,091700
20211001,코스닥150,078020
20211001,코스닥150,045390
20211001,코스닥150,204270
20211001,코스닥150,029960
20211001,코스닥150,015750
20211001,코스닥150,018000
20211001,코스닥150,115450
20211001,코스닥150,102710
20211001,코스닥150,104830
20211001,코스닥150,030530
20211001,코스닥150,131370
20211001,코스닥150,119860
20211001,코스닥150,023410
20211001,코스닥150,263050
20211001,코스닥150,138080
20211001,코스닥150,078160
20211001,코스닥150,100130
20211001,코스닥150,265520
20211001,코스닥150,175250
20211001,코스닥150,108230
20211001,코스닥150,044340
20211001,코스닥150,200230
20211001,코스닥150,078070
20211001,코스닥150,192440
20211001,코스닥150,122990
20211001,코스닥150,294140
20211001,코스닥150,042040
20211101,코스피200,005930
20211101,코스피200,000660
20211101,코스피200,035420
20211101,코스피200,051910
20211101,코스피200,207940
20211101,코스피200,035720
20211101,코스피200,006400
20211101,코스피200,005380
20211101,코스피200,000270
20211101,코스피200,323410
20211101,코스피200,068270
20211101,코스피200,005490
20211101,코스피200,012330
20211101,코스피200,105560
20211101,코스피200,259960
20211101,코스피200,017670
20211101,코스피200,096770
20211101,코스피200,028260
20211101,코스피200,055550
20211101,코스피200,066570
20211101,코스피200,051900
20211101,코스피200,302440
20211101,코스피200,034730
20211101,코스피200,015760
20211101,코스피200,003550
20211101,코스피200,036570
20211101,코스피200,352820
20211101,코스피200,086790
20211101,코스피200,032830
20211101,코스피200,034020
20211101,코스피200,018260
20211101,코스피200,009150
20211101,코스피200,361610
20211101,코스피200,010950
20211101,코스피200,033780
20211101,코스피200,090430
20211101,코스피200,000810
20211101,코스피200,003670
20211101,코스피200,011200
20211101,코스피200,251270
20211101,코스피200,003490
20211101,코스피200,010130
20211101,코스피200,316140
20211101,코스피200,024110
20211101,코스피200,030200
20211101,코스피200,018880
20211101,코스피200,011170
20211101,코스피200,009540
20211101,코스피200,326030
20211101,코스피200,009830
20211101,코스피200,034220
20211101,코스피200,086280
20211101,코스피200,032640
20211101,코스피200,011790
20211101,코스피200,004020
20211101,코스피200,035250
20211101,코스피200,021240
20211101,코스피200,097950
20211101,코스피200,000720
20211101,코스피200,006800
20211101,코스피200,161390
20211101,코스피200,011780
20211101,코스피200,011070
20211101,코스피200,267250
20211101,코스피200,139480
20211101,코스피200,071050
20211101,코스피200,028050
20211101,코스피200,271560
20211101,코스피200,020150
20211101,코스피200,016360
20211101,코스피200,005830
20211101,코스피200,002790
20211101,코스피200,000100
20211101,코스피200,003410
20211101,코스피200,036460
20211101,코스피200,241560
20211101,코스피200,029780
20211101,코스피200,010140
20211101,코스피200,005940
20211101,코스피200,008930
20211101,코스피200,078930
20211101,코스피200,014680
20211101,코스피200,180640
20211101,코스피200,004990
20211101,코스피200,007070
20211101,코스피200,006360
20211101,코스피200,336260
20211101,코스피200,012750
20211101,코스피200,026960
20211101,코스피200,006280
20211101,코스피200,128940
20211101,코스피200,000120
20211101,코스피200,028670
20211101,코스피200,298050
20211101,코스피200,023530
20211101,코스피200,010620
20211101,코스피200,008770
20211101,코스피200,008560
20211101,코스피200,204320
20211101,코스피200,272210
20211101,코스피200,282330
20211101,코스피200,010060
20211101,코스피200,088350
20211101,코스피200,112610
20211101,코스피200,002380
20211101,코스피200,047810
20211101,코스피200,030000
20211101,코스피200,039490
20211101,코스피200,001040
20211101,코스피200,138930
20211101,코스피200,042660
20211101,코스피200,298020
20211101,코스피200,375500
20211101,코스피200,019170
20211101,코스피200,000990
20211101,코스피200,047050
20211101,코스피200,052690
20211101,코스피200,047040
20211101,코스피200,064350
20211101,코스피200,000080
20211101,코스피200,009240
20211101,코스피200,001450
20211101,코스피200,004170
20211101,코스피200,000880
20211101,코스피200,012450
20211101,코스피200,081660
20211101,코스피200,011210
20211101,코스피200,004000
20211101,코스피200,004800
20211101,코스피200,120110
20211101,코스피200,285130
20211101,코스피200,006260
20211101,코스피200,001440
20211101,코스피200,017800
20211101,코스피200,051600
20211101,코스피200,069960
20211101,코스피200,010120
20211101,코스피200,111770
20211101,코스피200,003090
20211101,코스피200,007310
20211101,코스피200,093370
20211101,코스피200,294870
20211101,코스피200,020560
20211101,코스피200,069620
20211101,코스피200,004370
20211101,코스피200,000240
20211101,코스피200,001230
20211101,코스피200,000150
20211101,코스피200,192820
20211101,코스피200,014820
20211101,코스피200,073240
20211101,코스피200,010780
20211101,코스피200,005250
20211101,코스피200,007700
20211101,코스피200,000210
20211101,코스피200,185750
20211101,코스피200,013890
20211101,코스피200,005300
20211101,코스피200,000670
20211101,코스피200,001740
20211101,코스피200,032350
20211101,코스피200,161890
20211101,코스피200,009420
20211101,코스피200,214320
20211101,코스피200,241590
20211101,코스피200,016380
20211101,코스피200,020000
20211101,코스피200,031430
20211101,코스피200,069260
20211101,코스피200,079160
20211101,코스피200,079550
20211101,코스피200,001120
20211101,코스피200,003240
20211101,코스피200,004490
20211101,코스피200,006650
20211101,코스피200,192080
20211101,코스피200,000070
20211101,코스피200,001800
20211101,코스피200,003000
20211101,코스피200,003520
20211101,코스피200,003850
20211101,코스피200,005440
20211101,코스피200,006040
20211101,코스피200,006120
20211101,코스피200,057050
20211101,코스피200,103140
20211101,코스피200,105630
20211101,코스피200,114090
20211101,코스피200,284740
20211101,코스피200,001680
20211101,코스피200,002350
20211101,코스피200,049770
20211101,코스피200,192400
20211101,코스피200,071840
20211101,코스피200,042670
20211101,코스피200,383800
20211101,코스피200,064960
20211101,코스피200,108670
20211101,코스피200,007570
20211101,코스피200,003230
20211101,코스닥150,091990
20211101,코스닥150,247540
20211101,코스닥150,263750
20211101,코스닥150,293490
20211101,코스닥150,066970
20211101,코스닥150,112040
20211101,코스닥150,028300
20211101,코스닥150,068760
20211101,코스닥150,036490
20211101,코스닥150,035760
20211101,코스닥150,196170
20211101,코스닥150,096530
20211101,코스닥150,058470
20211101,코스닥150,278280
20211101,코스닥150,253450
20211101,코스닥150,067160
20211101,코스닥150,145020
20211101,코스닥150,357780
20211101,코스닥150,240810
20211101,코스닥150,041510
20211101,코스닥150,086520
20211101,코스닥150,035900
20211101,코스닥150,108320
20211101,코스닥150,005290
20211101,코스닥150,206650
20211101,코스닥150,237690
20211101,코스닥150,078340
20211101,코스닥150,095700
20211101,코스닥150,048260
20211101,코스닥150,025900
20211101,코스닥150,032500
20211101,코스닥150,078600
20211101,코스닥150,034230
20211101,코스닥150,214150
20211101,코스닥150,067630
20211101,코스닥150,064760
20211101,코스닥150,140410
20211101,코스닥150,060250
20211101,코스닥150,194480
20211101,코스닥150,039030
20211101,코스닥150,098460
20211101,코스닥150,213420
20211101,코스닥150,122870
20211101,코스닥150,056190
20211101,코스닥150,007390
20211101,코스닥150,235980
20211101,코스닥150,030190
20211101,코스닥150,000250
20211101,코스닥150,141080
20211101,코스닥150,085660
20211101,코스닥150,200130
20211101,코스닥150,084850
20211101,코스닥150,025980
20211101,코스닥150,036540
20211101,코스닥150,298380
20211101,코스닥150,084370
20211101,코스닥150,144510
20211101,코스닥150,022100
20211101,코스닥150,068240
20211101,코스닥150,069080
20211101,코스닥150,086450
20211101,코스닥150,323990
20211101,코스닥150,166090
20211101,코스닥150,222080
20211101,코스닥150,089980
20211101,코스닥150,222800
20211101,코스닥150,086900
20211101,코스닥150,041190
20211101,코스닥150,215200
20211101,코스닥150,182400
20211101,코스닥150,039200
20211101,코스닥150,214450
20211101,코스닥150,048410
20211101,코스닥150,268600
20211101,코스닥150,003380
20211101,코스닥150,046890
20211101,코스닥150,084990
20211101,코스닥150,033290
20211101,코스닥150,218410
20211101,코스닥150,140860
20211101,코스닥150,036830
20211101,코스닥150,033640
20211101,코스닥150,290650
20211101,코스닥150,272290
20211101,코스닥150,100090
20211101,코스닥150,137400
20211101,코스닥150,101490
20211101,코스닥150,082270
20211101,코스닥150,053800
20211101,코스닥150,048530
20211101,코스닥150,092040
20211101,코스닥150,178320
20211101,코스닥150,131970
20211101,코스닥150,131290
20211101,코스닥150,042000
20211101,코스닥150,090460
20211101,코스닥150,088800
20211101,코스닥150,041960
20211101,코스닥150,060150
20211101,코스닥150,319660
20211101,코스닥150,230360
20211101,코스닥150,183490
20211101,코스닥150,027360
20211101,코스닥150,036810
20211101,코스닥150,060720
20211101,코스닥150,290510
20211101,코스닥150,078130
20211101,코스닥150,243070
20211101,코스닥150,267980
20211101,코스닥150,061970
20211101,코스닥150,036930
20211101,코스닥150,092190
20211101,코스닥150,058820
20211101,코스닥150,038500
20211101,코스닥150,006730
20211101,코스닥150,095610
20211101,코스닥150,035600
20211101,코스닥150,032190
20211101,코스닥150,038540
20211101,코스닥150,091700
20211101,코스닥150,078020
20211101,코스닥150,053030
20211101,코스닥150,015750
20211101,코스닥150,204270
20211101,코스닥150,083790
20211101,코스닥150,080160
20211101,코스닥150,045390
20211101,코스닥150,029960
20211101,코스닥150,115450
20211101,코스닥150,018000
20211101,코스닥150,131370
20211101,코스닥150,104830
20211101,코스닥150,102710
20211101,코스닥150,263050
20211101,코스닥150,030530
20211101,코스닥150,023410
20211101,코스닥150,119860
20211101,코스닥150,078160
20211101,코스닥150,044340
20211101,코스닥150,265520
20211101,코스닥150,175250
20211101,코스닥150,138080
20211101,코스닥150,108230
20211101,코스닥150,100130
20211101,코스닥150,078070
20211101,코스닥150,200230
20211101,코스닥150,122990
20211101,코스닥150,192440
20211101,코스닥150,294140
20211101,코스닥150,042040
20211201,코스피200,005930
20211201,코스피200,000660
20211201,코스피200,035420
20211201,코스피200,207940
20211201,코스피200,035720
20211201,코스피200,051910
20211201,코스피200,006400
20211201,코스피200,005380
20211201,코스피200,000270
20211201,코스피200,323410
20211201,코스피200,068270
20211201,코스피200,005490
20211201,코스피200,259960
20211201,코스피200,105560
20211201,코스피200,012330
20211201,코스피200,028260
20211201,코스피200,302440
20211201,코스피200,066570
20211201,코스피200,096770
20211201,코스피200,055550
20211201,코스피200,034730
20211201,코스피200,051900
20211201,코스피200,036570
20211201,코스피200,352820
20211201,코스피200,015760
20211201,코스피200,009150
20211201,코스피200,003550
20211201,코스피200,032830
20211201,코스피200,011200
20211201,코스피200,086790
20211201,코스피200,003670
20211201,코스피200,017670
20211201,코스피200,018260
20211201,코스피200,033780
20211201,코스피200,361610
20211201,코스피200,034020
20211201,코스피200,251270
20211201,코스피200,000810
20211201,코스피200,003490
20211201,코스피200,090430
20211201,코스피200,010130
20211201,코스피200,010950
20211201,코스피200,316140
20211201,코스피200,402340
20211201,코스피200,024110
20211201,코스피200,030200
20211201,코스피200,011170
20211201,코스피200,011070
20211201,코스피200,326030
20211201,코스피200,011790
20211201,코스피200,018880
20211201,코스피200,034220
20211201,코스피200,009830
20211201,코스피200,009540
20211201,코스피200,020150
20211201,코스피200,032640
20211201,코스피200,086280
20211201,코스피200,006800
20211201,코스피200,021240
20211201,코스피200,097950
20211201,코스피200,000720
20211201,코스피200,011780
20211201,코스피200,004020
20211201,코스피200,161390
20211201,코스피200,035250
20211201,코스피200,010140
20211201,코스피200,071050
20211201,코스피200,267250
20211201,코스피200,028050
20211201,코스피200,000100
20211201,코스피200,271560
20211201,코스피200,139480
20211201,코스피200,016360
20211201,코스피200,003410
20211201,코스피200,029780
20211201,코스피200,005830
20211201,코스피200,005940
20211201,코스피200,241560
20211201,코스피200,180640
20211201,코스피200,052690
20211201,코스피200,002790
20211201,코스피200,008560
20211201,코스피200,078930
20211201,코스피200,014680
20211201,코스피200,036460
20211201,코스피200,008930
20211201,코스피200,336260
20211201,코스피200,006360
20211201,코스피200,000990
20211201,코스피200,128940
20211201,코스피200,004990
20211201,코스피200,000120
20211201,코스피200,007070
20211201,코스피200,028670
20211201,코스피200,010620
20211201,코스피200,026960
20211201,코스피200,008770
20211201,코스피200,012750
20211201,코스피200,047810
20211201,코스피200,298050
20211201,코스피200,272210
20211201,코스피200,138930
20211201,코스피200,002380
20211201,코스피200,006280
20211201,코스피200,010060
20211201,코스피200,030000
20211201,코스피200,285130
20211201,코스피200,042660
20211201,코스피200,204320
20211201,코스피200,282330
20211201,코스피200,039490
20211201,코스피200,000880
20211201,코스피200,001040
20211201,코스피200,023530
20211201,코스피200,298020
20211201,코스피200,047050
20211201,코스피200,088350
20211201,코스피200,112610
20211201,코스피200,047040
20211201,코스피200,001450
20211201,코스피200,004170
20211201,코스피200,009240
20211201,코스피200,375500
20211201,코스피200,064350
20211201,코스피200,093370
20211201,코스피200,012450
20211201,코스피200,000080
20211201,코스피200,004000
20211201,코스피200,120110
20211201,코스피200,011210
20211201,코스피200,081660
20211201,코스피200,004800
20211201,코스피200,000150
20211201,코스피200,003090
20211201,코스피200,111770
20211201,코스피200,051600
20211201,코스피200,019170
20211201,코스피200,001440
20211201,코스피200,004370
20211201,코스피200,006260
20211201,코스피200,069960
20211201,코스피200,010120
20211201,코스피200,017800
20211201,코스피200,069620
20211201,코스피200,007310
20211201,코스피200,000240
20211201,코스피200,001230
20211201,코스피200,294870
20211201,코스피200,020560
20211201,코스피200,014820
20211201,코스피200,000210
20211201,코스피200,001740
20211201,코스피200,005250
20211201,코스피200,005300
20211201,코스피200,185750
20211201,코스피200,007700
20211201,코스피200,010780
20211201,코스피200,013890
20211201,코스피200,079550
20211201,코스피200,006650
20211201,코스피200,000670
20211201,코스피200,003240
20211201,코스피200,003850
20211201,코스피200,004490
20211201,코스피200,009420
20211201,코스피200,214320
20211201,코스피200,031430
20211201,코스피200,032350
20211201,코스피200,073240
20211201,코스피200,192080
20211201,코스피200,192820
20211201,코스피200,016380
20211201,코스피200,000070
20211201,코스피200,001120
20211201,코스피200,001800
20211201,코스피200,003000
20211201,코스피200,006120
20211201,코스피200,284740
20211201,코스피200,069260
20211201,코스피200,079160
20211201,코스피200,103140
20211201,코스피200,161890
20211201,코스피200,241590
20211201,코스피200,020000
20211201,코스피200,001680
20211201,코스피200,003520
20211201,코스피200,005440
20211201,코스피200,006040
20211201,코스피200,383800
20211201,코스피200,057050
20211201,코스피200,105630
20211201,코스피200,114090
20211201,코스피200,192400
20211201,코스피200,049770
20211201,코스피200,002350
20211201,코스피200,003230
20211201,코스피200,007570
20211201,코스피200,108670
20211201,코스피200,064960
20211201,코스피200,071840
20211201,코스피200,042670
20211201,코스닥150,091990
20211201,코스닥150,247540
20211201,코스닥150,263750
20211201,코스닥150,066970
20211201,코스닥150,293490
20211201,코스닥150,112040
20211201,코스닥150,068760
20211201,코스닥150,028300
20211201,코스닥150,096530
20211201,코스닥150,278280
20211201,코스닥150,058470
20211201,코스닥150,086520
20211201,코스닥150,035760
20211201,코스닥150,196170
20211201,코스닥150,253450
20211201,코스닥150,237690
20211201,코스닥150,067160
20211201,코스닥150,025900
20211201,코스닥150,357780
20211201,코스닥150,078340
20211201,코스닥150,240810
20211201,코스닥150,078600
20211201,코스닥150,108320
20211201,코스닥150,145020
20211201,코스닥150,064760
20211201,코스닥150,005290
20211201,코스닥150,140410
20211201,코스닥150,048260
20211201,코스닥150,035900
20211201,코스닥150,041510
20211201,코스닥150,144510
20211201,코스닥150,206650
20211201,코스닥150,032500
20211201,코스닥150,095700
20211201,코스닥150,098460
20211201,코스닥150,222800
20211201,코스닥150,213420
20211201,코스닥150,039030
20211201,코스닥150,034230
20211201,코스닥150,056190
20211201,코스닥150,141080
20211201,코스닥150,166090
20211201,코스닥150,067630
20211201,코스닥150,048410
20211201,코스닥150,214150
20211201,코스닥150,194480
20211201,코스닥150,007390
20211201,코스닥150,084370
20211201,코스닥150,137400
20211201,코스닥150,030190
20211201,코스닥150,036540
20211201,코스닥150,122870
20211201,코스닥150,085660
20211201,코스닥150,235980
20211201,코스닥150,084850
20211201,코스닥150,140860
20211201,코스닥150,068240
20211201,코스닥150,000250
20211201,코스닥150,089980
20211201,코스닥150,222080
20211201,코스닥150,218410
20211201,코스닥150,022100
20211201,코스닥150,298380
20211201,코스닥150,215200
20211201,코스닥150,200130
20211201,코스닥150,069080
20211201,코스닥150,086450
20211201,코스닥150,025980
20211201,코스닥150,003380
20211201,코스닥150,086900
20211201,코스닥150,039200
20211201,코스닥150,084990
20211201,코스닥150,046890
20211201,코스닥150,041190
20211201,코스닥150,036930
20211201,코스닥150,323990
20211201,코스닥150,060250
20211201,코스닥150,048530
20211201,코스닥150,033640
20211201,코스닥150,272290
20211201,코스닥150,214450
20211201,코스닥150,100090
20211201,코스닥150,036830
20211201,코스닥150,178320
20211201,코스닥150,090460
20211201,코스닥150,290650
20211201,코스닥150,268600
20211201,코스닥150,131970
20211201,코스닥150,101490
20211201,코스닥150,182400
20211201,코스닥150,131290
20211201,코스닥150,053800
20211201,코스닥150,033290
20211201,코스닥150,319660
20211201,코스닥150,082270
20211201,코스닥150,091700
20211201,코스닥150,088800
20211201,코스닥150,042000
20211201,코스닥150,092040
20211201,코스닥150,060720
20211201,코스닥150,041960
20211201,코스닥150,061970
20211201,코스닥150,267980
20211201,코스닥150,230360
20211201,코스닥150,095610
20211201,코스닥150,006730
20211201,코스닥150,243070
20211201,코스닥150,032190
20211201,코스닥150,036810
20211201,코스닥150,053030
20211201,코스닥150,290510
20211201,코스닥150,092190
20211201,코스닥150,078130
20211201,코스닥150,027360
20211201,코스닥150,035600
20211201,코스닥150,183490
20211201,코스닥150,060150
20211201,코스닥150,058820
20211201,코스닥150,038500
20211201,코스닥150,131370
20211201,코스닥150,078020
20211201,코스닥150,083790
20211201,코스닥150,038540
20211201,코스닥150,015750
20211201,코스닥150,029960
20211201,코스닥150,175250
20211201,코스닥150,104830
20211201,코스닥150,102710
20211201,코스닥150,204270
20211201,코스닥150,115450
20211201,코스닥150,080160
20211201,코스닥150,045390
20211201,코스닥150,030530
20211201,코스닥150,023410
20211201,코스닥150,018000
20211201,코스닥150,044340
20211201,코스닥150,265520
20211201,코스닥150,119860
20211201,코스닥150,078160
20211201,코스닥150,138080
20211201,코스닥150,078070
20211201,코스닥150,263050
20211201,코스닥150,108230
20211201,코스닥150,122990
20211201,코스닥150,100130
20211201,코스닥150,192440
20211201,코스닥150,200230
20211201,코스닥150,294140
20211201,코스닥150,042040
20220103,코스피200,005930
20220103,코스피200,000660
20220103,코스피200,035420
20220103,코스피200,207940
20220103,코스피200,035720
20220103,코스피200,005380
20220103,코스피200,006400
20220103,코스피200,051910
20220103,코스피200,000270
20220103,코스피200,323410
20220103,코스피200,068270
20220103,코스피200,005490
20220103,코스피200,012330
20220103,코스피200,377300
20220103,코스피200,096770
20220103,코스피200,105560
20220103,코스피200,066570
20220103,코스피200,259960
20220103,코스피200,028260
20220103,코스피200,055550
20220103,코스피200,034730
20220103,코스피200,302440
20220103,코스피200,051900
20220103,코스피200,036570
20220103,코스피200,009150
20220103,코스피200,352820
20220103,코스피200,015760
20220103,코스피200,011200
20220103,코스피200,032830
20220103,코스피200,003550
20220103,코스피200,086790
20220103,코스피200,017670
20220103,코스피200,018260
20220103,코스피200,361610
20220103,코스피200,003670
20220103,코스피200,251270
20220103,코스피200,034020
20220103,코스피200,033780
20220103,코스피200,003490
20220103,코스피200,090430
20220103,코스피200,010950
20220103,코스피200,000810
20220103,코스피200,010130
20220103,코스피200,402340
20220103,코스피200,316140
20220103,코스피200,034220
20220103,코스피200,011070
20220103,코스피200,329180
20220103,코스피200,030200
20220103,코스피200,024110
20220103,코스피200,326030
20220103,코스피200,011170
20220103,코스피200,018880
20220103,코스피200,009830
20220103,코스피200,009540
20220103,코스피200,011790
20220103,코스피200,086280
20220103,코스피200,020150
20220103,코스피200,138040
20220103,코스피200,032640
20220103,코스피200,097950
20220103,코스피200,004020
20220103,코스피200,021240
20220103,코스피200,006800
20220103,코스피200,161390
20220103,코스피200,035250
20220103,코스피200,011780
20220103,코스피200,000720
20220103,코스피200,010140
20220103,코스피200,028050
20220103,코스피200,000100
20220103,코스피200,071050
20220103,코스피200,139480
20220103,코스피200,271560
20220103,코스피200,267250
20220103,코스피200,180640
20220103,코스피200,016360
20220103,코스피200,241560
20220103,코스피200,003410
20220103,코스피200,008930
20220103,코스피200,005830
20220103,코스피200,078930
20220103,코스피200,002790
20220103,코스피200,036460
20220103,코스피200,029780
20220103,코스피200,005940
20220103,코스피200,128940
20220103,코스피200,000990
20220103,코스피200,006360
20220103,코스피200,008560
20220103,코스피200,014680
20220103,코스피200,052690
20220103,코스피200,007070
20220103,코스피200,272210
20220103,코스피200,047810
20220103,코스피200,026960
20220103,코스피200,008770
20220103,코스피200,004990
20220103,코스피200,336260
20220103,코스피200,028670
20220103,코스피200,010620
20220103,코스피200,204320
20220103,코스피200,012750
20220103,코스피200,039490
20220103,코스피200,047050
20220103,코스피200,000120
20220103,코스피200,030000
20220103,코스피200,006280
20220103,코스피200,002380
20220103,코스피200,285130
20220103,코스피200,112610
20220103,코스피200,138930
20220103,코스피200,001040
20220103,코스피200,004170
20220103,코스피200,010060
20220103,코스피200,012450
20220103,코스피200,023530
20220103,코스피200,042660
20220103,코스피200,047040
20220103,코스피200,088350
20220103,코스피200,282330
20220103,코스피200,298050
20220103,코스피200,000880
20220103,코스피200,375500
20220103,코스피200,298020
20220103,코스피200,064350
20220103,코스피200,000080
20220103,코스피200,000150
20220103,코스피200,001450
20220103,코스피200,093370
20220103,코스피200,011210
20220103,코스피200,081660
20220103,코스피200,009240
20220103,코스피200,004000
20220103,코스피200,004370
20220103,코스피200,120110
20220103,코스피200,111770
20220103,코스피200,004800
20220103,코스피200,003090
20220103,코스피200,006260
20220103,코스피200,007310
20220103,코스피200,010120
20220103,코스피200,069960
20220103,코스피200,019170
20220103,코스피200,051600
20220103,코스피200,069620
20220103,코스피200,017800
20220103,코스피200,000240
20220103,코스피200,001230
20220103,코스피200,001440
20220103,코스피200,005850
20220103,코스피200,294870
20220103,코스피200,014820
20220103,코스피200,020560
20220103,코스피200,079550
20220103,코스피200,178920
20220103,코스피200,009900
20220103,코스피200,000210
20220103,코스피200,005250
20220103,코스피200,185750
20220103,코스피200,042670
20220103,코스피200,073240
20220103,코스피200,010780
20220103,코스피200,000670
20220103,코스피200,001740
20220103,코스피200,003240
20220103,코스피200,004490
20220103,코스피200,005300
20220103,코스피200,192080
20220103,코스피200,009420
20220103,코스피200,013890
20220103,코스피200,016380
20220103,코스피200,032350
20220103,코스피200,006650
20220103,코스피200,001120
20220103,코스피200,284740
20220103,코스피200,003000
20220103,코스피200,003520
20220103,코스피200,003850
20220103,코스피200,006120
20220103,코스피200,020000
20220103,코스피200,031430
20220103,코스피200,069260
20220103,코스피200,079160
20220103,코스피200,103140
20220103,코스피200,105630
20220103,코스피200,161890
20220103,코스피200,192820
20220103,코스피200,241590
20220103,코스피200,001800
20220103,코스피200,000070
20220103,코스피200,001680
20220103,코스피200,002350
20220103,코스피200,005440
20220103,코스피200,114090
20220103,코스피200,049770
20220103,코스피200,057050
20220103,코스피200,064960
20220103,코스피200,006040
20220103,코스피200,192400
20220103,코스닥150,091990
20220103,코스닥150,247540
20220103,코스닥150,263750
20220103,코스닥150,066970
20220103,코스닥150,293490
20220103,코스닥150,112040
20220103,코스닥150,068760
20220103,코스닥150,028300
20220103,코스닥150,278280
20220103,코스닥150,096530
20220103,코스닥150,196170
20220103,코스닥150,035760
20220103,코스닥150,058470
20220103,코스닥150,253450
20220103,코스닥150,108320
20220103,코스닥150,086520
20220103,코스닥150,237690
20220103,코스닥150,005290
20220103,코스닥150,067160
20220103,코스닥150,357780
20220103,코스닥150,240810
20220103,코스닥150,078340
20220103,코스닥150,048260
20220103,코스닥150,140410
20220103,코스닥150,145020
20220103,코스닥150,025900
20220103,코스닥150,035900
20220103,코스닥150,064760
20220103,코스닥150,041510
20220103,코스닥150,032500
20220103,코스닥150,098460
20220103,코스닥150,078600
20220103,코스닥150,144510
20220103,코스닥150,195940
20220103,코스닥150,039030
20220103,코스닥150,222800
20220103,코스닥150,095700
20220103,코스닥150,256840
20220103,코스닥150,213420
20220103,코스닥150,141080
20220103,코스닥150,034230
20220103,코스닥150,056190
20220103,코스닥150,036540
20220103,코스닥150,067630
20220103,코스닥150,194480
20220103,코스닥150,064550
20220103,코스닥150,206650
20220103,코스닥150,166090
20220103,코스닥150,214150
20220103,코스닥150,235980
20220103,코스닥150,084370
20220103,코스닥150,383310
20220103,코스닥150,007390
20220103,코스닥150,085660
20220103,코스닥150,030190
20220103,코스닥150,069080
20220103,코스닥150,060250
20220103,코스닥150,298380
20220103,코스닥150,039200
20220103,코스닥150,140860
20220103,코스닥150,122870
20220103,코스닥150,000250
20220103,코스닥150,022100
20220103,코스닥150,036930
20220103,코스닥150,137400
20220103,코스닥150,053800
20220103,코스닥150,048410
20220103,코스닥150,084850
20220103,코스닥150,086450
20220103,코스닥150,218410
20220103,코스닥150,215200
20220103,코스닥150,151910
20220103,코스닥150,068240
20220103,코스닥150,046890
20220103,코스닥150,222080
20220103,코스닥150,200130
20220103,코스닥150,033640
20220103,코스닥150,272290
20220103,코스닥150,086900
20220103,코스닥150,025980
20220103,코스닥150,003380
20220103,코스닥150,089980
20220103,코스닥150,131290
20220103,코스닥150,293780
20220103,코스닥150,290650
20220103,코스닥150,214450
20220103,코스닥150,041190
20220103,코스닥150,090460
20220103,코스닥150,319660
20220103,코스닥150,101490
20220103,코스닥150,178320
20220103,코스닥150,100090
20220103,코스닥150,074600
20220103,코스닥150,268600
20220103,코스닥150,131970
20220103,코스닥150,084990
20220103,코스닥150,294570
20220103,코스닥150,033290
20220103,코스닥150,036830
20220103,코스닥150,082270
20220103,코스닥150,048530
20220103,코스닥150,183300
20220103,코스닥150,091700
20220103,코스닥150,088800
20220103,코스닥150,323990
20220103,코스닥150,092040
20220103,코스닥150,060720
20220103,코스닥150,042000
20220103,코스닥150,095610
20220103,코스닥150,061970
20220103,코스닥150,036810
20220103,코스닥150,032190
20220103,코스닥150,006730
20220103,코스닥150,230360
20220103,코스닥150,041960
20220103,코스닥150,035600
20220103,코스닥150,058820
20220103,코스닥150,267980
20220103,코스닥150,092190
20220103,코스닥150,104480
20220103,코스닥150,060150
20220103,코스닥150,038500
20220103,코스닥150,078130
20220103,코스닥150,299660
20220103,코스닥150,290510
20220103,코스닥150,243070
20220103,코스닥150,027360
20220103,코스닥150,102710
20220103,코스닥150,053030
20220103,코스닥150,052400
20220103,코스닥150,015750
20220103,코스닥150,183490
20220103,코스닥150,084110
20220103,코스닥150,033310
20220103,코스닥150,038540
20220103,코스닥150,204270
20220103,코스닥150,104830
20220103,코스닥150,078020
20220103,코스닥150,029960
20220103,코스닥150,131370
20220103,코스닥150,080160
20220103,코스닥150,035080
20220103,코스닥150,045390
20220103,코스닥150,023410
20220103,코스닥150,265520
20220103,코스닥150,138080
20220103,코스닥150,030530
20220103,코스닥150,108230
20220103,코스닥150,018000
20220103,코스닥150,119860
20220203,코스피200,005930
20220203,코스피200,000660
20220203,코스피200,035420
20220203,코스피200,207940
20220203,코스피200,051910
20220203,코스피200,005380
20220203,코스피200,006400
20220203,코스피200,035720
20220203,코스피200,000270
20220203,코스피200,105560
20220203,코스피200,005490
20220203,코스피200,068270
20220203,코스피200,012330
20220203,코스피200,066570
20220203,코스피200,096770
20220203,코스피200,028260
20220203,코스피200,055550
20220203,코스피200,323410
20220203,코스피200,034730
20220203,코스피200,377300
20220203,코스피200,051900
20220203,코스피200,086790
20220203,코스피200,015760
20220203,코스피200,259960
20220203,코스피200,009150
20220203,코스피200,302440
20220203,코스피200,032830
20220203,코스피200,017670
20220203,코스피200,003550
20220203,코스피200,036570
20220203,코스피200,011200
20220203,코스피200,316140
20220203,코스피200,033780
20220203,코스피200,018260
20220203,코스피200,010950
20220203,코스피200,352820
20220203,코스피200,010130
20220203,코스피200,003490
20220203,코스피200,000810
20220203,코스피200,034020
20220203,코스피200,329180
20220203,코스피200,090430
20220203,코스피200,003670
20220203,코스피200,251270
20220203,코스피200,030200
20220203,코스피200,011070
20220203,코스피200,361610
20220203,코스피200,402340
20220203,코스피200,024110
20220203,코스피200,034220
20220203,코스피200,011170
20220203,코스피200,009830
20220203,코스피200,326030
20220203,코스피200,138040
20220203,코스피200,086280
20220203,코스피200,032640
20220203,코스피200,018880
20220203,코스피200,009540
20220203,코스피200,006800
20220203,코스피200,097950
20220203,코스피200,035250
20220203,코스피200,011790
20220203,코스피200,021240
20220203,코스피200,004020
20220203,코스피200,010140
20220203,코스피200,000720
20220203,코스피200,005830
20220203,코스피200,028050
20220203,코스피200,020150
20220203,코스피200,011780
20220203,코스피200,008560
20220203,코스피200,161390
20220203,코스피200,000100
20220203,코스피200,071050
20220203,코스피200,003410
20220203,코스피200,139480
20220203,코스피200,271560
20220203,코스피200,267250
20220203,코스피200,241560
20220203,코스피200,078930
20220203,코스피200,029780
20220203,코스피200,016360
20220203,코스피200,180640
20220203,코스피200,047810
20220203,코스피200,005940
20220203,코스피200,002790
20220203,코스피200,002380
20220203,코스피200,000990
20220203,코스피200,036460
20220203,코스피200,008930
20220203,코스피200,006360
20220203,코스피200,128940
20220203,코스피200,007070
20220203,코스피200,004990
20220203,코스피200,052690
20220203,코스피200,272210
20220203,코스피200,282330
20220203,코스피200,026960
20220203,코스피200,008770
20220203,코스피200,010620
20220203,코스피200,000120
20220203,코스피200,088350
20220203,코스피200,138930
20220203,코스피200,030000
20220203,코스피200,028670
20220203,코스피200,012750
20220203,코스피200,047050
20220203,코스피200,204320
20220203,코스피200,336260
20220203,코스피200,001040
20220203,코스피200,001450
20220203,코스피200,004170
20220203,코스피200,012450
20220203,코스피200,014680
20220203,코스피200,039490
20220203,코스피200,047040
20220203,코스피200,000880
20220203,코스피200,023530
20220203,코스피200,042660
20220203,코스피200,285130
20220203,코스피200,375500
20220203,코스피200,000080
20220203,코스피200,006280
20220203,코스피200,112610
20220203,코스피200,064350
20220203,코스피200,111770
20220203,코스피200,010060
20220203,코스피200,004000
20220203,코스피200,004370
20220203,코스피200,298050
20220203,코스피200,081660
20220203,코스피200,011210
20220203,코스피200,000150
20220203,코스피200,004800
20220203,코스피200,009240
20220203,코스피200,298020
20220203,코스피200,093370
20220203,코스피200,120110
20220203,코스피200,069960
20220203,코스피200,001440
20220203,코스피200,003090
20220203,코스피200,006260
20220203,코스피200,007310
20220203,코스피200,069620
20220203,코스피200,010780
20220203,코스피200,014820
20220203,코스피200,017800
20220203,코스피200,051600
20220203,코스피200,010120
20220203,코스피200,001230
20220203,코스피200,005300
20220203,코스피200,020560
20220203,코스피200,019170
20220203,코스피200,009900
20220203,코스피200,000210
20220203,코스피200,000240
20220203,코스피200,000670
20220203,코스피200,001740
20220203,코스피200,003240
20220203,코스피200,185750
20220203,코스피200,042670
20220203,코스피200,073240
20220203,코스피200,079550
20220203,코스피200,178920
20220203,코스피200,005850
20220203,코스피200,001120
20220203,코스피200,005250
20220203,코스피200,006650
20220203,코스피200,009420
20220203,코스피200,294870
20220203,코스피200,016380
20220203,코스피200,032350
20220203,코스피200,105630
20220203,코스피200,013890
20220203,코스피200,001800
20220203,코스피200,284740
20220203,코스피200,003850
20220203,코스피200,004490
20220203,코스피200,006040
20220203,코스피200,020000
20220203,코스피200,031430
20220203,코스피200,069260
20220203,코스피200,079160
20220203,코스피200,103140
20220203,코스피200,114090
20220203,코스피200,161890
20220203,코스피200,192080
20220203,코스피200,192820
20220203,코스피200,241590
20220203,코스피200,003520
20220203,코스피200,000070
20220203,코스피200,001680
20220203,코스피200,002350
20220203,코스피200,003000
20220203,코스피200,192400
20220203,코스피200,006120
20220203,코스피200,049770
20220203,코스피200,057050
20220203,코스피200,064960
20220203,코스피200,005440
20220203,코스닥150,091990
20220203,코스닥150,247540
20220203,코스닥150,066970
20220203,코스닥150,263750
20220203,코스닥150,293490
20220203,코스닥150,112040
20220203,코스닥150,028300
20220203,코스닥150,096530
20220203,코스닥150,068760
20220203,코스닥150,035760
20220203,코스닥150,058470
20220203,코스닥150,278280
20220203,코스닥150,253450
20220203,코스닥150,196170
20220203,코스닥150,108320
20220203,코스닥150,048260
20220203,코스닥150,237690
20220203,코스닥150,005290
20220203,코스닥150,357780
20220203,코스닥150,240810
20220203,코스닥150,145020
20220203,코스닥150,086520
20220203,코스닥150,067160
20220203,코스닥150,140410
20220203,코스닥150,078340
20220203,코스닥150,035900
20220203,코스닥150,064760
20220203,코스닥150,041510
20220203,코스닥150,222800
20220203,코스닥150,025900
20220203,코스닥150,098460
20220203,코스닥150,078600
20220203,코스닥150,034230
20220203,코스닥150,298380
20220203,코스닥150,206650
20220203,코스닥150,039030
20220203,코스닥150,048410
20220203,코스닥150,032500
20220203,코스닥150,095700
20220203,코스닥150,195940
20220203,코스닥150,056190
20220203,코스닥150,007390
20220203,코스닥150,256840
20220203,코스닥150,144510
20220203,코스닥150,030190
20220203,코스닥150,141080
20220203,코스닥150,067630
20220203,코스닥150,166090
20220203,코스닥150,084370
20220203,코스닥150,036540
20220203,코스닥150,213420
20220203,코스닥150,064550
20220203,코스닥150,039200
20220203,코스닥150,036930
20220203,코스닥150,215200
20220203,코스닥150,214150
20220203,코스닥150,085660
20220203,코스닥150,272290
20220203,코스닥150,222080
20220203,코스닥150,122870
20220203,코스닥150,137400
20220203,코스닥150,200130
20220203,코스닥150,086450
20220203,코스닥150,022100
20220203,코스닥150,084850
20220203,코스닥150,060250
20220203,코스닥150,068240
20220203,코스닥150,046890
20220203,코스닥150,003380
20220203,코스닥150,000250
20220203,코스닥150,194480
20220203,코스닥150,218410
20220203,코스닥150,084990
20220203,코스닥150,140860
20220203,코스닥150,069080
20220203,코스닥150,131290
20220203,코스닥150,214450
20220203,코스닥150,383310
20220203,코스닥150,025980
20220203,코스닥150,235980
20220203,코스닥150,053800
20220203,코스닥150,086900
20220203,코스닥150,033290
20220203,코스닥150,290650
20220203,코스닥150,091700
20220203,코스닥150,090460
20220203,코스닥150,178320
20220203,코스닥150,131970
20220203,코스닥150,033640
20220203,코스닥150,074600
20220203,코스닥150,319660
20220203,코스닥150,101490
20220203,코스닥150,089980
20220203,코스닥150,041190
20220203,코스닥150,151910
20220203,코스닥150,036830
20220203,코스닥150,293780
20220203,코스닥150,100090
20220203,코스닥150,048530
20220203,코스닥150,082270
20220203,코스닥150,041960
20220203,코스닥150,183300
20220203,코스닥150,323990
20220203,코스닥150,294570
20220203,코스닥150,268600
20220203,코스닥150,006730
20220203,코스닥150,060150
20220203,코스닥150,267980
20220203,코스닥150,061970
20220203,코스닥150,092040
20220203,코스닥150,060720
20220203,코스닥150,032190
20220203,코스닥150,243070
20220203,코스닥150,038500
20220203,코스닥150,035600
20220203,코스닥150,036810
20220203,코스닥150,230360
20220203,코스닥150,088800
20220203,코스닥150,095610
20220203,코스닥150,038540
20220203,코스닥150,042000
20220203,코스닥150,290510
20220203,코스닥150,104480
20220203,코스닥150,053030
20220203,코스닥150,058820
20220203,코스닥150,104830
20220203,코스닥150,092190
20220203,코스닥150,078130
20220203,코스닥150,027360
20220203,코스닥150,102710
20220203,코스닥150,052400
20220203,코스닥150,078020
20220203,코스닥150,015750
20220203,코스닥150,029960
20220203,코스닥150,204270
20220203,코스닥150,131370
20220203,코스닥150,080160
20220203,코스닥150,183490
20220203,코스닥150,084110
20220203,코스닥150,299660
20220203,코스닥150,035080
20220203,코스닥150,023410
20220203,코스닥150,265520
20220203,코스닥150,045390
20220203,코스닥150,030530
20220203,코스닥150,119860
20220203,코스닥150,108230
20220203,코스닥150,138080
20220203,코스닥150,018000
20220203,코스닥150,033310
20220302,코스피200,005930
20220302,코스피200,000660
20220302,코스피200,035420
20220302,코스피200,207940
20220302,코스피200,035720
20220302,코스피200,051910
20220302,코스피200,006400
20220302,코스피200,005380
20220302,코스피200,000270
20220302,코스피200,005490
20220302,코스피200,105560
20220302,코스피200,323410
20220302,코스피200,068270
20220302,코스피200,012330
20220302,코스피200,028260
20220302,코스피200,066570
20220302,코스피200,055550
20220302,코스피200,377300
20220302,코스피200,096770
20220302,코스피200,034730
20220302,코스피200,015760
20220302,코스피200,051900
20220302,코스피200,259960
20220302,코스피200,011200
20220302,코스피200,086790
20220302,코스피200,009150
20220302,코스피200,032830
20220302,코스피200,017670
20220302,코스피200,352820
20220302,코스피200,003550
20220302,코스피200,034020
20220302,코스피200,302440
20220302,코스피200,033780
20220302,코스피200,010130
20220302,코스피200,090430
20220302,코스피200,018260
20220302,코스피200,329180
20220302,코스피200,010950
20220302,코스피200,316140
20220302,코스피200,036570
20220302,코스피200,003490
20220302,코스피200,000810
20220302,코스피200,361610
20220302,코스피200,251270
20220302,코스피200,003670
20220302,코스피200,030200
20220302,코스피200,024110
20220302,코스피200,402340
20220302,코스피200,011070
20220302,코스피200,011170
20220302,코스피200,009830
20220302,코스피200,034220
20220302,코스피200,326030
20220302,코스피200,086280
20220302,코스피200,009540
20220302,코스피200,018880
20220302,코스피200,032640
20220302,코스피200,035250
20220302,코스피200,097950
20220302,코스피200,010140
20220302,코스피200,006800
20220302,코스피200,004020
20220302,코스피200,011790
20220302,코스피200,021240
20220302,코스피200,000720
20220302,코스피200,011780
20220302,코스피200,138040
20220302,코스피200,028050
20220302,코스피200,071050
20220302,코스피200,000100
20220302,코스피200,161390
20220302,코스피200,267250
20220302,코스피200,020150
20220302,코스피200,005830
20220302,코스피200,002790
20220302,코스피200,008560
20220302,코스피200,036460
20220302,코스피200,078930
20220302,코스피200,003410
20220302,코스피200,241560
20220302,코스피200,016360
20220302,코스피200,047810
20220302,코스피200,139480
20220302,코스피200,271560
20220302,코스피200,006360
20220302,코스피200,029780
20220302,코스피200,180640
20220302,코스피200,005940
20220302,코스피200,028670
20220302,코스피200,052690
20220302,코스피200,128940
20220302,코스피200,010620
20220302,코스피200,000990
20220302,코스피200,008930
20220302,코스피200,008770
20220302,코스피200,004990
20220302,코스피200,042660
20220302,코스피200,000120
20220302,코스피200,002380
20220302,코스피200,272210
20220302,코스피200,012750
20220302,코스피200,012450
20220302,코스피200,026960
20220302,코스피200,282330
20220302,코스피200,007070
20220302,코스피200,047040
20220302,코스피200,039490
20220302,코스피200,030000
20220302,코스피200,014680
20220302,코스피200,010060
20220302,코스피200,004170
20220302,코스피200,336260
20220302,코스피200,112610
20220302,코스피200,047050
20220302,코스피200,088350
20220302,코스피200,000080
20220302,코스피200,001040
20220302,코스피200,001450
20220302,코스피200,023530
20220302,코스피200,138930
20220302,코스피200,375500
20220302,코스피200,000880
20220302,코스피200,298050
20220302,코스피200,285130
20220302,코스피200,064350
20220302,코스피200,004000
20220302,코스피200,006280
20220302,코스피200,298020
20220302,코스피200,204320
20220302,코스피200,081660
20220302,코스피200,000150
20220302,코스피200,004370
20220302,코스피200,019170
20220302,코스피200,111770
20220302,코스피200,069960
20220302,코스피200,093370
20220302,코스피200,069620
20220302,코스피200,003090
20220302,코스피200,004800
20220302,코스피200,120110
20220302,코스피200,051600
20220302,코스피200,009240
20220302,코스피200,001230
20220302,코스피200,006260
20220302,코스피200,007310
20220302,코스피200,079550
20220302,코스피200,011210
20220302,코스피200,014820
20220302,코스피200,017800
20220302,코스피200,010780
20220302,코스피200,001440
20220302,코스피200,042670
20220302,코스피200,020560
20220302,코스피200,005300
20220302,코스피200,000210
20220302,코스피200,000240
20220302,코스피200,000670
20220302,코스피200,003240
20220302,코스피200,005850
20220302,코스피200,185750
20220302,코스피200,010120
20220302,코스피200,013890
20220302,코스피200,032350
20220302,코스피200,073240
20220302,코스피200,178920
20220302,코스피200,009900
20220302,코스피200,001120
20220302,코스피200,001740
20220302,코스피200,005250
20220302,코스피200,006650
20220302,코스피200,009420
20220302,코스피200,294870
20220302,코스피200,031430
20220302,코스피200,079160
20220302,코스피200,161890
20220302,코스피200,192820
20220302,코스피200,241590
20220302,코스피200,016380
20220302,코스피200,001800
20220302,코스피200,003000
20220302,코스피200,003520
20220302,코스피200,003850
20220302,코스피200,004490
20220302,코스피200,005440
20220302,코스피200,284740
20220302,코스피200,069260
20220302,코스피200,103140
20220302,코스피200,105630
20220302,코스피200,114090
20220302,코스피200,192080
20220302,코스피200,020000
20220302,코스피200,000070
20220302,코스피200,001680
20220302,코스피200,006040
20220302,코스피200,192400
20220302,코스피200,049770
20220302,코스피200,057050
20220302,코스피200,064960
20220302,코스피200,006120
20220302,코스피200,002350
20220302,코스닥150,091990
20220302,코스닥150,247540
20220302,코스닥150,066970
20220302,코스닥150,263750
20220302,코스닥150,293490
20220302,코스닥150,112040
20220302,코스닥150,028300
20220302,코스닥150,068760
20220302,코스닥150,278280
20220302,코스닥150,035760
20220302,코스닥150,058470
20220302,코스닥150,096530
20220302,코스닥150,253450
20220302,코스닥150,196170
20220302,코스닥150,086520
20220302,코스닥150,048260
20220302,코스닥150,108320
20220302,코스닥150,237690
20220302,코스닥150,145020
20220302,코스닥150,005290
20220302,코스닥150,035900
20220302,코스닥150,041510
20220302,코스닥150,357780
20220302,코스닥150,240810
20220302,코스닥150,222800
20220302,코스닥150,067160
20220302,코스닥150,034230
20220302,코스닥150,140410
20220302,코스닥150,078340
20220302,코스닥150,025900
20220302,코스닥150,078600
20220302,코스닥150,064760
20220302,코스닥150,056190
20220302,코스닥150,036930
20220302,코스닥150,098460
20220302,코스닥150,048410
20220302,코스닥150,039030
20220302,코스닥150,032500
20220302,코스닥150,195940
20220302,코스닥150,122870
20220302,코스닥150,214150
20220302,코스닥150,298380
20220302,코스닥150,095700
20220302,코스닥150,030190
20220302,코스닥150,036540
20220302,코스닥150,144510
20220302,코스닥150,141080
20220302,코스닥150,166090
20220302,코스닥150,200130
20220302,코스닥150,137400
20220302,코스닥150,064550
20220302,코스닥150,067630
20220302,코스닥150,007390
20220302,코스닥150,213420
20220302,코스닥150,084370
20220302,코스닥150,215200
20220302,코스닥150,085660
20220302,코스닥150,003380
20220302,코스닥150,086450
20220302,코스닥150,068240
20220302,코스닥150,039200
20220302,코스닥150,206650
20220302,코스닥150,383310
20220302,코스닥150,022100
20220302,코스닥150,214450
20220302,코스닥150,060250
20220302,코스닥150,222080
20220302,코스닥150,000250
20220302,코스닥150,069080
20220302,코스닥150,140860
20220302,코스닥150,256840
20220302,코스닥150,272290
20220302,코스닥150,084850
20220302,코스닥150,025980
20220302,코스닥150,046890
20220302,코스닥150,218410
20220302,코스닥150,086900
20220302,코스닥150,235980
20220302,코스닥150,084990
20220302,코스닥150,290650
20220302,코스닥150,041190
20220302,코스닥150,319660
20220302,코스닥150,033290
20220302,코스닥150,151910
20220302,코스닥150,100090
20220302,코스닥150,089980
20220302,코스닥150,194480
20220302,코스닥150,131290
20220302,코스닥150,033640
20220302,코스닥150,053800
20220302,코스닥150,091700
20220302,코스닥150,090460
20220302,코스닥150,074600
20220302,코스닥150,048530
20220302,코스닥150,178320
20220302,코스닥150,131970
20220302,코스닥150,036830
20220302,코스닥150,101490
20220302,코스닥150,082270
20220302,코스닥150,323990
20220302,코스닥150,230360
20220302,코스닥150,006730
20220302,코스닥150,038540
20220302,코스닥150,041960
20220302,코스닥150,293780
20220302,코스닥150,267980
20220302,코스닥150,268600
20220302,코스닥150,183300
20220302,코스닥150,032190
20220302,코스닥150,243070
20220302,코스닥150,092040
20220302,코스닥150,060720
20220302,코스닥150,035600
20220302,코스닥150,038500
20220302,코스닥150,060150
20220302,코스닥150,294570
20220302,코스닥150,088800
20220302,코스닥150,095610
20220302,코스닥150,104480
20220302,코스닥150,061970
20220302,코스닥150,078130
20220302,코스닥150,035080
20220302,코스닥150,042000
20220302,코스닥150,290510
20220302,코스닥150,080160
20220302,코스닥150,104830
20220302,코스닥150,058820
20220302,코스닥150,027360
20220302,코스닥150,053030
20220302,코스닥150,036810
20220302,코스닥150,052400
20220302,코스닥150,078020
20220302,코스닥150,102710
20220302,코스닥150,092190
20220302,코스닥150,029960
20220302,코스닥150,015750
20220302,코스닥150,204270
20220302,코스닥150,023410
20220302,코스닥150,084110
20220302,코스닥150,030530
20220302,코스닥150,018000
20220302,코스닥150,265520
20220302,코스닥150,045390
20220302,코스닥150,299660
20220302,코스닥150,131370
20220302,코스닥150,108230
20220302,코스닥150,138080
20220302,코스닥150,119860
20220302,코스닥150,183490
20220302,코스닥150,033310
20220401,코스피200,005930
20220401,코스피200,373220
20220401,코스피200,000660
20220401,코스피200,035420
20220401,코스피200,207940
20220401,코스피200,035720
20220401,코스피200,006400
20220401,코스피200,005380
20220401,코스피200,051910
20220401,코스피200,000270
20220401,코스피200,105560
20220401,코스피200,005490
20220401,코스피200,323410
20220401,코스피200,068270
20220401,코스피200,055550
20220401,코스피200,028260
20220401,코스피200,012330
20220401,코스피200,096770
20220401,코스피200,066570
20220401,코스피200,377300
20220401,코스피200,034730
20220401,코스피200,015760
20220401,코스피200,086790
20220401,코스피200,011200
20220401,코스피200,051900
20220401,코스피200,259960
20220401,코스피200,352820
20220401,코스피200,032830
20220401,코스피200,017670
20220401,코스피200,034020
20220401,코스피200,009150
20220401,코스피200,003550
20220401,코스피200,302440
20220401,코스피200,316140
20220401,코스피200,010130
20220401,코스피200,010950
20220401,코스피200,033780
20220401,코스피200,003490
20220401,코스피200,018260
20220401,코스피200,329180
20220401,코스피200,000810
20220401,코스피200,036570
20220401,코스피200,090430
20220401,코스피200,030200
20220401,코스피200,251270
20220401,코스피200,003670
20220401,코스피200,011070
20220401,코스피200,361610
20220401,코스피200,024110
20220401,코스피200,402340
20220401,코스피200,034220
20220401,코스피200,011170
20220401,코스피200,086280
20220401,코스피200,326030
20220401,코스피200,009830
20220401,코스피200,018880
20220401,코스피200,032640
20220401,코스피200,009540
20220401,코스피200,035250
20220401,코스피200,097950
20220401,코스피200,011790
20220401,코스피200,138040
20220401,코스피200,004020
20220401,코스피200,006800
20220401,코스피200,000720
20220401,코스피200,005830
20220401,코스피200,021240
20220401,코스피200,010140
20220401,코스피200,028050
20220401,코스피200,011780
20220401,코스피200,008560
20220401,코스피200,020150
20220401,코스피200,000100
20220401,코스피200,267250
20220401,코스피200,180640
20220401,코스피200,161390
20220401,코스피200,071050
20220401,코스피200,047810
20220401,코스피200,003410
20220401,코스피200,078930
20220401,코스피200,002790
20220401,코스피200,006360
20220401,코스피200,241560
20220401,코스피200,139480
20220401,코스피200,029780
20220401,코스피200,005940
20220401,코스피200,016360
20220401,코스피200,271560
20220401,코스피200,036460
20220401,코스피200,028670
20220401,코스피200,000990
20220401,코스피200,128940
20220401,코스피200,004990
20220401,코스피200,008770
20220401,코스피200,282330
20220401,코스피200,052690
20220401,코스피200,010620
20220401,코스피200,002380
20220401,코스피200,000120
20220401,코스피200,272210
20220401,코스피200,008930
20220401,코스피200,007070
20220401,코스피200,001450
20220401,코스피200,023530
20220401,코스피200,030000
20220401,코스피200,047040
20220401,코스피200,088350
20220401,코스피200,000080
20220401,코스피200,004170
20220401,코스피200,012450
20220401,코스피200,012750
20220401,코스피200,014680
20220401,코스피200,026960
20220401,코스피200,375500
20220401,코스피200,042660
20220401,코스피200,047050
20220401,코스피200,112610
20220401,코스피200,138930
20220401,코스피200,336260
20220401,코스피200,039490
20220401,코스피200,000880
20220401,코스피200,001040
20220401,코스피200,006280
20220401,코스피200,298050
20220401,코스피200,204320
20220401,코스피200,285130
20220401,코스피200,010060
20220401,코스피200,064350
20220401,코스피200,001440
20220401,코스피200,004000
20220401,코스피200,298020
20220401,코스피200,111770
20220401,코스피200,019170
20220401,코스피200,003090
20220401,코스피200,004370
20220401,코스피200,004800
20220401,코스피200,081660
20220401,코스피200,051600
20220401,코스피200,069620
20220401,코스피200,069960
20220401,코스피200,009240
20220401,코스피200,000150
20220401,코스피200,005300
20220401,코스피200,006260
20220401,코스피200,007310
20220401,코스피200,120110
20220401,코스피200,011210
20220401,코스피200,014820
20220401,코스피200,020560
20220401,코스피200,093370
20220401,코스피200,010780
20220401,코스피200,001230
20220401,코스피200,079550
20220401,코스피200,017800
20220401,코스피200,000210
20220401,코스피200,000240
20220401,코스피200,000670
20220401,코스피200,178920
20220401,코스피200,010120
20220401,코스피200,032350
20220401,코스피200,042670
20220401,코스피200,001120
20220401,코스피200,001740
20220401,코스피200,003240
20220401,코스피200,005250
20220401,코스피200,005850
20220401,코스피200,006650
20220401,코스피200,009900
20220401,코스피200,185750
20220401,코스피200,016380
20220401,코스피200,031430
20220401,코스피200,073240
20220401,코스피200,079160
20220401,코스피200,105630
20220401,코스피200,161890
20220401,코스피200,013890
20220401,코스피200,001800
20220401,코스피200,294870
20220401,코스피200,003520
20220401,코스피200,003850
20220401,코스피200,004490
20220401,코스피200,005440
20220401,코스피200,006040
20220401,코스피200,009420
20220401,코스피200,020000
20220401,코스피200,069260
20220401,코스피200,103140
20220401,코스피200,114090
20220401,코스피200,192080
20220401,코스피200,192820
20220401,코스피200,241590
20220401,코스피200,003000
20220401,코스피200,000070
20220401,코스피200,001680
20220401,코스피200,284740
20220401,코스피200,057050
20220401,코스피200,064960
20220401,코스피200,006120
20220401,코스피200,192400
20220401,코스피200,002350
20220401,코스닥150,091990
20220401,코스닥150,247540
20220401,코스닥150,066970
20220401,코스닥150,263750
20220401,코스닥150,293490
20220401,코스닥150,068760
20220401,코스닥150,112040
20220401,코스닥150,278280
20220401,코스닥150,028300
20220401,코스닥150,035760
20220401,코스닥150,253450
20220401,코스닥150,058470
20220401,코스닥150,096530
20220401,코스닥150,196170
20220401,코스닥150,108320
20220401,코스닥150,035900
20220401,코스닥150,086520
20220401,코스닥150,041510
20220401,코스닥150,005290
20220401,코스닥150,357780
20220401,코스닥150,240810
20220401,코스닥150,237690
20220401,코스닥150,222800
20220401,코스닥150,067160
20220401,코스닥150,025900
20220401,코스닥150,034230
20220401,코스닥150,064760
20220401,코스닥150,214150
20220401,코스닥150,145020
20220401,코스닥150,056190
20220401,코스닥150,078600
20220401,코스닥150,078340
20220401,코스닥150,032500
20220401,코스닥150,039030
20220401,코스닥150,122870
20220401,코스닥150,195940
20220401,코스닥150,098460
20220401,코스닥150,036930
20220401,코스닥150,298380
20220401,코스닥150,053800
20220401,코스닥150,003380
20220401,코스닥150,215200
20220401,코스닥150,030190
20220401,코스닥150,137400
20220401,코스닥150,036540
20220401,코스닥150,144510
20220401,코스닥150,095700
20220401,코스닥150,141080
20220401,코스닥150,048410
20220401,코스닥150,007390
20220401,코스닥150,166090
20220401,코스닥150,272290
20220401,코스닥150,084370
20220401,코스닥150,213420
20220401,코스닥150,085660
20220401,코스닥150,214370
20220401,코스닥150,200130
20220401,코스닥150,067630
20220401,코스닥150,064550
20220401,코스닥150,086450
20220401,코스닥150,060250
20220401,코스닥150,068240
20220401,코스닥150,022100
20220401,코스닥150,214450
20220401,코스닥150,151910
20220401,코스닥150,256840
20220401,코스닥150,140860
20220401,코스닥150,069080
20220401,코스닥150,222080
20220401,코스닥150,206650
20220401,코스닥150,086900
20220401,코스닥150,290650
20220401,코스닥150,039200
20220401,코스닥150,084850
20220401,코스닥150,218410
20220401,코스닥150,000250
20220401,코스닥150,046890
20220401,코스닥150,090460
20220401,코스닥150,383310
20220401,코스닥150,041190
20220401,코스닥150,194480
20220401,코스닥150,084990
20220401,코스닥150,025980
20220401,코스닥150,048530
20220401,코스닥150,235980
20220401,코스닥150,178320
20220401,코스닥150,131290
20220401,코스닥150,323990
20220401,코스닥150,319660
20220401,코스닥150,230360
20220401,코스닥150,089980
20220401,코스닥150,033290
20220401,코스닥150,100090
20220401,코스닥150,033640
20220401,코스닥150,074600
20220401,코스닥150,091700
20220401,코스닥150,101490
20220401,코스닥150,092040
20220401,코스닥150,035600
20220401,코스닥150,140410
20220401,코스닥150,131970
20220401,코스닥150,036830
20220401,코스닥150,006730
20220401,코스닥150,082270
20220401,코스닥150,041960
20220401,코스닥150,183300
20220401,코스닥150,294570
20220401,코스닥150,038500
20220401,코스닥150,032190
20220401,코스닥150,038540
20220401,코스닥150,060150
20220401,코스닥150,267980
20220401,코스닥150,088800
20220401,코스닥150,095610
20220401,코스닥150,061970
20220401,코스닥150,268600
20220401,코스닥150,035080
20220401,코스닥150,053030
20220401,코스닥150,293780
20220401,코스닥150,243070
20220401,코스닥150,290510
20220401,코스닥150,060720
20220401,코스닥150,027360
20220401,코스닥150,104480
20220401,코스닥150,058820
20220401,코스닥150,036810
20220401,코스닥150,042000
20220401,코스닥150,104830
20220401,코스닥150,080160
20220401,코스닥150,078130
20220401,코스닥150,078020
20220401,코스닥150,029960
20220401,코스닥150,102710
20220401,코스닥150,052400
20220401,코스닥150,015750
20220401,코스닥150,023410
20220401,코스닥150,204270
20220401,코스닥150,183490
20220401,코스닥150,092190
20220401,코스닥150,084110
20220401,코스닥150,030530
20220401,코스닥150,265520
20220401,코스닥150,018000
20220401,코스닥150,131370
20220401,코스닥150,045390
20220401,코스닥150,138080
20220401,코스닥150,108230
20220401,코스닥150,299660
20220401,코스닥150,119860
20220401,코스닥150,033310
20220502,코스피200,005930
20220502,코스피200,373220
20220502,코스피200,000660
20220502,코스피200,207940
20220502,코스피200,035420
20220502,코스피200,006400
20220502,코스피200,005380
20220502,코스피200,035720
20220502,코스피200,051910
20220502,코스피200,000270
20220502,코스피200,005490
20220502,코스피200,068270
20220502,코스피200,105560
20220502,코스피200,028260
20220502,코스피200,055550
20220502,코스피200,034730
20220502,코스피200,012330
20220502,코스피200,323410
20220502,코스피200,066570
20220502,코스피200,096770
20220502,코스피200,015760
20220502,코스피200,051900
20220502,코스피200,011200
20220502,코스피200,377300
20220502,코스피200,086790
20220502,코스피200,032830
20220502,코스피200,034020
20220502,코스피200,009150
20220502,코스피200,329180
20220502,코스피200,017670
20220502,코스피200,259960
20220502,코스피200,010950
20220502,코스피200,003550
20220502,코스피200,018260
20220502,코스피200,033780
20220502,코스피200,010130
20220502,코스피200,316140
20220502,코스피200,003670
20220502,코스피200,003490
20220502,코스피200,352820
20220502,코스피200,090430
20220502,코스피200,302440
20220502,코스피200,000810
20220502,코스피200,036570
20220502,코스피200,030200
20220502,코스피200,361610
20220502,코스피200,024110
20220502,코스피200,011070
20220502,코스피200,251270
20220502,코스피200,086280
20220502,코스피200,402340
20220502,코스피200,326030
20220502,코스피200,011170
20220502,코스피200,009540
20220502,코스피200,032640
20220502,코스피200,097950
20220502,코스피200,018880
20220502,코스피200,034220
20220502,코스피200,009830
20220502,코스피200,004020
20220502,코스피200,011790
20220502,코스피200,035250
20220502,코스피200,010140
20220502,코스피200,021240
20220502,코스피200,028050
20220502,코스피200,000720
20220502,코스피200,006800
20220502,코스피200,138040
20220502,코스피200,011780
20220502,코스피200,005830
20220502,코스피200,047810
20220502,코스피200,267250
20220502,코스피200,008560
20220502,코스피200,000100
20220502,코스피200,161390
20220502,코스피200,241560
20220502,코스피200,078930
20220502,코스피200,003410
20220502,코스피200,002790
20220502,코스피200,020150
20220502,코스피200,071050
20220502,코스피200,128940
20220502,코스피200,036460
20220502,코스피200,029780
20220502,코스피200,180640
20220502,코스피200,271560
20220502,코스피200,006360
20220502,코스피200,005940
20220502,코스피200,139480
20220502,코스피200,004990
20220502,코스피200,028670
20220502,코스피200,008930
20220502,코스피200,016360
20220502,코스피200,010620
20220502,코스피200,007070
20220502,코스피200,002380
20220502,코스피200,282330
20220502,코스피200,047050
20220502,코스피200,008770
20220502,코스피200,272210
20220502,코스피200,030000
20220502,코스피200,000990
20220502,코스피200,000120
20220502,코스피200,001450
20220502,코스피200,012450
20220502,코스피200,014680
20220502,코스피200,023530
20220502,코스피200,026960
20220502,코스피200,042660
20220502,코스피200,047040
20220502,코스피200,052690
20220502,코스피200,000080
20220502,코스피200,001040
20220502,코스피200,010060
20220502,코스피200,204320
20220502,코스피200,088350
20220502,코스피200,112610
20220502,코스피200,138930
20220502,코스피200,012750
20220502,코스피200,001440
20220502,코스피200,004170
20220502,코스피200,375500
20220502,코스피200,039490
20220502,코스피200,016380
20220502,코스피200,000880
20220502,코스피200,004000
20220502,코스피200,006280
20220502,코스피200,336260
20220502,코스피200,111770
20220502,코스피200,285130
20220502,코스피200,298050
20220502,코스피200,069620
20220502,코스피200,081660
20220502,코스피200,064350
20220502,코스피200,001230
20220502,코스피200,004370
20220502,코스피200,004800
20220502,코스피200,005300
20220502,코스피200,298020
20220502,코스피200,011210
20220502,코스피200,069960
20220502,코스피200,079550
20220502,코스피200,093370
20220502,코스피200,006260
20220502,코스피200,003090
20220502,코스피200,007310
20220502,코스피200,009240
20220502,코스피200,120110
20220502,코스피200,014820
20220502,코스피200,019170
20220502,코스피200,051600
20220502,코스피200,010780
20220502,코스피200,000150
20220502,코스피200,000240
20220502,코스피200,001120
20220502,코스피200,178920
20220502,코스피200,017800
20220502,코스피200,020560
20220502,코스피200,010120
20220502,코스피200,000210
20220502,코스피200,000670
20220502,코스피200,001740
20220502,코스피200,073240
20220502,코스피200,009900
20220502,코스피200,042670
20220502,코스피200,005850
20220502,코스피200,003240
20220502,코스피200,004490
20220502,코스피200,005250
20220502,코스피200,031430
20220502,코스피200,241590
20220502,코스피200,079160
20220502,코스피200,105630
20220502,코스피200,161890
20220502,코스피200,185750
20220502,코스피200,032350
20220502,코스피200,001680
20220502,코스피200,294870
20220502,코스피200,003000
20220502,코스피200,003520
20220502,코스피200,003850
20220502,코스피200,005440
20220502,코스피200,006040
20220502,코스피200,006650
20220502,코스피200,009420
20220502,코스피200,013890
20220502,코스피200,020000
20220502,코스피200,069260
20220502,코스피200,103140
20220502,코스피200,114090
20220502,코스피200,192080
20220502,코스피200,192820
20220502,코스피200,001800
20220502,코스피200,000070
20220502,코스피200,002350
20220502,코스피200,006120
20220502,코스피200,284740
20220502,코스피200,064960
20220502,코스피200,192400
20220502,코스피200,057050
20220502,코스닥150,247540
20220502,코스닥150,091990
20220502,코스닥150,066970
20220502,코스닥150,293490
20220502,코스닥150,263750
20220502,코스닥150,068760
20220502,코스닥150,028300
20220502,코스닥150,035760
20220502,코스닥150,278280
20220502,코스닥150,058470
20220502,코스닥150,112040
20220502,코스닥150,253450
20220502,코스닥150,196170
20220502,코스닥150,086520
20220502,코스닥150,108320
20220502,코스닥150,035900
20220502,코스닥150,096530
20220502,코스닥150,240810
20220502,코스닥150,237690
20220502,코스닥150,005290
20220502,코스닥150,357780
20220502,코스닥150,025900
20220502,코스닥150,064760
20220502,코스닥150,041510
20220502,코스닥150,222800
20220502,코스닥150,145020
20220502,코스닥150,034230
20220502,코스닥150,056190
20220502,코스닥150,039030
20220502,코스닥150,032500
20220502,코스닥150,214150
20220502,코스닥150,214370
20220502,코스닥150,098460
20220502,코스닥150,078600
20220502,코스닥150,067160
20220502,코스닥150,166090
20220502,코스닥150,078340
20220502,코스닥150,003380
20220502,코스닥150,298380
20220502,코스닥150,195940
20220502,코스닥150,215200
20220502,코스닥150,053800
20220502,코스닥150,048410
20220502,코스닥150,036540
20220502,코스닥150,030190
20220502,코스닥150,137400
20220502,코스닥150,007390
20220502,코스닥150,122870
20220502,코스닥150,036930
20220502,코스닥150,085660
20220502,코스닥150,213420
20220502,코스닥150,144510
20220502,코스닥150,141080
20220502,코스닥150,000250
20220502,코스닥150,086450
20220502,코스닥150,200130
20220502,코스닥150,272290
20220502,코스닥150,095700
20220502,코스닥150,067630
20220502,코스닥150,084370
20220502,코스닥150,068240
20220502,코스닥150,022100
20220502,코스닥150,090460
20220502,코스닥150,214450
20220502,코스닥150,086900
20220502,코스닥150,131290
20220502,코스닥150,290650
20220502,코스닥150,039200
20220502,코스닥150,060250
20220502,코스닥150,084850
20220502,코스닥150,074600
20220502,코스닥150,151910
20220502,코스닥150,222080
20220502,코스닥150,046890
20220502,코스닥150,064550
20220502,코스닥150,084990
20220502,코스닥150,100090
20220502,코스닥150,140860
20220502,코스닥150,069080
20220502,코스닥150,025980
20220502,코스닥150,218410
20220502,코스닥150,383310
20220502,코스닥150,290510
20220502,코스닥150,319660
20220502,코스닥150,194480
20220502,코스닥150,033640
20220502,코스닥150,033290
20220502,코스닥150,323990
20220502,코스닥150,131970
20220502,코스닥150,091700
20220502,코스닥150,256840
20220502,코스닥150,041190
20220502,코스닥150,006730
20220502,코스닥150,235980
20220502,코스닥150,206650
20220502,코스닥150,089980
20220502,코스닥150,230360
20220502,코스닥150,092040
20220502,코스닥150,048530
20220502,코스닥150,101490
20220502,코스닥150,038540
20220502,코스닥150,082270
20220502,코스닥150,036830
20220502,코스닥150,038500
20220502,코스닥150,268600
20220502,코스닥150,041960
20220502,코스닥150,095610
20220502,코스닥150,267980
20220502,코스닥150,183300
20220502,코스닥150,140410
20220502,코스닥150,032190
20220502,코스닥150,060150
20220502,코스닥150,243070
20220502,코스닥150,102710
20220502,코스닥150,061970
20220502,코스닥150,053030
20220502,코스닥150,035600
20220502,코스닥150,036810
20220502,코스닥150,294570
20220502,코스닥150,104830
20220502,코스닥150,060720
20220502,코스닥150,027360
20220502,코스닥150,104480
20220502,코스닥150,088800
20220502,코스닥150,293780
20220502,코스닥150,058820
20220502,코스닥150,029960
20220502,코스닥150,042000
20220502,코스닥150,080160
20220502,코스닥150,078130
20220502,코스닥150,078020
20220502,코스닥150,023410
20220502,코스닥150,015750
20220502,코스닥150,052400
20220502,코스닥150,030530
20220502,코스닥150,265520
20220502,코스닥150,204270
20220502,코스닥150,035080
20220502,코스닥150,178320
20220502,코스닥150,092190
20220502,코스닥150,084110
20220502,코스닥150,108230
20220502,코스닥150,045390
20220502,코스닥150,183490
20220502,코스닥150,138080
20220502,코스닥150,131370
20220502,코스닥150,018000
20220502,코스닥150,119860
20220502,코스닥150,033310
20220502,코스닥150,299660
20220602,코스피200,005930
20220602,코스피200,373220
20220602,코스피200,000660
20220602,코스피200,207940
20220602,코스피200,035420
20220602,코스피200,051910
20220602,코스피200,005380
20220602,코스피200,006400
20220602,코스피200,035720
20220602,코스피200,000270
20220602,코스피200,005490
20220602,코스피200,105560
20220602,코스피200,028260
20220602,코스피200,068270
20220602,코스피200,055550
20220602,코스피200,012330
20220602,코스피200,096770
20220602,코스피200,323410
20220602,코스피200,034730
20220602,코스피200,066570
20220602,코스피200,011200
20220602,코스피200,015760
20220602,코스피200,086790
20220602,코스피200,377300
20220602,코스피200,032830
20220602,코스피200,010950
20220602,코스피200,034020
20220602,코스피200,003550
20220602,코스피200,259960
20220602,코스피200,017670
20220602,코스피200,033780
20220602,코스피200,018260
20220602,코스피200,051900
20220602,코스피200,009150
20220602,코스피200,010130
20220602,코스피200,329180
20220602,코스피200,316140
20220602,코스피200,003670
20220602,코스피200,302440
20220602,코스피200,003490
20220602,코스피200,036570
20220602,코스피200,030200
20220602,코스피200,000810
20220602,코스피200,090430
20220602,코스피200,352820
20220602,코스피200,011070
20220602,코스피200,361610
20220602,코스피200,024110
20220602,코스피200,086280
20220602,코스피200,009830
20220602,코스피200,011170
20220602,코스피200,251270
20220602,코스피200,326030
20220602,코스피200,402340
20220602,코스피200,009540
20220602,코스피200,034220
20220602,코스피200,011790
20220602,코스피200,035250
20220602,코스피200,032640
20220602,코스피200,097950
20220602,코스피200,018880
20220602,코스피200,004020
20220602,코스피200,021240
20220602,코스피200,010140
20220602,코스피200,047810
20220602,코스피200,267250
20220602,코스피200,011780
20220602,코스피200,006800
20220602,코스피200,028050
20220602,코스피200,161390
20220602,코스피200,000720
20220602,코스피200,005830
20220602,코스피200,078930
20220602,코스피200,000100
20220602,코스피200,138040
20220602,코스피200,036460
20220602,코스피200,071050
20220602,코스피200,003410
20220602,코스피200,008560
20220602,코스피200,020150
20220602,코스피200,028670
20220602,코스피200,029780
20220602,코스피200,180640
20220602,코스피200,241560
20220602,코스피200,271560
20220602,코스피200,128940
20220602,코스피200,002790
20220602,코스피200,004990
20220602,코스피200,016360
20220602,코스피200,005940
20220602,코스피200,282330
20220602,코스피200,139480
20220602,코스피200,010620
20220602,코스피200,008930
20220602,코스피200,006360
20220602,코스피200,010060
20220602,코스피200,002380
20220602,코스피200,000990
20220602,코스피200,008770
20220602,코스피200,272210
20220602,코스피200,030000
20220602,코스피200,001440
20220602,코스피200,047050
20220602,코스피200,012450
20220602,코스피200,000120
20220602,코스피200,007070
20220602,코스피200,052690
20220602,코스피200,014680
20220602,코스피200,001450
20220602,코스피200,012750
20220602,코스피200,023530
20220602,코스피200,026960
20220602,코스피200,047040
20220602,코스피200,000080
20220602,코스피200,004170
20220602,코스피200,336260
20220602,코스피200,138930
20220602,코스피200,204320
20220602,코스피200,039490
20220602,코스피200,001040
20220602,코스피200,298050
20220602,코스피200,112610
20220602,코스피200,042660
20220602,코스피200,000880
20220602,코스피200,004000
20220602,코스피200,006260
20220602,코스피200,285130
20220602,코스피200,064350
20220602,코스피200,088350
20220602,코스피200,093370
20220602,코스피200,006280
20220602,코스피200,069620
20220602,코스피200,375500
20220602,코스피200,111770
20220602,코스피200,004800
20220602,코스피200,005300
20220602,코스피200,009240
20220602,코스피200,011210
20220602,코스피200,298020
20220602,코스피200,069960
20220602,코스피200,079550
20220602,코스피200,081660
20220602,코스피200,120110
20220602,코스피200,016380
20220602,코스피200,001230
20220602,코스피200,003090
20220602,코스피200,004370
20220602,코스피200,051600
20220602,코스피200,010120
20220602,코스피200,010780
20220602,코스피200,014820
20220602,코스피200,007310
20220602,코스피200,000150
20220602,코스피200,000210
20220602,코스피200,000240
20220602,코스피200,001120
20220602,코스피200,178920
20220602,코스피200,017800
20220602,코스피200,019170
20220602,코스피200,020560
20220602,코스피200,005850
20220602,코스피200,000670
20220602,코스피200,009900
20220602,코스피200,073240
20220602,코스피200,042670
20220602,코스피200,031430
20220602,코스피200,001740
20220602,코스피200,003240
20220602,코스피200,005250
20220602,코스피200,185750
20220602,코스피200,032350
20220602,코스피200,069260
20220602,코스피200,079160
20220602,코스피200,006650
20220602,코스피200,001800
20220602,코스피200,003850
20220602,코스피200,004490
20220602,코스피200,005440
20220602,코스피200,006040
20220602,코스피200,009420
20220602,코스피200,294870
20220602,코스피200,020000
20220602,코스피200,103140
20220602,코스피200,105630
20220602,코스피200,114090
20220602,코스피200,161890
20220602,코스피200,241590
20220602,코스피200,013890
20220602,코스피200,000070
20220602,코스피200,001680
20220602,코스피200,003000
20220602,코스피200,003520
20220602,코스피200,284740
20220602,코스피200,057050
20220602,코스피200,064960
20220602,코스피200,192080
20220602,코스피200,192820
20220602,코스피200,006120
20220602,코스피200,192400
20220602,코스피200,002350
20220602,코스닥150,247540
20220602,코스닥150,091990
20220602,코스닥150,066970
20220602,코스닥150,293490
20220602,코스닥150,028300
20220602,코스닥150,263750
20220602,코스닥150,068760
20220602,코스닥150,112040
20220602,코스닥150,278280
20220602,코스닥150,035760
20220602,코스닥150,196170
20220602,코스닥150,058470
20220602,코스닥150,253450
20220602,코스닥150,096530
20220602,코스닥150,005290
20220602,코스닥150,108320
20220602,코스닥150,357780
20220602,코스닥150,086520
20220602,코스닥150,035900
20220602,코스닥150,237690
20220602,코스닥150,240810
20220602,코스닥150,025900
20220602,코스닥150,064760
20220602,코스닥150,041510
20220602,코스닥150,145020
20220602,코스닥150,056190
20220602,코스닥150,222800
20220602,코스닥150,034230
20220602,코스닥150,067630
20220602,코스닥150,137400
20220602,코스닥150,078600
20220602,코스닥150,195940
20220602,코스닥150,039030
20220602,코스닥150,166090
20220602,코스닥150,032500
20220602,코스닥150,067160
20220602,코스닥150,048410
20220602,코스닥150,003380
20220602,코스닥150,298380
20220602,코스닥150,214150
20220602,코스닥150,007390
20220602,코스닥150,098460
20220602,코스닥150,214370
20220602,코스닥150,078340
20220602,코스닥150,215200
20220602,코스닥150,036540
20220602,코스닥150,122870
20220602,코스닥150,053800
20220602,코스닥150,213420
20220602,코스닥150,036930
20220602,코스닥150,030190
20220602,코스닥150,000250
20220602,코스닥150,085660
20220602,코스닥150,141080
20220602,코스닥150,144510
20220602,코스닥150,090460
20220602,코스닥150,068240
20220602,코스닥150,086450
20220602,코스닥150,131290
20220602,코스닥150,022100
20220602,코스닥150,095700
20220602,코스닥150,084370
20220602,코스닥150,200130
20220602,코스닥150,272290
20220602,코스닥150,222080
20220602,코스닥150,290650
20220602,코스닥150,074600
20220602,코스닥150,039200
20220602,코스닥150,151910
20220602,코스닥150,084990
20220602,코스닥150,218410
20220602,코스닥150,100090
20220602,코스닥150,086900
20220602,코스닥150,214450
20220602,코스닥150,084850
20220602,코스닥150,064550
20220602,코스닥150,140860
20220602,코스닥150,046890
20220602,코스닥150,069080
20220602,코스닥150,323990
20220602,코스닥150,383310
20220602,코스닥150,025980
20220602,코스닥150,178320
20220602,코스닥150,033640
20220602,코스닥150,060250
20220602,코스닥150,319660
20220602,코스닥150,290510
20220602,코스닥150,091700
20220602,코스닥150,089980
20220602,코스닥150,256840
20220602,코스닥150,235980
20220602,코스닥150,206650
20220602,코스닥150,194480
20220602,코스닥150,033290
20220602,코스닥150,038540
20220602,코스닥150,183300
20220602,코스닥150,131970
20220602,코스닥150,082270
20220602,코스닥150,006730
20220602,코스닥150,092040
20220602,코스닥150,048530
20220602,코스닥150,036830
20220602,코스닥150,101490
20220602,코스닥150,041190
20220602,코스닥150,060720
20220602,코스닥150,041960
20220602,코스닥150,267980
20220602,코스닥150,140410
20220602,코스닥150,032190
20220602,코스닥150,038500
20220602,코스닥150,268600
20220602,코스닥150,102710
20220602,코스닥150,230360
20220602,코스닥150,095610
20220602,코스닥150,060150
20220602,코스닥150,243070
20220602,코스닥150,104830
20220602,코스닥150,061970
20220602,코스닥150,088800
20220602,코스닥150,053030
20220602,코스닥150,015750
20220602,코스닥150,104480
20220602,코스닥150,058820
20220602,코스닥150,035600
20220602,코스닥150,027360
20220602,코스닥150,036810
20220602,코스닥150,029960
20220602,코스닥150,293780
20220602,코스닥150,035080
20220602,코스닥150,078020
20220602,코스닥150,294570
20220602,코스닥150,080160
20220602,코스닥150,078130
20220602,코스닥150,042000
20220602,코스닥150,030530
20220602,코스닥150,052400
20220602,코스닥150,023410
20220602,코스닥150,265520
20220602,코스닥150,204270
20220602,코스닥150,018000
20220602,코스닥150,092190
20220602,코스닥150,084110
20220602,코스닥150,138080
20220602,코스닥150,108230
20220602,코스닥150,045390
20220602,코스닥150,183490
20220602,코스닥150,131370
20220602,코스닥150,119860
20220602,코스닥150,033310
20220602,코스닥150,299660
20220701,코스피200,005930
20220701,코스피200,373220
20220701,코스피200,000660
20220701,코스피200,207940
20220701,코스피200,035420
20220701,코스피200,005380
20220701,코스피200,051910
20220701,코스피200,006400
20220701,코스피200,000270
20220701,코스피200,035720
20220701,코스피200,068270
20220701,코스피200,028260
20220701,코스피200,005490
20220701,코스피200,105560
20220701,코스피200,055550
20220701,코스피200,012330
20220701,코스피200,096770
20220701,코스피200,034730
20220701,코스피200,066570
20220701,코스피200,015760
20220701,코스피200,323410
20220701,코스피200,032830
20220701,코스피200,003550
20220701,코스피200,329180
20220701,코스피200,034020
20220701,코스피200,086790
20220701,코스피200,011200
20220701,코스피200,017670
20220701,코스피200,033780
20220701,코스피200,010950
20220701,코스피200,051900
20220701,코스피200,259960
20220701,코스피200,018260
20220701,코스피200,000810
20220701,코스피200,030200
20220701,코스피200,009150
20220701,코스피200,010130
20220701,코스피200,003490
20220701,코스피200,316140
20220701,코스피200,011070
20220701,코스피200,003670
20220701,코스피200,377300
20220701,코스피200,090430
20220701,코스피200,036570
20220701,코스피200,302440
20220701,코스피200,009830
20220701,코스피200,024110
20220701,코스피200,086280
20220701,코스피200,009540
20220701,코스피200,011170
20220701,코스피200,361610
20220701,코스피200,352820
20220701,코스피200,097950
20220701,코스피200,251270
20220701,코스피200,032640
20220701,코스피200,035250
20220701,코스피200,402340
20220701,코스피200,326030
20220701,코스피200,047810
20220701,코스피200,018880
20220701,코스피200,010140
20220701,코스피200,034220
20220701,코스피200,011790
20220701,코스피200,383220
20220701,코스피200,021240
20220701,코스피200,000720
20220701,코스피200,267250
20220701,코스피200,028050
20220701,코스피200,005830
20220701,코스피200,004020
20220701,코스피200,011780
20220701,코스피200,000060
20220701,코스피200,000100
20220701,코스피200,006800
20220701,코스피200,161390
20220701,코스피200,180640
20220701,코스피200,271560
20220701,코스피200,137310
20220701,코스피200,004990
20220701,코스피200,078930
20220701,코스피200,010620
20220701,코스피200,128940
20220701,코스피200,036460
20220701,코스피200,029780
20220701,코스피200,003410
20220701,코스피200,138040
20220701,코스피200,071050
20220701,코스피200,010060
20220701,코스피200,282330
20220701,코스피200,028670
20220701,코스피200,020150
20220701,코스피200,002790
20220701,코스피200,005940
20220701,코스피200,241560
20220701,코스피200,016360
20220701,코스피200,139480
20220701,코스피200,008560
20220701,코스피200,023530
20220701,코스피200,001450
20220701,코스피200,006360
20220701,코스피200,007070
20220701,코스피200,272210
20220701,코스피200,030000
20220701,코스피200,052690
20220701,코스피200,008770
20220701,코스피200,000120
20220701,코스피200,002380
20220701,코스피200,008930
20220701,코스피200,042660
20220701,코스피200,012750
20220701,코스피200,026960
20220701,코스피200,012450
20220701,코스피200,047040
20220701,코스피200,112610
20220701,코스피200,047050
20220701,코스피200,000080
20220701,코스피200,000990
20220701,코스피200,001040
20220701,코스피200,204320
20220701,코스피200,014680
20220701,코스피200,064350
20220701,코스피200,138930
20220701,코스피200,001440
20220701,코스피200,004170
20220701,코스피200,069620
20220701,코스피200,039490
20220701,코스피200,006260
20220701,코스피200,000880
20220701,코스피200,336260
20220701,코스피200,088350
20220701,코스피200,006280
20220701,코스피200,004000
20220701,코스피200,004370
20220701,코스피200,004800
20220701,코스피200,111770
20220701,코스피200,051600
20220701,코스피200,079550
20220701,코스피200,081660
20220701,코스피200,010120
20220701,코스피200,003090
20220701,코스피200,005300
20220701,코스피200,007310
20220701,코스피200,011210
20220701,코스피200,375500
20220701,코스피200,069960
20220701,코스피200,093370
20220701,코스피200,285130
20220701,코스피200,298050
20220701,코스피200,014820
20220701,코스피200,000210
20220701,코스피200,005850
20220701,코스피200,298020
20220701,코스피200,120110
20220701,코스피200,009240
20220701,코스피200,000240
20220701,코스피200,001120
20220701,코스피200,016380
20220701,코스피200,010780
20220701,코스피200,001230
20220701,코스피200,000150
20220701,코스피200,001740
20220701,코스피200,017800
20220701,코스피200,019170
20220701,코스피200,271940
20220701,코스피200,031430
20220701,코스피200,042670
20220701,코스피200,185750
20220701,코스피200,020560
20220701,코스피200,000670
20220701,코스피200,001800
20220701,코스피200,003240
20220701,코스피200,381970
20220701,코스피200,073240
20220701,코스피200,178920
20220701,코스피200,300720
20220701,코스피200,005250
20220701,코스피200,001680
20220701,코스피200,294870
20220701,코스피200,005440
20220701,코스피200,006040
20220701,코스피200,006650
20220701,코스피200,009420
20220701,코스피200,009900
20220701,코스피200,013890
20220701,코스피200,020000
20220701,코스피200,032350
20220701,코스피200,039130
20220701,코스피200,069260
20220701,코스피200,114090
20220701,코스피200,161890
20220701,코스피200,004490
20220701,코스피200,000070
20220701,코스피200,003850
20220701,코스피200,057050
20220701,코스피200,103140
20220701,코스피200,284740
20220701,코스피200,192080
20220701,코스피200,192820
20220701,코스피200,241590
20220701,코스피200,105630
20220701,코스닥150,091990
20220701,코스닥150,066970
20220701,코스닥150,293490
20220701,코스닥150,028300
20220701,코스닥150,263750
20220701,코스닥150,068760
20220701,코스닥150,247540
20220701,코스닥150,196170
20220701,코스닥150,253450
20220701,코스닥150,278280
20220701,코스닥150,035760
20220701,코스닥150,058470
20220701,코스닥150,112040
20220701,코스닥150,096530
20220701,코스닥150,035900
20220701,코스닥150,357780
20220701,코스닥150,005290
20220701,코스닥150,086520
20220701,코스닥150,237690
20220701,코스닥150,108320
20220701,코스닥150,041510
20220701,코스닥150,056190
20220701,코스닥150,240810
20220701,코스닥150,145020
20220701,코스닥150,064760
20220701,코스닥150,025900
20220701,코스닥150,034230
20220701,코스닥150,222800
20220701,코스닥150,298380
20220701,코스닥150,067630
20220701,코스닥150,007390
20220701,코스닥150,195940
20220701,코스닥150,141080
20220701,코스닥150,032500
20220701,코스닥150,225570
20220701,코스닥150,214370
20220701,코스닥150,078600
20220701,코스닥150,039030
20220701,코스닥150,137400
20220701,코스닥150,214150
20220701,코스닥150,003380
20220701,코스닥150,078340
20220701,코스닥150,067160
20220701,코스닥150,098460
20220701,코스닥150,215200
20220701,코스닥150,030190
20220701,코스닥150,166090
20220701,코스닥150,086450
20220701,코스닥150,090460
20220701,코스닥150,048410
20220701,코스닥150,053800
20220701,코스닥150,299900
20220701,코스닥150,068240
20220701,코스닥150,222080
20220701,코스닥150,100090
20220701,코스닥150,215000
20220701,코스닥150,144510
20220701,코스닥150,039200
20220701,코스닥150,036540
20220701,코스닥150,122870
20220701,코스닥150,085660
20220701,코스닥150,022100
20220701,코스닥150,036930
20220701,코스닥150,200130
20220701,코스닥150,084990
20220701,코스닥150,095700
20220701,코스닥150,213420
20220701,코스닥150,000250
20220701,코스닥150,086900
20220701,코스닥150,121600
20220701,코스닥150,348370
20220701,코스닥150,084850
20220701,코스닥150,074600
20220701,코스닥150,140860
20220701,코스닥150,290650
20220701,코스닥150,272290
20220701,코스닥150,214450
20220701,코스닥150,131290
20220701,코스닥150,151910
20220701,코스닥150,084370
20220701,코스닥150,046890
20220701,코스닥150,067310
20220701,코스닥150,064550
20220701,코스닥150,025980
20220701,코스닥150,383310
20220701,코스닥150,218410
20220701,코스닥150,182400
20220701,코스닥150,178320
20220701,코스닥150,323990
20220701,코스닥150,290510
20220701,코스닥150,189300
20220701,코스닥150,319660
20220701,코스닥150,033290
20220701,코스닥150,082270
20220701,코스닥150,060250
20220701,코스닥150,206650
20220701,코스닥150,091700
20220701,코스닥150,235980
20220701,코스닥150,194480
20220701,코스닥150,038540
20220701,코스닥150,256840
20220701,코스닥150,183300
20220701,코스닥150,064260
20220701,코스닥150,041960
20220701,코스닥150,267980
20220701,코스닥150,089980
20220701,코스닥150,006730
20220701,코스닥150,131970
20220701,코스닥150,092040
20220701,코스닥150,033640
20220701,코스닥150,029960
20220701,코스닥150,041190
20220701,코스닥150,140410
20220701,코스닥150,121800
20220701,코스닥150,060720
20220701,코스닥150,038500
20220701,코스닥150,243070
20220701,코스닥150,101490
20220701,코스닥150,053030
20220701,코스닥150,036830
20220701,코스닥150,102710
20220701,코스닥150,060150
20220701,코스닥150,032190
20220701,코스닥150,095610
20220701,코스닥150,268600
20220701,코스닥150,110790
20220701,코스닥150,104830
20220701,코스닥150,104480
20220701,코스닥150,035600
20220701,코스닥150,086390
20220701,코스닥150,078020
20220701,코스닥150,061970
20220701,코스닥150,058820
20220701,코스닥150,015750
20220701,코스닥150,078130
20220701,코스닥150,027360
20220701,코스닥150,293780
20220701,코스닥150,036810
20220701,코스닥150,023410
20220701,코스닥150,048530
20220701,코스닥150,294570
20220701,코스닥150,088800
20220701,코스닥150,080160
20220701,코스닥150,030530
20220701,코스닥150,042000
20220701,코스닥150,035080
20220701,코스닥150,052400
20220701,코스닥150,265520
20220701,코스닥150,092190
20220701,코스닥150,131370
20220801,코스피200,005930
20220801,코스피200,373220
20220801,코스피200,000660
20220801,코스피200,207940
20220801,코스피200,051910
20220801,코스피200,035420
20220801,코스피200,005380
20220801,코스피200,006400
20220801,코스피200,035720
20220801,코스피200,000270
20220801,코스피200,068270
20220801,코스피200,028260
20220801,코스피200,012330
20220801,코스피200,005490
20220801,코스피200,105560
20220801,코스피200,055550
20220801,코스피200,096770
20220801,코스피200,034730
20220801,코스피200,066570
20220801,코스피200,323410
20220801,코스피200,015760
20220801,코스피200,003550
20220801,코스피200,051900
20220801,코스피200,011200
20220801,코스피200,329180
20220801,코스피200,034020
20220801,코스피200,259960
20220801,코스피200,032830
20220801,코스피200,017670
20220801,코스피200,033780
20220801,코스피200,086790
20220801,코스피200,009150
20220801,코스피200,003670
20220801,코스피200,010950
20220801,코스피200,018260
20220801,코스피200,030200
20220801,코스피200,302440
20220801,코스피200,000810
20220801,코스피200,003490
20220801,코스피200,010130
20220801,코스피200,316140
20220801,코스피200,009830
20220801,코스피200,011070
20220801,코스피200,036570
20220801,코스피200,377300
20220801,코스피200,090430
20220801,코스피200,352820
20220801,코스피200,024110
20220801,코스피200,086280
20220801,코스피200,011170
20220801,코스피200,009540
20220801,코스피200,383220
20220801,코스피200,402340
20220801,코스피200,326030
20220801,코스피200,251270
20220801,코스피200,361610
20220801,코스피200,097950
20220801,코스피200,018880
20220801,코스피200,047810
20220801,코스피200,035250
20220801,코스피200,011790
20220801,코스피200,034220
20220801,코스피200,032640
20220801,코스피200,010140
20220801,코스피200,000720
20220801,코스피200,267250
20220801,코스피200,021240
20220801,코스피200,004020
20220801,코스피200,000100
20220801,코스피200,005830
20220801,코스피200,161390
20220801,코스피200,180640
20220801,코스피200,011780
20220801,코스피200,006800
20220801,코스피200,137310
20220801,코스피200,000060
20220801,코스피200,004990
20220801,코스피200,028050
20220801,코스피200,271560
20220801,코스피200,010620
20220801,코스피200,128940
20220801,코스피200,078930
20220801,코스피200,029780
20220801,코스피200,071050
20220801,코스피200,003410
20220801,코스피200,138040
20220801,코스피200,036460
20220801,코스피200,020150
20220801,코스피200,005940
20220801,코스피200,241560
20220801,코스피200,012450
20220801,코스피200,002790
20220801,코스피200,008560
20220801,코스피200,282330
20220801,코스피200,028670
20220801,코스피200,139480
20220801,코스피200,016360
20220801,코스피200,001450
20220801,코스피200,008770
20220801,코스피200,064350
20220801,코스피200,010060
20220801,코스피200,008930
20220801,코스피200,002380
20220801,코스피200,272210
20220801,코스피200,204320
20220801,코스피200,023530
20220801,코스피200,000120
20220801,코스피200,006360
20220801,코스피200,007070
20220801,코스피200,052690
20220801,코스피200,026960
20220801,코스피200,030000
20220801,코스피200,047050
20220801,코스피200,014680
20220801,코스피200,001040
20220801,코스피200,112610
20220801,코스피200,012750
20220801,코스피200,000080
20220801,코스피200,001440
20220801,코스피200,004170
20220801,코스피200,039490
20220801,코스피200,336260
20220801,코스피200,047040
20220801,코스피200,069620
20220801,코스피200,138930
20220801,코스피200,042660
20220801,코스피200,000880
20220801,코스피200,006280
20220801,코스피200,000990
20220801,코스피200,006260
20220801,코스피200,011210
20220801,코스피200,079550
20220801,코스피200,298050
20220801,코스피200,088350
20220801,코스피200,111770
20220801,코스피200,285130
20220801,코스피200,081660
20220801,코스피200,003090
20220801,코스피200,004000
20220801,코스피200,004370
20220801,코스피200,093370
20220801,코스피200,010120
20220801,코스피200,014820
20220801,코스피200,051600
20220801,코스피200,007310
20220801,코스피200,000210
20220801,코스피200,004800
20220801,코스피200,005300
20220801,코스피200,375500
20220801,코스피200,019170
20220801,코스피200,069960
20220801,코스피200,120110
20220801,코스피200,005850
20220801,코스피200,001120
20220801,코스피200,298020
20220801,코스피200,271940
20220801,코스피200,009240
20220801,코스피200,000150
20220801,코스피200,000240
20220801,코스피200,001230
20220801,코스피200,001740
20220801,코스피200,178920
20220801,코스피200,016380
20220801,코스피200,017800
20220801,코스피200,020560
20220801,코스피200,042670
20220801,코스피200,010780
20220801,코스피200,000670
20220801,코스피200,001800
20220801,코스피200,003240
20220801,코스피200,005250
20220801,코스피200,381970
20220801,코스피200,031430
20220801,코스피200,073240
20220801,코스피200,185750
20220801,코스피200,300720
20220801,코스피200,009900
20220801,코스피200,003850
20220801,코스피200,294870
20220801,코스피200,006040
20220801,코스피200,006650
20220801,코스피200,009420
20220801,코스피200,013890
20220801,코스피200,020000
20220801,코스피200,032350
20220801,코스피200,039130
20220801,코스피200,069260
20220801,코스피200,103140
20220801,코스피200,114090
20220801,코스피200,161890
20220801,코스피200,192080
20220801,코스피200,192820
20220801,코스피200,004490
20220801,코스피200,000070
20220801,코스피200,001680
20220801,코스피200,005440
20220801,코스피200,284740
20220801,코스피200,105630
20220801,코스피200,241590
20220801,코스피200,057050
20220801,코스닥150,247540
20220801,코스닥150,091990
20220801,코스닥150,066970
20220801,코스닥150,028300
20220801,코스닥150,293490
20220801,코스닥150,263750
20220801,코스닥150,068760
20220801,코스닥150,196170
20220801,코스닥150,278280
20220801,코스닥150,086520
20220801,코스닥150,253450
20220801,코스닥150,035760
20220801,코스닥150,096530
20220801,코스닥150,058470
20220801,코스닥150,112040
20220801,코스닥150,035900
20220801,코스닥150,005290
20220801,코스닥150,237690
20220801,코스닥150,357780
20220801,코스닥150,145020
20220801,코스닥150,108320
20220801,코스닥150,041510
20220801,코스닥150,214370
20220801,코스닥150,240810
20220801,코스닥150,056190
20220801,코스닥150,007390
20220801,코스닥150,225570
20220801,코스닥150,064760
20220801,코스닥150,025900
20220801,코스닥150,222800
20220801,코스닥150,195940
20220801,코스닥150,032500
20220801,코스닥150,034230
20220801,코스닥150,067630
20220801,코스닥150,078600
20220801,코스닥150,048410
20220801,코스닥150,137400
20220801,코스닥150,215200
20220801,코스닥150,298380
20220801,코스닥150,141080
20220801,코스닥150,214150
20220801,코스닥150,122870
20220801,코스닥150,090460
20220801,코스닥150,067160
20220801,코스닥150,299900
20220801,코스닥150,078340
20220801,코스닥150,098460
20220801,코스닥150,039030
20220801,코스닥150,144510
20220801,코스닥150,030190
20220801,코스닥150,003380
20220801,코스닥150,121600
20220801,코스닥150,323990
20220801,코스닥150,222080
20220801,코스닥150,053800
20220801,코스닥150,085660
20220801,코스닥150,022100
20220801,코스닥150,215000
20220801,코스닥150,036540
20220801,코스닥150,100090
20220801,코스닥150,036930
20220801,코스닥150,086450
20220801,코스닥150,039200
20220801,코스닥150,064550
20220801,코스닥150,348370
20220801,코스닥150,068240
20220801,코스닥150,095700
20220801,코스닥150,000250
20220801,코스닥150,166090
20220801,코스닥150,200130
20220801,코스닥150,213420
20220801,코스닥150,084850
20220801,코스닥150,256840
20220801,코스닥150,086900
20220801,코스닥150,272290
20220801,코스닥150,214450
20220801,코스닥150,084370
20220801,코스닥150,383310
20220801,코스닥150,131290
20220801,코스닥150,140860
20220801,코스닥150,290650
20220801,코스닥150,074600
20220801,코스닥150,046890
20220801,코스닥150,084990
20220801,코스닥150,067310
20220801,코스닥150,182400
20220801,코스닥150,025980
20220801,코스닥150,151910
20220801,코스닥150,290510
20220801,코스닥150,218410
20220801,코스닥150,189300
20220801,코스닥150,033290
20220801,코스닥150,206650
20220801,코스닥150,178320
20220801,코스닥150,121800
20220801,코스닥150,235980
20220801,코스닥150,319660
20220801,코스닥150,293780
20220801,코스닥150,082270
20220801,코스닥150,194480
20220801,코스닥150,089980
20220801,코스닥150,060250
20220801,코스닥150,041190
20220801,코스닥150,060720
20220801,코스닥150,183300
20220801,코스닥150,091700
20220801,코스닥150,140410
20220801,코스닥150,064260
20220801,코스닥150,038540
20220801,코스닥150,006730
20220801,코스닥150,033640
20220801,코스닥150,267980
20220801,코스닥150,092040
20220801,코스닥150,038500
20220801,코스닥150,041960
20220801,코스닥150,243070
20220801,코스닥150,131970
20220801,코스닥150,053030
20220801,코스닥150,032190
20220801,코스닥150,102710
20220801,코스닥150,101490
20220801,코스닥150,036830
20220801,코스닥150,015750
20220801,코스닥150,060150
20220801,코스닥150,029960
20220801,코스닥150,061970
20220801,코스닥150,110790
20220801,코스닥150,095610
20220801,코스닥150,086390
20220801,코스닥150,027360
20220801,코스닥150,035600
20220801,코스닥150,104830
20220801,코스닥150,104480
20220801,코스닥150,048530
20220801,코스닥150,078020
20220801,코스닥150,058820
20220801,코스닥150,036810
20220801,코스닥150,294570
20220801,코스닥150,088800
20220801,코스닥150,078130
20220801,코스닥150,023410
20220801,코스닥150,030530
20220801,코스닥150,035080
20220801,코스닥150,042000
20220801,코스닥150,131370
20220801,코스닥150,092190
20220801,코스닥150,080160
20220801,코스닥150,052400
20220801,코스닥150,268600
20220801,코스닥150,265520
20220901,코스피200,005930
20220901,코스피200,373220
20220901,코스피200,000660
20220901,코스피200,207940
20220901,코스피200,051910
20220901,코스피200,005380
20220901,코스피200,006400
20220901,코스피200,035420
20220901,코스피200,000270
20220901,코스피200,035720
20220901,코스피200,068270
20220901,코스피200,005490
20220901,코스피200,028260
20220901,코스피200,012330
20220901,코스피200,105560
20220901,코스피200,055550
20220901,코스피200,034730
20220901,코스피200,096770
20220901,코스피200,066570
20220901,코스피200,015760
20220901,코스피200,003670
20220901,코스피200,323410
20220901,코스피200,003550
20220901,코스피200,034020
20220901,코스피200,032830
20220901,코스피200,010130
20220901,코스피200,329180
20220901,코스피200,259960
20220901,코스피200,017670
20220901,코스피200,033780
20220901,코스피200,086790
20220901,코스피200,010950
20220901,코스피200,051900
20220901,코스피200,011200
20220901,코스피200,009150
20220901,코스피200,009830
20220901,코스피200,018260
20220901,코스피200,003490
20220901,코스피200,030200
20220901,코스피200,000810
20220901,코스피200,316140
20220901,코스피200,302440
20220901,코스피200,036570
20220901,코스피200,011070
20220901,코스피200,377300
20220901,코스피200,024110
20220901,코스피200,090430
20220901,코스피200,352820
20220901,코스피200,009540
20220901,코스피200,086280
20220901,코스피200,097950
20220901,코스피200,047810
20220901,코스피200,011170
20220901,코스피200,035250
20220901,코스피200,034220
20220901,코스피200,361610
20220901,코스피200,326030
20220901,코스피200,402340
20220901,코스피200,018880
20220901,코스피200,383220
20220901,코스피200,000720
20220901,코스피200,251270
20220901,코스피200,010140
20220901,코스피200,032640
20220901,코스피200,267250
20220901,코스피200,161390
20220901,코스피200,021240
20220901,코스피200,000060
20220901,코스피200,004020
20220901,코스피200,004990
20220901,코스피200,011790
20220901,코스피200,028050
20220901,코스피200,078930
20220901,코스피200,005830
20220901,코스피200,000100
20220901,코스피200,006800
20220901,코스피200,012450
20220901,코스피200,010620
20220901,코스피200,011780
20220901,코스피200,271560
20220901,코스피200,138040
20220901,코스피200,036460
20220901,코스피200,128940
20220901,코스피200,029780
20220901,코스피200,003410
20220901,코스피200,241560
20220901,코스피200,137310
20220901,코스피200,005940
20220901,코스피200,180640
20220901,코스피200,064350
20220901,코스피200,020150
20220901,코스피200,071050
20220901,코스피200,047050
20220901,코스피200,008560
20220901,코스피200,272210
20220901,코스피200,016360
20220901,코스피200,008930
20220901,코스피200,001450
20220901,코스피200,112610
20220901,코스피200,008770
20220901,코스피200,002790
20220901,코스피200,000120
20220901,코스피200,007070
20220901,코스피200,010060
20220901,코스피200,282330
20220901,코스피200,028670
20220901,코스피200,052690
20220901,코스피200,139480
20220901,코스피200,023530
20220901,코스피200,002380
20220901,코스피200,204320
20220901,코스피200,030000
20220901,코스피200,006360
20220901,코스피200,000880
20220901,코스피200,014680
20220901,코스피200,336260
20220901,코스피200,079550
20220901,코스피200,026960
20220901,코스피200,000080
20220901,코스피200,001040
20220901,코스피200,001440
20220901,코스피200,138930
20220901,코스피200,012750
20220901,코스피200,039490
20220901,코스피200,047040
20220901,코스피200,004170
20220901,코스피200,000990
20220901,코스피200,006260
20220901,코스피200,088350
20220901,코스피200,042660
20220901,코스피200,069620
20220901,코스피200,011210
20220901,코스피200,004000
20220901,코스피200,004370
20220901,코스피200,005850
20220901,코스피200,298050
20220901,코스피200,051600
20220901,코스피200,081660
20220901,코스피200,111770
20220901,코스피200,006280
20220901,코스피200,001120
20220901,코스피200,007310
20220901,코스피200,375500
20220901,코스피200,285130
20220901,코스피200,010120
20220901,코스피200,004800
20220901,코스피200,005300
20220901,코스피200,093370
20220901,코스피200,019170
20220901,코스피200,069960
20220901,코스피200,014820
20220901,코스피200,000150
20220901,코스피200,000210
20220901,코스피200,298020
20220901,코스피200,120110
20220901,코스피200,271940
20220901,코스피200,003090
20220901,코스피200,000240
20220901,코스피200,000670
20220901,코스피200,001230
20220901,코스피200,001740
20220901,코스피200,009240
20220901,코스피200,042670
20220901,코스피200,010780
20220901,코스피200,016380
20220901,코스피200,017800
20220901,코스피200,020560
20220901,코스피200,009900
20220901,코스피200,003240
20220901,코스피200,031430
20220901,코스피200,039130
20220901,코스피200,073240
20220901,코스피200,381970
20220901,코스피200,178920
20220901,코스피200,185750
20220901,코스피200,300720
20220901,코스피200,114090
20220901,코스피200,001680
20220901,코스피200,001800
20220901,코스피200,005250
20220901,코스피200,006040
20220901,코스피200,006650
20220901,코스피200,009420
20220901,코스피200,294870
20220901,코스피200,069260
20220901,코스피200,103140
20220901,코스피200,161890
20220901,코스피200,192080
20220901,코스피200,241590
20220901,코스피200,032350
20220901,코스피200,000070
20220901,코스피200,003850
20220901,코스피200,004490
20220901,코스피200,005440
20220901,코스피200,284740
20220901,코스피200,020000
20220901,코스피200,057050
20220901,코스피200,105630
20220901,코스피200,192820
20220901,코스피200,013890
20220901,코스닥150,091990
20220901,코스닥150,247540
20220901,코스닥150,066970
20220901,코스닥150,028300
20220901,코스닥150,293490
20220901,코스닥150,263750
20220901,코스닥150,068760
20220901,코스닥150,086520
20220901,코스닥150,196170
20220901,코스닥150,278280
20220901,코스닥150,253450
20220901,코스닥150,058470
20220901,코스닥150,035900
20220901,코스닥150,035760
20220901,코스닥150,112040
20220901,코스닥150,237690
20220901,코스닥150,005290
20220901,코스닥150,357780
20220901,코스닥150,007390
20220901,코스닥150,041510
20220901,코스닥150,096530
20220901,코스닥150,108320
20220901,코스닥150,145020
20220901,코스닥150,078600
20220901,코스닥150,034230
20220901,코스닥150,056190
20220901,코스닥150,067630
20220901,코스닥150,048410
20220901,코스닥150,214370
20220901,코스닥150,025900
20220901,코스닥150,240810
20220901,코스닥150,032500
20220901,코스닥150,064760
20220901,코스닥150,222800
20220901,코스닥150,195940
20220901,코스닥150,141080
20220901,코스닥150,298380
20220901,코스닥150,122870
20220901,코스닥150,137400
20220901,코스닥150,090460
20220901,코스닥150,225570
20220901,코스닥150,078340
20220901,코스닥150,121600
20220901,코스닥150,022100
20220901,코스닥150,085660
20220901,코스닥150,100090
20220901,코스닥150,098460
20220901,코스닥150,299900
20220901,코스닥150,144510
20220901,코스닥150,214150
20220901,코스닥150,323990
20220901,코스닥150,039030
20220901,코스닥150,030190
20220901,코스닥150,213420
20220901,코스닥150,215200
20220901,코스닥150,003380
20220901,코스닥150,348370
20220901,코스닥150,067160
20220901,코스닥150,222080
20220901,코스닥150,036540
20220901,코스닥150,215000
20220901,코스닥150,086450
20220901,코스닥150,086900
20220901,코스닥150,053800
20220901,코스닥150,383310
20220901,코스닥150,000250
20220901,코스닥150,064550
20220901,코스닥150,068240
20220901,코스닥150,182400
20220901,코스닥150,200130
20220901,코스닥150,036930
20220901,코스닥150,218410
20220901,코스닥150,095700
20220901,코스닥150,074600
20220901,코스닥150,256840
20220901,코스닥150,166090
20220901,코스닥150,272290
20220901,코스닥150,084850
20220901,코스닥150,140860
20220901,코스닥150,290510
20220901,코스닥150,214450
20220901,코스닥150,189300
20220901,코스닥150,046890
20220901,코스닥150,084370
20220901,코스닥150,235980
20220901,코스닥150,131290
20220901,코스닥150,039200
20220901,코스닥150,084990
20220901,코스닥150,067310
20220901,코스닥150,025980
20220901,코스닥150,033290
20220901,코스닥150,290650
20220901,코스닥150,206650
20220901,코스닥150,178320
20220901,코스닥150,060150
20220901,코스닥150,089980
20220901,코스닥150,082270
20220901,코스닥150,091700
20220901,코스닥150,060250
20220901,코스닥150,033640
20220901,코스닥150,319660
20220901,코스닥150,064260
20220901,코스닥150,041190
20220901,코스닥150,006730
20220901,코스닥150,029960
20220901,코스닥150,268600
20220901,코스닥150,140410
20220901,코스닥150,038540
20220901,코스닥150,032190
20220901,코스닥150,036830
20220901,코스닥150,041960
20220901,코스닥150,194480
20220901,코스닥150,092040
20220901,코스닥150,101490
20220901,코스닥150,183300
20220901,코스닥150,053030
20220901,코스닥150,038500
20220901,코스닥150,267980
20220901,코스닥150,060720
20220901,코스닥150,243070
20220901,코스닥150,131970
20220901,코스닥150,030520
20220901,코스닥150,015750
20220901,코스닥150,061970
20220901,코스닥150,086390
20220901,코스닥150,151910
20220901,코스닥150,102710
20220901,코스닥150,095610
20220901,코스닥150,048530
20220901,코스닥150,293780
20220901,코스닥150,104830
20220901,코스닥150,058820
20220901,코스닥150,035600
20220901,코스닥150,104480
20220901,코스닥150,078020
20220901,코스닥150,080160
20220901,코스닥150,027360
20220901,코스닥150,110790
20220901,코스닥150,088800
20220901,코스닥150,036810
20220901,코스닥150,294570
20220901,코스닥150,078130
20220901,코스닥150,023410
20220901,코스닥150,265520
20220901,코스닥150,030530
20220901,코스닥150,042000
20220901,코스닥150,035080
20220901,코스닥150,092190
20220901,코스닥150,131370
20220901,코스닥150,052400
20221004,코스피200,005930
20221004,코스피200,373220
20221004,코스피200,000660
20221004,코스피200,207940
20221004,코스피200,051910
20221004,코스피200,005380
20221004,코스피200,006400
20221004,코스피200,000270
20221004,코스피200,035420
20221004,코스피200,035720
20221004,코스피200,068270
20221004,코스피200,028260
20221004,코스피200,005490
20221004,코스피200,012330
20221004,코스피200,105560
20221004,코스피200,055550
20221004,코스피200,034730
20221004,코스피200,096770
20221004,코스피200,066570
20221004,코스피200,015760
20221004,코스피200,032830
20221004,코스피200,003550
20221004,코스피200,010130
20221004,코스피200,033780
20221004,코스피200,003670
20221004,코스피200,017670
20221004,코스피200,086790
20221004,코스피200,329180
20221004,코스피200,259960
20221004,코스피200,051900
20221004,코스피200,323410
20221004,코스피200,034020
20221004,코스피200,009830
20221004,코스피200,010950
20221004,코스피200,030200
20221004,코스피200,011200
20221004,코스피200,000810
20221004,코스피200,018260
20221004,코스피200,009150
20221004,코스피200,316140
20221004,코스피200,003490
20221004,코스피200,036570
20221004,코스피200,024110
20221004,코스피200,011070
20221004,코스피200,302440
20221004,코스피200,377300
20221004,코스피200,086280
20221004,코스피200,097950
20221004,코스피200,090430
20221004,코스피200,352820
20221004,코스피200,383220
20221004,코스피200,402340
20221004,코스피200,009540
20221004,코스피200,035250
20221004,코스피200,011170
20221004,코스피200,047810
20221004,코스피200,032640
20221004,코스피200,010140
20221004,코스피200,028050
20221004,코스피200,251270
20221004,코스피200,267250
20221004,코스피200,326030
20221004,코스피200,034220
20221004,코스피200,010620
20221004,코스피200,018880
20221004,코스피200,161390
20221004,코스피200,000720
20221004,코스피200,078930
20221004,코스피200,021240
20221004,코스피200,004990
20221004,코스피200,004020
20221004,코스피200,271560
20221004,코스피200,361610
20221004,코스피200,000100
20221004,코스피200,005830
20221004,코스피200,006800
20221004,코스피200,011780
20221004,코스피200,000060
20221004,코스피200,029780
20221004,코스피200,011790
20221004,코스피200,036460
20221004,코스피200,012450
20221004,코스피200,005940
20221004,코스피200,003410
20221004,코스피200,008770
20221004,코스피200,064350
20221004,코스피200,282330
20221004,코스피200,137310
20221004,코스피200,241560
20221004,코스피200,128940
20221004,코스피200,001450
20221004,코스피200,016360
20221004,코스피200,138040
20221004,코스피200,071050
20221004,코스피200,047050
20221004,코스피200,007070
20221004,코스피200,023530
20221004,코스피200,180640
20221004,코스피200,030000
20221004,코스피200,112610
20221004,코스피200,028670
20221004,코스피200,020150
20221004,코스피200,004170
20221004,코스피200,008560
20221004,코스피200,139480
20221004,코스피200,012750
20221004,코스피200,010060
20221004,코스피200,000120
20221004,코스피200,001040
20221004,코스피200,002380
20221004,코스피200,002790
20221004,코스피200,272210
20221004,코스피200,042660
20221004,코스피200,052690
20221004,코스피200,079550
20221004,코스피200,204320
20221004,코스피200,008930
20221004,코스피200,006360
20221004,코스피200,014680
20221004,코스피200,026960
20221004,코스피200,336260
20221004,코스피200,111770
20221004,코스피200,138930
20221004,코스피200,039490
20221004,코스피200,000080
20221004,코스피200,000880
20221004,코스피200,000990
20221004,코스피200,001440
20221004,코스피200,088350
20221004,코스피200,006260
20221004,코스피200,047040
20221004,코스피200,069620
20221004,코스피200,081660
20221004,코스피200,004370
20221004,코스피200,007310
20221004,코스피200,285130
20221004,코스피200,011210
20221004,코스피200,001120
20221004,코스피200,004000
20221004,코스피200,004800
20221004,코스피200,051600
20221004,코스피200,005850
20221004,코스피200,006280
20221004,코스피200,010120
20221004,코스피200,005300
20221004,코스피200,000150
20221004,코스피200,375500
20221004,코스피200,298050
20221004,코스피200,014820
20221004,코스피200,000210
20221004,코스피200,000240
20221004,코스피200,000670
20221004,코스피200,298020
20221004,코스피200,069960
20221004,코스피200,093370
20221004,코스피200,120110
20221004,코스피200,003090
20221004,코스피200,001230
20221004,코스피200,001740
20221004,코스피200,271940
20221004,코스피200,019170
20221004,코스피200,009240
20221004,코스피200,001800
20221004,코스피200,185750
20221004,코스피200,009900
20221004,코스피200,010780
20221004,코스피200,016380
20221004,코스피200,017800
20221004,코스피200,020560
20221004,코스피200,031430
20221004,코스피200,039130
20221004,코스피200,042670
20221004,코스피200,073240
20221004,코스피200,114090
20221004,코스피200,161890
20221004,코스피200,178920
20221004,코스피200,006040
20221004,코스피200,001680
20221004,코스피200,003240
20221004,코스피200,003850
20221004,코스피200,005250
20221004,코스피200,006650
20221004,코스피200,300720
20221004,코스피200,032350
20221004,코스피200,069260
20221004,코스피200,103140
20221004,코스피200,192080
20221004,코스피200,294870
20221004,코스피200,009420
20221004,코스피200,000070
20221004,코스피200,004490
20221004,코스피200,005440
20221004,코스피200,013890
20221004,코스피200,020000
20221004,코스피200,381970
20221004,코스피200,105630
20221004,코스피200,192820
20221004,코스피200,241590
20221004,코스피200,284740
20221004,코스피200,057050
20221004,코스닥150,091990
20221004,코스닥150,247540
20221004,코스닥150,066970
20221004,코스닥150,028300
20221004,코스닥150,293490
20221004,코스닥150,263750
20221004,코스닥150,086520
20221004,코스닥150,068760
20221004,코스닥150,035900
20221004,코스닥150,058470
20221004,코스닥150,253450
20221004,코스닥150,278280
20221004,코스닥150,196170
20221004,코스닥150,035760
20221004,코스닥150,041510
20221004,코스닥150,237690
20221004,코스닥150,112040
20221004,코스닥150,034230
20221004,코스닥150,357780
20221004,코스닥150,005290
20221004,코스닥150,056190
20221004,코스닥150,096530
20221004,코스닥150,145020
20221004,코스닥150,214370
20221004,코스닥150,108320
20221004,코스닥150,067630
20221004,코스닥150,025900
20221004,코스닥150,078600
20221004,코스닥150,100090
20221004,코스닥150,240810
20221004,코스닥150,032500
20221004,코스닥150,064760
20221004,코스닥150,078340
20221004,코스닥150,348370
20221004,코스닥150,222800
20221004,코스닥150,298380
20221004,코스닥150,195940
20221004,코스닥150,225570
20221004,코스닥150,137400
20221004,코스닥150,214150
20221004,코스닥150,007390
20221004,코스닥150,022100
20221004,코스닥150,090460
20221004,코스닥150,122870
20221004,코스닥150,098460
20221004,코스닥150,048410
20221004,코스닥150,215200
20221004,코스닥150,141080
20221004,코스닥150,121600
20221004,코스닥150,030190
20221004,코스닥150,085660
20221004,코스닥150,213420
20221004,코스닥150,383310
20221004,코스닥150,003380
20221004,코스닥150,299900
20221004,코스닥150,067160
20221004,코스닥150,039030
20221004,코스닥150,144510
20221004,코스닥150,086450
20221004,코스닥150,086900
20221004,코스닥150,222080
20221004,코스닥150,000250
20221004,코스닥150,036540
20221004,코스닥150,215000
20221004,코스닥150,084850
20221004,코스닥150,200130
20221004,코스닥150,140860
20221004,코스닥150,064550
20221004,코스닥150,323990
20221004,코스닥150,068240
20221004,코스닥150,053800
20221004,코스닥150,046890
20221004,코스닥150,214450
20221004,코스닥150,178320
20221004,코스닥150,166090
20221004,코스닥150,095700
20221004,코스닥150,036930
20221004,코스닥150,074600
20221004,코스닥150,039200
20221004,코스닥150,290510
20221004,코스닥150,272290
20221004,코스닥150,218410
20221004,코스닥150,189300
20221004,코스닥150,032190
20221004,코스닥150,290650
20221004,코스닥150,182400
20221004,코스닥150,084990
20221004,코스닥150,194480
20221004,코스닥150,101490
20221004,코스닥150,025980
20221004,코스닥150,235980
20221004,코스닥150,082270
20221004,코스닥150,084370
20221004,코스닥150,033290
20221004,코스닥150,036830
20221004,코스닥150,131290
20221004,코스닥150,067310
20221004,코스닥150,091700
20221004,코스닥150,041960
20221004,코스닥150,060250
20221004,코스닥150,256840
20221004,코스닥150,183300
20221004,코스닥150,006730
20221004,코스닥150,206650
20221004,코스닥150,060150
20221004,코스닥150,038540
20221004,코스닥150,029960
20221004,코스닥150,064260
20221004,코스닥150,267980
20221004,코스닥150,092040
20221004,코스닥150,089980
20221004,코스닥150,033640
20221004,코스닥150,268600
20221004,코스닥150,243070
20221004,코스닥150,041190
20221004,코스닥150,140410
20221004,코스닥150,053030
20221004,코스닥150,038500
20221004,코스닥150,015750
20221004,코스닥150,030520
20221004,코스닥150,080160
20221004,코스닥150,048530
20221004,코스닥150,035600
20221004,코스닥150,061970
20221004,코스닥150,104830
20221004,코스닥150,102710
20221004,코스닥150,058820
20221004,코스닥150,060720
20221004,코스닥150,131970
20221004,코스닥150,086390
20221004,코스닥150,095610
20221004,코스닥150,078020
20221004,코스닥150,104480
20221004,코스닥150,293780
20221004,코스닥150,151910
20221004,코스닥150,027360
20221004,코스닥150,078130
20221004,코스닥150,294570
20221004,코스닥150,110790
20221004,코스닥150,023410
20221004,코스닥150,265520
20221004,코스닥150,088800
20221004,코스닥150,036810
20221004,코스닥150,030530
20221004,코스닥150,052400
20221004,코스닥150,042000
20221004,코스닥150,319660
20221004,코스닥150,035080
20221004,코스닥150,131370
20221004,코스닥150,092190
20221101,코스피200,005930
20221101,코스피200,373220
20221101,코스피200,207940
20221101,코스피200,000660
20221101,코스피200,006400
20221101,코스피200,051910
20221101,코스피200,005380
20221101,코스피200,035420
20221101,코스피200,000270
20221101,코스피200,068270
20221101,코스피200,028260
20221101,코스피200,035720
20221101,코스피200,005490
20221101,코스피200,012330
20221101,코스피200,105560
20221101,코스피200,055550
20221101,코스피200,096770
20221101,코스피200,034730
20221101,코스피200,003670
20221101,코스피200,032830
20221101,코스피200,066570
20221101,코스피200,003550
20221101,코스피200,033780
20221101,코스피200,010130
20221101,코스피200,086790
20221101,코스피200,017670
20221101,코스피200,015760
20221101,코스피200,034020
20221101,코스피200,010950
20221101,코스피200,329180
20221101,코스피200,018260
20221101,코스피200,000810
20221101,코스피200,030200
20221101,코스피200,009830
20221101,코스피200,011200
20221101,코스피200,009150
20221101,코스피200,259960
20221101,코스피200,316140
20221101,코스피200,003490
20221101,코스피200,036570
20221101,코스피200,051900
20221101,코스피200,323410
20221101,코스피200,024110
20221101,코스피200,011070
20221101,코스피200,086280
20221101,코스피200,097950
20221101,코스피200,302440
20221101,코스피200,090430
20221101,코스피200,383220
20221101,코스피200,011170
20221101,코스피200,009540
20221101,코스피200,402340
20221101,코스피200,035250
20221101,코스피200,032640
20221101,코스피200,352820
20221101,코스피200,267250
20221101,코스피200,047810
20221101,코스피200,028050
20221101,코스피200,377300
20221101,코스피200,034220
20221101,코스피200,326030
20221101,코스피200,010140
20221101,코스피200,078930
20221101,코스피200,000100
20221101,코스피200,161390
20221101,코스피200,018880
20221101,코스피200,021240
20221101,코스피200,000720
20221101,코스피200,361610
20221101,코스피200,006800
20221101,코스피200,005830
20221101,코스피200,251270
20221101,코스피200,011790
20221101,코스피200,004020
20221101,코스피200,011780
20221101,코스피200,271560
20221101,코스피200,010620
20221101,코스피200,000060
20221101,코스피200,004990
20221101,코스피200,029780
20221101,코스피200,241560
20221101,코스피200,012450
20221101,코스피200,282330
20221101,코스피200,036460
20221101,코스피200,001450
20221101,코스피200,137310
20221101,코스피200,128940
20221101,코스피200,003410
20221101,코스피200,020150
20221101,코스피200,016360
20221101,코스피200,005940
20221101,코스피200,007070
20221101,코스피200,030000
20221101,코스피200,180640
20221101,코스피200,071050
20221101,코스피200,138040
20221101,코스피200,064350
20221101,코스피200,008770
20221101,코스피200,112610
20221101,코스피200,047050
20221101,코스피200,008560
20221101,코스피200,010060
20221101,코스피200,204320
20221101,코스피200,052690
20221101,코스피200,139480
20221101,코스피200,023530
20221101,코스피200,002380
20221101,코스피200,006260
20221101,코스피200,079550
20221101,코스피200,012750
20221101,코스피200,028670
20221101,코스피200,008930
20221101,코스피200,001040
20221101,코스피200,001440
20221101,코스피200,002790
20221101,코스피200,004170
20221101,코스피200,272210
20221101,코스피200,026960
20221101,코스피200,039490
20221101,코스피200,111770
20221101,코스피200,138930
20221101,코스피200,014680
20221101,코스피200,000120
20221101,코스피200,000880
20221101,코스피200,000990
20221101,코스피200,004370
20221101,코스피200,336260
20221101,코스피200,042660
20221101,코스피200,069620
20221101,코스피200,081660
20221101,코스피200,088350
20221101,코스피200,006360
20221101,코스피200,000080
20221101,코스피200,047040
20221101,코스피200,007310
20221101,코스피200,001120
20221101,코스피200,051600
20221101,코스피200,011210
20221101,코스피200,010120
20221101,코스피200,000150
20221101,코스피200,004000
20221101,코스피200,004800
20221101,코스피200,375500
20221101,코스피200,006280
20221101,코스피200,285130
20221101,코스피200,298050
20221101,코스피200,005850
20221101,코스피200,000210
20221101,코스피200,069960
20221101,코스피200,014820
20221101,코스피200,005300
20221101,코스피200,000240
20221101,코스피200,000670
20221101,코스피200,001230
20221101,코스피200,003090
20221101,코스피200,298020
20221101,코스피200,042670
20221101,코스피200,093370
20221101,코스피200,120110
20221101,코스피200,271940
20221101,코스피200,019170
20221101,코스피200,001740
20221101,코스피200,001800
20221101,코스피200,009240
20221101,코스피200,009900
20221101,코스피200,185750
20221101,코스피200,017800
20221101,코스피200,114090
20221101,코스피200,178920
20221101,코스피200,010780
20221101,코스피200,001680
20221101,코스피200,300720
20221101,코스피200,005250
20221101,코스피200,006040
20221101,코스피200,006650
20221101,코스피200,009420
20221101,코스피200,016380
20221101,코스피200,020560
20221101,코스피200,031430
20221101,코스피200,039130
20221101,코스피200,069260
20221101,코스피200,073240
20221101,코스피200,103140
20221101,코스피200,161890
20221101,코스피200,192080
20221101,코스피200,003240
20221101,코스피200,003850
20221101,코스피200,005440
20221101,코스피200,020000
20221101,코스피200,294870
20221101,코스피200,105630
20221101,코스피200,284740
20221101,코스피200,032350
20221101,코스피200,000070
20221101,코스피200,004490
20221101,코스피200,013890
20221101,코스피200,381970
20221101,코스피200,192820
20221101,코스피200,241590
20221101,코스피200,057050
20221101,코스닥150,247540
20221101,코스닥150,091990
20221101,코스닥150,066970
20221101,코스닥150,028300
20221101,코스닥150,086520
20221101,코스닥150,293490
20221101,코스닥150,263750
20221101,코스닥150,068760
20221101,코스닥150,278280
20221101,코스닥150,058470
20221101,코스닥150,253450
20221101,코스닥150,035900
20221101,코스닥150,035760
20221101,코스닥150,357780
20221101,코스닥150,041510
20221101,코스닥150,005290
20221101,코스닥150,112040
20221101,코스닥150,196170
20221101,코스닥150,096530
20221101,코스닥150,237690
20221101,코스닥150,078600
20221101,코스닥150,145020
20221101,코스닥150,056190
20221101,코스닥150,240810
20221101,코스닥150,025900
20221101,코스닥150,108320
20221101,코스닥150,034230
20221101,코스닥150,348370
20221101,코스닥150,064760
20221101,코스닥150,067630
20221101,코스닥150,007390
20221101,코스닥150,222800
20221101,코스닥150,100090
20221101,코스닥150,137400
20221101,코스닥150,195940
20221101,코스닥150,121600
20221101,코스닥150,214150
20221101,코스닥150,215200
20221101,코스닥150,214370
20221101,코스닥150,298380
20221101,코스닥150,225570
20221101,코스닥150,032500
20221101,코스닥150,078340
20221101,코스닥150,213420
20221101,코스닥150,022100
20221101,코스닥150,067160
20221101,코스닥150,048410
20221101,코스닥150,098460
20221101,코스닥150,141080
20221101,코스닥150,030190
20221101,코스닥150,222080
20221101,코스닥150,039030
20221101,코스닥150,090460
20221101,코스닥150,122870
20221101,코스닥150,003380
20221101,코스닥150,383310
20221101,코스닥150,140860
20221101,코스닥150,085660
20221101,코스닥150,215000
20221101,코스닥150,036540
20221101,코스닥150,144510
20221101,코스닥150,086450
20221101,코스닥150,086900
20221101,코스닥150,000250
20221101,코스닥150,064550
20221101,코스닥150,299900
20221101,코스닥150,084850
20221101,코스닥150,200130
20221101,코스닥150,074600
20221101,코스닥150,032190
20221101,코스닥150,214450
20221101,코스닥150,053800
20221101,코스닥150,046890
20221101,코스닥150,166090
20221101,코스닥150,068240
20221101,코스닥150,290510
20221101,코스닥150,189300
20221101,코스닥150,290650
20221101,코스닥150,194480
20221101,코스닥150,036930
20221101,코스닥150,095700
20221101,코스닥150,323990
20221101,코스닥150,272290
20221101,코스닥150,218410
20221101,코스닥150,178320
20221101,코스닥150,039200
20221101,코스닥150,182400
20221101,코스닥150,101490
20221101,코스닥150,060250
20221101,코스닥150,091700
20221101,코스닥150,036830
20221101,코스닥150,041960
20221101,코스닥150,082270
20221101,코스닥150,235980
20221101,코스닥150,084990
20221101,코스닥150,084370
20221101,코스닥150,183300
20221101,코스닥150,025980
20221101,코스닥150,067310
20221101,코스닥150,033290
20221101,코스닥150,319660
20221101,코스닥150,015750
20221101,코스닥150,033640
20221101,코스닥150,268600
20221101,코스닥150,131290
20221101,코스닥150,060150
20221101,코스닥150,089980
20221101,코스닥150,006730
20221101,코스닥150,029960
20221101,코스닥150,064260
20221101,코스닥150,038500
20221101,코스닥150,041190
20221101,코스닥150,092040
20221101,코스닥150,243070
20221101,코스닥150,206650
20221101,코스닥150,131970
20221101,코스닥150,035600
20221101,코스닥150,038540
20221101,코스닥150,267980
20221101,코스닥150,104830
20221101,코스닥150,053030
20221101,코스닥150,140410
20221101,코스닥150,061970
20221101,코스닥150,030520
20221101,코스닥150,078130
20221101,코스닥150,293780
20221101,코스닥150,102710
20221101,코스닥150,095610
20221101,코스닥150,048530
20221101,코스닥150,027360
20221101,코스닥150,036810
20221101,코스닥150,080160
20221101,코스닥150,060720
20221101,코스닥150,058820
20221101,코스닥150,078020
20221101,코스닥150,294570
20221101,코스닥150,104480
20221101,코스닥150,086390
20221101,코스닥150,023410
20221101,코스닥150,265520
20221101,코스닥150,256840
20221101,코스닥150,052400
20221101,코스닥150,030530
20221101,코스닥150,110790
20221101,코스닥150,042000
20221101,코스닥150,035080
20221101,코스닥150,151910
20221101,코스닥150,131370
20221101,코스닥150,088800
20221101,코스닥150,092190
20221201,코스피200,005930
20221201,코스피200,373220
20221201,코스피200,207940
20221201,코스피200,000660
20221201,코스피200,051910
20221201,코스피200,006400
20221201,코스피200,005380
20221201,코스피200,035420
20221201,코스피200,000270
20221201,코스피200,035720
20221201,코스피200,005490
20221201,코스피200,068270
20221201,코스피200,028260
20221201,코스피200,105560
20221201,코스피200,012330
20221201,코스피200,055550
20221201,코스피200,003670
20221201,코스피200,096770
20221201,코스피200,034730
20221201,코스피200,066570
20221201,코스피200,032830
20221201,코스피200,086790
20221201,코스피200,003550
20221201,코스피200,033780
20221201,코스피200,015760
20221201,코스피200,323410
20221201,코스피200,010130
20221201,코스피200,017670
20221201,코스피200,259960
20221201,코스피200,011200
20221201,코스피200,034020
20221201,코스피200,329180
20221201,코스피200,009150
20221201,코스피200,051900
20221201,코스피200,036570
20221201,코스피200,030200
20221201,코스피200,009830
20221201,코스피200,010950
20221201,코스피200,018260
20221201,코스피200,000810
20221201,코스피200,316140
20221201,코스피200,003490
20221201,코스피200,024110
20221201,코스피200,090430
20221201,코스피200,011070
20221201,코스피200,377300
20221201,코스피200,086280
20221201,코스피200,302440
20221201,코스피200,352820
20221201,코스피200,011170
20221201,코스피200,097950
20221201,코스피200,383220
20221201,코스피200,326030
20221201,코스피200,009540
20221201,코스피200,000060
20221201,코스피200,034220
20221201,코스피200,035250
20221201,코스피200,138040
20221201,코스피200,032640
20221201,코스피200,402340
20221201,코스피200,267250
20221201,코스피200,028050
20221201,코스피200,361610
20221201,코스피200,000720
20221201,코스피200,004020
20221201,코스피200,271560
20221201,코스피200,018880
20221201,코스피200,047810
20221201,코스피200,010140
20221201,코스피200,078930
20221201,코스피200,005830
20221201,코스피200,000100
20221201,코스피200,011780
20221201,코스피200,251270
20221201,코스피200,161390
20221201,코스피200,011790
20221201,코스피200,021240
20221201,코스피200,006800
20221201,코스피200,029780
20221201,코스피200,008560
20221201,코스피200,241560
20221201,코스피200,012450
20221201,코스피200,004990
20221201,코스피200,282330
20221201,코스피200,064350
20221201,코스피200,010620
20221201,코스피200,005940
20221201,코스피200,016360
20221201,코스피200,036460
20221201,코스피200,137310
20221201,코스피200,112610
20221201,코스피200,128940
20221201,코스피200,071050
20221201,코스피200,007070
20221201,코스피200,003410
20221201,코스피200,008770
20221201,코스피200,047050
20221201,코스피200,028670
20221201,코스피200,020150
20221201,코스피200,001450
20221201,코스피200,180640
20221201,코스피200,030000
20221201,코스피200,139480
20221201,코스피200,002790
20221201,코스피200,006040
20221201,코스피200,006260
20221201,코스피200,012750
20221201,코스피200,138930
20221201,코스피200,023530
20221201,코스피200,039490
20221201,코스피200,052690
20221201,코스피200,014680
20221201,코스피200,000880
20221201,코스피200,001040
20221201,코스피200,008930
20221201,코스피200,336260
20221201,코스피200,026960
20221201,코스피200,204320
20221201,코스피200,272210
20221201,코스피200,010060
20221201,코스피200,000120
20221201,코스피200,000990
20221201,코스피200,001440
20221201,코스피200,002380
20221201,코스피200,004170
20221201,코스피200,004370
20221201,코스피200,111770
20221201,코스피200,042660
20221201,코스피200,047040
20221201,코스피200,079550
20221201,코스피200,081660
20221201,코스피200,088350
20221201,코스피200,006360
20221201,코스피200,007310
20221201,코스피200,000080
20221201,코스피200,010120
20221201,코스피200,011210
20221201,코스피200,298050
20221201,코스피200,069620
20221201,코스피200,042670
20221201,코스피200,000150
20221201,코스피200,001120
20221201,코스피200,004000
20221201,코스피200,004800
20221201,코스피200,005300
20221201,코스피200,375500
20221201,코스피200,014820
20221201,코스피200,051600
20221201,코스피200,285130
20221201,코스피200,298020
20221201,코스피200,006280
20221201,코스피200,000210
20221201,코스피200,000240
20221201,코스피200,069960
20221201,코스피200,001230
20221201,코스피200,005850
20221201,코스피200,000670
20221201,코스피200,003090
20221201,코스피200,017800
20221201,코스피200,271940
20221201,코스피200,093370
20221201,코스피200,120110
20221201,코스피200,019170
20221201,코스피200,001740
20221201,코스피200,001800
20221201,코스피200,006650
20221201,코스피200,009240
20221201,코스피200,185750
20221201,코스피200,020560
20221201,코스피200,114090
20221201,코스피200,178920
20221201,코스피200,010780
20221201,코스피200,003240
20221201,코스피200,005250
20221201,코스피200,009900
20221201,코스피200,016380
20221201,코스피200,031430
20221201,코스피200,032350
20221201,코스피200,300720
20221201,코스피200,069260
20221201,코스피200,073240
20221201,코스피200,103140
20221201,코스피200,161890
20221201,코스피200,192080
20221201,코스피200,039130
20221201,코스피200,001680
20221201,코스피200,003850
20221201,코스피200,004490
20221201,코스피200,005440
20221201,코스피200,009420
20221201,코스피200,381970
20221201,코스피200,057050
20221201,코스피200,105630
20221201,코스피200,192820
20221201,코스피200,284740
20221201,코스피200,294870
20221201,코스피200,020000
20221201,코스피200,000070
20221201,코스피200,241590
20221201,코스피200,013890
20221201,코스닥150,247540
20221201,코스닥150,091990
20221201,코스닥150,066970
20221201,코스닥150,293490
20221201,코스닥150,028300
20221201,코스닥150,086520
20221201,코스닥150,263750
20221201,코스닥150,058470
20221201,코스닥150,068760
20221201,코스닥150,278280
20221201,코스닥150,035900
20221201,코스닥150,253450
20221201,코스닥150,196170
20221201,코스닥150,041510
20221201,코스닥150,035760
20221201,코스닥150,005290
20221201,코스닥150,357780
20221201,코스닥150,034230
20221201,코스닥150,096530
20221201,코스닥150,237690
20221201,코스닥150,078600
20221201,코스닥150,145020
20221201,코스닥150,056190
20221201,코스닥150,240810
20221201,코스닥150,025900
20221201,코스닥150,112040
20221201,코스닥150,064760
20221201,코스닥150,100090
20221201,코스닥150,214370
20221201,코스닥150,214150
20221201,코스닥150,007390
20221201,코스닥150,298380
20221201,코스닥150,032190
20221201,코스닥150,137400
20221201,코스닥150,195940
20221201,코스닥150,032500
20221201,코스닥150,000250
20221201,코스닥150,022100
20221201,코스닥150,222800
20221201,코스닥150,048410
20221201,코스닥150,067630
20221201,코스닥150,348370
20221201,코스닥150,067160
20221201,코스닥150,213420
20221201,코스닥150,141080
20221201,코스닥150,121600
20221201,코스닥150,098460
20221201,코스닥150,225570
20221201,코스닥150,215200
20221201,코스닥150,090460
20221201,코스닥150,064550
20221201,코스닥150,039030
20221201,코스닥150,003380
20221201,코스닥150,299900
20221201,코스닥150,122870
20221201,코스닥150,383310
20221201,코스닥150,078340
20221201,코스닥150,140860
20221201,코스닥150,085660
20221201,코스닥150,030190
20221201,코스닥150,222080
20221201,코스닥150,144510
20221201,코스닥150,086900
20221201,코스닥150,036540
20221201,코스닥150,086450
20221201,코스닥150,200130
20221201,코스닥150,166090
20221201,코스닥150,039200
20221201,코스닥150,215000
20221201,코스닥150,084850
20221201,코스닥150,074600
20221201,코스닥150,189300
20221201,코스닥150,053800
20221201,코스닥150,214450
20221201,코스닥150,046890
20221201,코스닥150,182400
20221201,코스닥150,036930
20221201,코스닥150,218410
20221201,코스닥150,178320
20221201,코스닥150,068240
20221201,코스닥150,323990
20221201,코스닥150,272290
20221201,코스닥150,101490
20221201,코스닥150,084370
20221201,코스닥150,060250
20221201,코스닥150,036830
20221201,코스닥150,348210
20221201,코스닥150,025980
20221201,코스닥150,082270
20221201,코스닥150,290650
20221201,코스닥150,194480
20221201,코스닥150,095700
20221201,코스닥150,091700
20221201,코스닥150,067310
20221201,코스닥150,041960
20221201,코스닥150,319660
20221201,코스닥150,235980
20221201,코스닥150,084990
20221201,코스닥150,183300
20221201,코스닥150,015750
20221201,코스닥150,006730
20221201,코스닥150,033290
20221201,코스닥150,033640
20221201,코스닥150,268600
20221201,코스닥150,131290
20221201,코스닥150,131970
20221201,코스닥150,089980
20221201,코스닥150,060150
20221201,코스닥150,038500
20221201,코스닥150,092040
20221201,코스닥150,029960
20221201,코스닥150,064260
20221201,코스닥150,267980
20221201,코스닥150,104830
20221201,코스닥150,041190
20221201,코스닥150,035600
20221201,코스닥150,036810
20221201,코스닥150,038540
20221201,코스닥150,256840
20221201,코스닥150,060720
20221201,코스닥150,206650
20221201,코스닥150,053030
20221201,코스닥150,030520
20221201,코스닥150,061970
20221201,코스닥150,243070
20221201,코스닥150,140410
20221201,코스닥150,095610
20221201,코스닥150,102710
20221201,코스닥150,027360
20221201,코스닥150,294570
20221201,코스닥150,080160
20221201,코스닥150,078130
20221201,코스닥150,048530
20221201,코스닥150,293780
20221201,코스닥150,104480
20221201,코스닥150,078020
20221201,코스닥150,023410
20221201,코스닥150,265520
20221201,코스닥150,058820
20221201,코스닥150,030530
20221201,코스닥150,086390
20221201,코스닥150,052400
20221201,코스닥150,119860
20221201,코스닥150,042000
20221201,코스닥150,110790
20221201,코스닥150,088800
20221201,코스닥150,151910
20221201,코스닥150,035080
20221201,코스닥150,131370
20221201,코스닥150,092190
20230102,코스피200,005930
20230102,코스피200,373220
20230102,코스피200,207940
20230102,코스피200,000660
20230102,코스피200,051910
20230102,코스피200,006400
20230102,코스피200,005380
20230102,코스피200,035420
20230102,코스피200,000270
20230102,코스피200,035720
20230102,코스피200,005490
20230102,코스피200,068270
20230102,코스피200,028260
20230102,코스피200,105560
20230102,코스피200,012330
20230102,코스피200,055550
20230102,코스피200,003670
20230102,코스피200,096770
20230102,코스피200,066570
20230102,코스피200,032830
20230102,코스피200,034730
20230102,코스피200,015760
20230102,코스피200,033780
20230102,코스피200,086790
20230102,코스피200,003550
20230102,코스피200,323410
20230102,코스피200,051900
20230102,코스피200,010130
20230102,코스피200,329180
20230102,코스피200,017670
20230102,코스피200,009150
20230102,코스피200,034020
20230102,코스피200,036570
20230102,코스피200,011200
20230102,코스피200,018260
20230102,코스피200,010950
20230102,코스피200,000810
20230102,코스피200,030200
20230102,코스피200,003490
20230102,코스피200,009830
20230102,코스피200,316140
20230102,코스피200,259960
20230102,코스피200,090430
20230102,코스피200,024110
20230102,코스피200,377300
20230102,코스피200,352820
20230102,코스피200,086280
20230102,코스피200,011170
20230102,코스피200,011070
20230102,코스피200,097950
20230102,코스피200,302440
20230102,코스피200,326030
20230102,코스피200,000060
20230102,코스피200,138040
20230102,코스피200,383220
20230102,코스피200,009540
20230102,코스피200,271560
20230102,코스피200,035250
20230102,코스피200,032640
20230102,코스피200,251270
20230102,코스피200,047810
20230102,코스피200,402340
20230102,코스피200,005830
20230102,코스피200,010140
20230102,코스피200,267250
20230102,코스피200,028050
20230102,코스피200,034220
20230102,코스피200,018880
20230102,코스피200,021240
20230102,코스피200,000100
20230102,코스피200,078930
20230102,코스피200,004020
20230102,코스피200,008560
20230102,코스피200,361610
20230102,코스피200,161390
20230102,코스피200,000720
20230102,코스피200,012450
20230102,코스피200,006800
20230102,코스피200,282330
20230102,코스피200,011780
20230102,코스피200,011790
20230102,코스피200,241560
20230102,코스피200,128940
20230102,코스피200,029780
20230102,코스피200,004990
20230102,코스피200,010620
20230102,코스피200,008770
20230102,코스피200,064350
20230102,코스피200,036460
20230102,코스피200,002790
20230102,코스피200,003410
20230102,코스피200,007070
20230102,코스피200,137310
20230102,코스피200,071050
20230102,코스피200,112610
20230102,코스피200,028670
20230102,코스피200,016360
20230102,코스피200,005940
20230102,코스피200,001450
20230102,코스피200,139480
20230102,코스피200,047050
20230102,코스피200,023530
20230102,코스피200,001040
20230102,코스피200,006040
20230102,코스피200,180640
20230102,코스피200,030000
20230102,코스피200,020150
20230102,코스피200,088350
20230102,코스피200,000120
20230102,코스피200,004170
20230102,코스피200,004370
20230102,코스피200,039490
20230102,코스피200,008930
20230102,코스피200,012750
20230102,코스피200,014680
20230102,코스피200,006260
20230102,코스피200,026960
20230102,코스피200,042660
20230102,코스피200,052690
20230102,코스피200,079550
20230102,코스피200,272210
20230102,코스피200,111770
20230102,코스피200,138930
20230102,코스피200,204320
20230102,코스피200,081660
20230102,코스피200,000880
20230102,코스피200,001440
20230102,코스피200,002380
20230102,코스피200,336260
20230102,코스피200,010060
20230102,코스피200,069620
20230102,코스피200,007310
20230102,코스피200,000080
20230102,코스피200,000990
20230102,코스피200,047040
20230102,코스피200,010120
20230102,코스피200,006360
20230102,코스피200,005300
20230102,코스피200,298050
20230102,코스피200,042670
20230102,코스피200,006280
20230102,코스피200,000240
20230102,코스피200,004000
20230102,코스피200,004800
20230102,코스피200,298020
20230102,코스피200,051600
20230102,코스피200,069960
20230102,코스피200,011210
20230102,코스피200,000150
20230102,코스피200,000210
20230102,코스피200,375500
20230102,코스피200,114090
20230102,코스피200,285130
20230102,코스피200,001120
20230102,코스피200,000670
20230102,코스피200,001230
20230102,코스피200,003090
20230102,코스피200,005850
20230102,코스피200,006650
20230102,코스피200,009240
20230102,코스피200,280360
20230102,코스피200,017800
20230102,코스피200,019170
20230102,코스피200,020560
20230102,코스피200,093370
20230102,코스피200,120110
20230102,코스피200,271940
20230102,코스피200,014820
20230102,코스피200,001740
20230102,코스피200,001800
20230102,코스피200,009420
20230102,코스피200,031430
20230102,코스피200,032350
20230102,코스피200,192080
20230102,코스피200,103140
20230102,코스피200,161890
20230102,코스피200,178920
20230102,코스피200,185750
20230102,코스피200,039130
20230102,코스피200,001680
20230102,코스피200,003240
20230102,코스피200,005250
20230102,코스피200,009900
20230102,코스피200,300720
20230102,코스피200,016380
20230102,코스피200,069260
20230102,코스피200,073240
20230102,코스피200,192820
20230102,코스피200,010780
20230102,코스피200,003850
20230102,코스피200,004490
20230102,코스피200,005440
20230102,코스피200,013890
20230102,코스피200,381970
20230102,코스피200,057050
20230102,코스피200,105630
20230102,코스피200,284740
20230102,코스피200,294870
20230102,코스피200,020000
20230102,코스피200,241590
20230102,코스닥150,247540
20230102,코스닥150,091990
20230102,코스닥150,066970
20230102,코스닥150,293490
20230102,코스닥150,028300
20230102,코스닥150,086520
20230102,코스닥150,263750
20230102,코스닥150,253450
20230102,코스닥150,068760
20230102,코스닥150,035900
20230102,코스닥150,058470
20230102,코스닥150,035760
20230102,코스닥150,278280
20230102,코스닥150,196170
20230102,코스닥150,041510
20230102,코스닥150,357780
20230102,코스닥150,145020
20230102,코스닥150,237690
20230102,코스닥150,034230
20230102,코스닥150,005290
20230102,코스닥150,214370
20230102,코스닥150,393890
20230102,코스닥150,096530
20230102,코스닥150,056190
20230102,코스닥150,032190
20230102,코스닥150,240810
20230102,코스닥150,365340
20230102,코스닥150,214150
20230102,코스닥150,078600
20230102,코스닥150,403870
20230102,코스닥150,195940
20230102,코스닥150,048410
20230102,코스닥150,141080
20230102,코스닥150,298380
20230102,코스닥150,112040
20230102,코스닥150,064760
20230102,코스닥150,100090
20230102,코스닥150,032500
20230102,코스닥150,067630
20230102,코스닥150,025900
20230102,코스닥150,000250
20230102,코스닥150,213420
20230102,코스닥150,137400
20230102,코스닥150,215200
20230102,코스닥150,007390
20230102,코스닥150,022100
20230102,코스닥150,122870
20230102,코스닥150,086900
20230102,코스닥150,348370
20230102,코스닥150,121600
20230102,코스닥150,098460
20230102,코스닥150,003380
20230102,코스닥150,200130
20230102,코스닥150,225570
20230102,코스닥150,222800
20230102,코스닥150,039030
20230102,코스닥150,067160
20230102,코스닥150,140860
20230102,코스닥150,299900
20230102,코스닥150,090460
20230102,코스닥150,078340
20230102,코스닥150,064550
20230102,코스닥150,030190
20230102,코스닥150,144510
20230102,코스닥150,085660
20230102,코스닥150,119860
20230102,코스닥150,086450
20230102,코스닥150,383310
20230102,코스닥150,214450
20230102,코스닥150,215600
20230102,코스닥150,215000
20230102,코스닥150,376300
20230102,코스닥150,053800
20230102,코스닥150,039200
20230102,코스닥150,272290
20230102,코스닥150,178320
20230102,코스닥150,166090
20230102,코스닥150,189300
20230102,코스닥150,036540
20230102,코스닥150,074600
20230102,코스닥150,016790
20230102,코스닥150,052020
20230102,코스닥150,218410
20230102,코스닥150,101490
20230102,코스닥150,084850
20230102,코스닥150,046890
20230102,코스닥150,222080
20230102,코스닥150,025980
20230102,코스닥150,095340
20230102,코스닥150,323990
20230102,코스닥150,182400
20230102,코스닥150,036830
20230102,코스닥150,084370
20230102,코스닥150,060250
20230102,코스닥150,036930
20230102,코스닥150,348210
20230102,코스닥150,290650
20230102,코스닥150,049070
20230102,코스닥150,068240
20230102,코스닥150,235980
20230102,코스닥150,091700
20230102,코스닥150,095700
20230102,코스닥150,082270
20230102,코스닥150,006730
20230102,코스닥150,298540
20230102,코스닥150,294090
20230102,코스닥150,041960
20230102,코스닥150,319660
20230102,코스닥150,089980
20230102,코스닥150,067310
20230102,코스닥150,183300
20230102,코스닥150,084990
20230102,코스닥150,268600
20230102,코스닥150,267980
20230102,코스닥150,131970
20230102,코스닥150,015750
20230102,코스닥150,033290
20230102,코스닥150,131290
20230102,코스닥150,092040
20230102,코스닥150,060150
20230102,코스닥150,053030
20230102,코스닥150,029960
20230102,코스닥150,033640
20230102,코스닥150,140410
20230102,코스닥150,104830
20230102,코스닥150,038500
20230102,코스닥150,036810
20230102,코스닥150,243070
20230102,코스닥150,064260
20230102,코스닥150,038540
20230102,코스닥150,035600
20230102,코스닥150,060720
20230102,코스닥150,294570
20230102,코스닥150,256840
20230102,코스닥150,206650
20230102,코스닥150,030520
20230102,코스닥150,095610
20230102,코스닥150,080160
20230102,코스닥150,041190
20230102,코스닥150,088800
20230102,코스닥150,061970
20230102,코스닥150,023410
20230102,코스닥150,102710
20230102,코스닥150,078130
20230102,코스닥150,030530
20230102,코스닥150,027360
20230102,코스닥150,104480
20230102,코스닥150,110790
20230102,코스닥150,086390
20230102,코스닥150,151910
20230201,코스피200,005930
20230201,코스피200,373220
20230201,코스피200,000660
20230201,코스피200,207940
20230201,코스피200,006400
20230201,코스피200,051910
20230201,코스피200,005380
20230201,코스피200,035420
20230201,코스피200,000270
20230201,코스피200,035720
20230201,코스피200,005490
20230201,코스피200,068270
20230201,코스피200,105560
20230201,코스피200,028260
20230201,코스피200,055550
20230201,코스피200,012330
20230201,코스피200,003670
20230201,코스피200,066570
20230201,코스피200,096770
20230201,코스피200,034730
20230201,코스피200,086790
20230201,코스피200,032830
20230201,코스피200,323410
20230201,코스피200,003550
20230201,코스피200,015760
20230201,코스피200,033780
20230201,코스피200,011200
20230201,코스피200,010130
20230201,코스피200,009150
20230201,코스피200,051900
20230201,코스피200,034020
20230201,코스피200,036570
20230201,코스피200,017670
20230201,코스피200,010950
20230201,코스피200,329180
20230201,코스피200,000810
20230201,코스피200,018260
20230201,코스피200,316140
20230201,코스피200,030200
20230201,코스피200,003490
20230201,코스피200,259960
20230201,코스피200,009830
20230201,코스피200,024110
20230201,코스피200,090430
20230201,코스피200,377300
20230201,코스피200,352820
20230201,코스피200,011070
20230201,코스피200,086280
20230201,코스피200,011170
20230201,코스피200,302440
20230201,코스피200,383220
20230201,코스피200,009540
20230201,코스피200,326030
20230201,코스피200,138040
20230201,코스피200,010140
20230201,코스피200,402340
20230201,코스피200,251270
20230201,코스피200,097950
20230201,코스피200,028050
20230201,코스피200,018880
20230201,코스피200,034220
20230201,코스피200,271560
20230201,코스피200,035250
20230201,코스피200,267250
20230201,코스피200,361610
20230201,코스피200,005830
20230201,코스피200,032640
20230201,코스피200,047810
20230201,코스피200,004020
20230201,코스피200,011780
20230201,코스피200,047050
20230201,코스피200,000720
20230201,코스피200,078930
20230201,코스피200,006800
20230201,코스피200,161390
20230201,코스피200,021240
20230201,코스피200,012450
20230201,코스피200,008560
20230201,코스피200,000100
20230201,코스피200,011790
20230201,코스피200,241560
20230201,코스피200,071050
20230201,코스피200,029780
20230201,코스피200,004990
20230201,코스피200,028670
20230201,코스피200,128940
20230201,코스피200,002790
20230201,코스피200,282330
20230201,코스피200,010620
20230201,코스피200,008770
20230201,코스피200,005940
20230201,코스피200,016360
20230201,코스피200,137310
20230201,코스피200,064350
20230201,코스피200,036460
20230201,코스피200,003410
20230201,코스피200,007070
20230201,코스피200,139480
20230201,코스피200,112610
20230201,코스피200,020150
20230201,코스피200,001450
20230201,코스피200,180640
20230201,코스피200,039490
20230201,코스피200,023530
20230201,코스피200,042660
20230201,코스피200,272210
20230201,코스피200,052690
20230201,코스피200,001040
20230201,코스피200,014680
20230201,코스피200,138930
20230201,코스피200,081660
20230201,코스피200,088350
20230201,코스피200,030000
20230201,코스피200,000880
20230201,코스피200,004170
20230201,코스피200,006040
20230201,코스피200,006260
20230201,코스피200,336260
20230201,코스피200,010060
20230201,코스피200,012750
20230201,코스피200,204320
20230201,코스피200,008930
20230201,코스피200,000120
20230201,코스피200,000990
20230201,코스피200,001440
20230201,코스피200,026960
20230201,코스피200,004370
20230201,코스피200,006360
20230201,코스피200,002380
20230201,코스피200,000080
20230201,코스피200,007310
20230201,코스피200,047040
20230201,코스피200,298020
20230201,코스피200,111770
20230201,코스피200,175330
20230201,코스피200,079550
20230201,코스피200,298050
20230201,코스피200,069620
20230201,코스피200,000150
20230201,코스피200,004000
20230201,코스피200,004800
20230201,코스피200,005300
20230201,코스피200,006280
20230201,코스피200,375500
20230201,코스피200,011210
20230201,코스피200,042670
20230201,코스피200,051600
20230201,코스피200,069960
20230201,코스피200,285130
20230201,코스피200,010120
20230201,코스피200,000210
20230201,코스피200,001230
20230201,코스피200,001120
20230201,코스피200,000240
20230201,코스피200,000670
20230201,코스피200,003090
20230201,코스피200,005850
20230201,코스피200,009240
20230201,코스피200,014820
20230201,코스피200,017800
20230201,코스피200,280360
20230201,코스피200,020560
20230201,코스피200,093370
20230201,코스피200,114090
20230201,코스피200,120110
20230201,코스피200,271940
20230201,코스피200,019170
20230201,코스피200,001740
20230201,코스피200,001800
20230201,코스피200,006650
20230201,코스피200,010780
20230201,코스피200,185750
20230201,코스피200,039130
20230201,코스피200,103140
20230201,코스피200,161890
20230201,코스피200,178920
20230201,코스피200,032350
20230201,코스피200,003240
20230201,코스피200,005250
20230201,코스피200,009420
20230201,코스피200,009900
20230201,코스피200,016380
20230201,코스피200,300720
20230201,코스피200,069260
20230201,코스피200,073240
20230201,코스피200,192080
20230201,코스피200,192820
20230201,코스피200,031430
20230201,코스피200,001680
20230201,코스피200,003850
20230201,코스피200,004490
20230201,코스피200,005440
20230201,코스피200,013890
20230201,코스피200,381970
20230201,코스피200,057050
20230201,코스피200,105630
20230201,코스피200,241590
20230201,코스피200,284740
20230201,코스피200,294870
20230201,코스피200,020000
20230201,코스닥150,247540
20230201,코스닥150,091990
20230201,코스닥150,066970
20230201,코스닥150,293490
20230201,코스닥150,028300
20230201,코스닥150,086520
20230201,코스닥150,263750
20230201,코스닥150,058470
20230201,코스닥150,035900
20230201,코스닥150,068760
20230201,코스닥150,253450
20230201,코스닥150,278280
20230201,코스닥150,035760
20230201,코스닥150,041510
20230201,코스닥150,196170
20230201,코스닥150,032190
20230201,코스닥150,214370
20230201,코스닥150,357780
20230201,코스닥150,145020
20230201,코스닥150,005290
20230201,코스닥150,034230
20230201,코스닥150,393890
20230201,코스닥150,237690
20230201,코스닥150,240810
20230201,코스닥150,096530
20230201,코스닥150,078600
20230201,코스닥150,056190
20230201,코스닥150,365340
20230201,코스닥150,112040
20230201,코스닥150,064760
20230201,코스닥150,214150
20230201,코스닥150,403870
20230201,코스닥150,098460
20230201,코스닥150,195940
20230201,코스닥150,000250
20230201,코스닥150,032500
20230201,코스닥150,067630
20230201,코스닥150,100090
20230201,코스닥150,025900
20230201,코스닥150,003380
20230201,코스닥150,137400
20230201,코스닥150,022100
20230201,코스닥150,225570
20230201,코스닥150,053800
20230201,코스닥150,376300
20230201,코스닥150,141080
20230201,코스닥150,122870
20230201,코스닥150,048410
20230201,코스닥150,067160
20230201,코스닥150,348370
20230201,코스닥150,298380
20230201,코스닥150,222800
20230201,코스닥150,121600
20230201,코스닥150,039030
20230201,코스닥150,086900
20230201,코스닥150,007390
20230201,코스닥150,215000
20230201,코스닥150,213420
20230201,코스닥150,215200
20230201,코스닥150,200130
20230201,코스닥150,140860
20230201,코스닥150,078340
20230201,코스닥150,299900
20230201,코스닥150,085660
20230201,코스닥150,030190
20230201,코스닥150,383310
20230201,코스닥150,214450
20230201,코스닥150,144510
20230201,코스닥150,086450
20230201,코스닥150,166090
20230201,코스닥150,119860
20230201,코스닥150,090460
20230201,코스닥150,039200
20230201,코스닥150,036540
20230201,코스닥150,189300
20230201,코스닥150,064550
20230201,코스닥150,025980
20230201,코스닥150,215600
20230201,코스닥150,074600
20230201,코스닥150,218410
20230201,코스닥150,084850
20230201,코스닥150,222080
20230201,코스닥150,101490
20230201,코스닥150,016790
20230201,코스닥150,046890
20230201,코스닥150,272290
20230201,코스닥150,178320
20230201,코스닥150,095340
20230201,코스닥150,036930
20230201,코스닥150,084370
20230201,코스닥150,082270
20230201,코스닥150,060250
20230201,코스닥150,323990
20230201,코스닥150,294090
20230201,코스닥150,068240
20230201,코스닥150,052020
20230201,코스닥150,036830
20230201,코스닥150,319660
20230201,코스닥150,182400
20230201,코스닥150,067310
20230201,코스닥150,089980
20230201,코스닥150,290650
20230201,코스닥150,268600
20230201,코스닥150,091700
20230201,코스닥150,348210
20230201,코스닥150,049070
20230201,코스닥150,006730
20230201,코스닥150,183300
20230201,코스닥150,036810
20230201,코스닥150,095700
20230201,코스닥150,235980
20230201,코스닥150,131970
20230201,코스닥150,041960
20230201,코스닥150,298540
20230201,코스닥150,131290
20230201,코스닥150,033290
20230201,코스닥150,060150
20230201,코스닥150,041190
20230201,코스닥150,015750
20230201,코스닥150,267980
20230201,코스닥150,084990
20230201,코스닥150,033640
20230201,코스닥150,038500
20230201,코스닥150,092040
20230201,코스닥150,080160
20230201,코스닥150,029960
20230201,코스닥150,030520
20230201,코스닥150,035600
20230201,코스닥150,243070
20230201,코스닥150,064260
20230201,코스닥150,104830
20230201,코스닥150,140410
20230201,코스닥150,060720
20230201,코스닥150,294570
20230201,코스닥150,095610
20230201,코스닥150,053030
20230201,코스닥150,256840
20230201,코스닥150,102710
20230201,코스닥150,027360
20230201,코스닥150,206650
20230201,코스닥150,061970
20230201,코스닥150,038540
20230201,코스닥150,088800
20230201,코스닥150,104480
20230201,코스닥150,023410
20230201,코스닥150,030530
20230201,코스닥150,086390
20230201,코스닥150,078130
20230201,코스닥150,110790
20230201,코스닥150,151910
20230302,코스피200,005930
20230302,코스피200,373220
20230302,코스피200,000660
20230302,코스피200,207940
20230302,코스피200,006400
20230302,코스피200,051910
20230302,코스피200,005380
20230302,코스피200,035420
20230302,코스피200,000270
20230302,코스피200,005490
20230302,코스피200,035720
20230302,코스피200,105560
20230302,코스피200,028260
20230302,코스피200,012330
20230302,코스피200,068270
20230302,코스피200,055550
20230302,코스피200,066570
20230302,코스피200,003670
20230302,코스피200,096770
20230302,코스피200,032830
20230302,코스피200,034730
20230302,코스피200,086790
20230302,코스피200,003550
20230302,코스피200,323410
20230302,코스피200,033780
20230302,코스피200,010130
20230302,코스피200,015760
20230302,코스피200,011200
20230302,코스피200,009150
20230302,코스피200,051900
20230302,코스피200,034020
20230302,코스피200,000810
20230302,코스피200,017670
20230302,코스피200,018260
20230302,코스피200,036570
20230302,코스피200,010950
20230302,코스피200,329180
20230302,코스피200,003490
20230302,코스피200,316140
20230302,코스피200,090430
20230302,코스피200,259960
20230302,코스피200,377300
20230302,코스피200,024110
20230302,코스피200,009830
20230302,코스피200,030200
20230302,코스피200,011170
20230302,코스피200,352820
20230302,코스피200,138040
20230302,코스피200,011070
20230302,코스피200,086280
20230302,코스피200,009540
20230302,코스피200,005830
20230302,코스피200,383220
20230302,코스피200,402340
20230302,코스피200,028050
20230302,코스피200,034220
20230302,코스피200,326030
20230302,코스피200,251270
20230302,코스피200,302440
20230302,코스피200,004020
20230302,코스피200,018880
20230302,코스피200,271560
20230302,코스피200,161390
20230302,코스피200,032640
20230302,코스피200,010140
20230302,코스피200,011780
20230302,코스피200,097950
20230302,코스피200,361610
20230302,코스피200,012450
20230302,코스피200,267250
20230302,코스피200,006800
20230302,코스피200,047810
20230302,코스피200,008560
20230302,코스피200,035250
20230302,코스피200,000720
20230302,코스피200,000100
20230302,코스피200,047050
20230302,코스피200,241560
20230302,코스피200,011790
20230302,코스피200,021240
20230302,코스피200,078930
20230302,코스피200,028670
20230302,코스피200,029780
20230302,코스피200,071050
20230302,코스피200,002790
20230302,코스피200,001450
20230302,코스피200,004990
20230302,코스피200,005940
20230302,코스피200,282330
20230302,코스피200,128940
20230302,코스피200,139480
20230302,코스피200,008770
20230302,코스피200,007070
20230302,코스피200,180640
20230302,코스피200,112610
20230302,코스피200,020150
20230302,코스피200,003410
20230302,코스피200,042660
20230302,코스피200,016360
20230302,코스피200,010620
20230302,코스피200,064350
20230302,코스피200,039490
20230302,코스피200,001040
20230302,코스피200,006040
20230302,코스피200,023530
20230302,코스피200,088350
20230302,코스피200,052690
20230302,코스피200,081660
20230302,코스피200,036460
20230302,코스피200,002380
20230302,코스피200,006260
20230302,코스피200,010060
20230302,코스피200,014680
20230302,코스피200,336260
20230302,코스피200,137310
20230302,코스피200,204320
20230302,코스피200,272210
20230302,코스피200,030000
20230302,코스피200,004370
20230302,코스피200,138930
20230302,코스피200,012750
20230302,코스피200,008930
20230302,코스피200,000880
20230302,코스피200,000990
20230302,코스피200,298020
20230302,코스피200,006360
20230302,코스피200,026960
20230302,코스피200,004170
20230302,코스피200,000120
20230302,코스피200,001440
20230302,코스피200,042670
20230302,코스피200,298050
20230302,코스피200,111770
20230302,코스피200,175330
20230302,코스피200,047040
20230302,코스피200,000080
20230302,코스피200,079550
20230302,코스피200,007310
20230302,코스피200,000150
20230302,코스피200,004000
20230302,코스피200,005300
20230302,코스피200,051600
20230302,코스피200,011210
20230302,코스피200,010120
20230302,코스피200,000240
20230302,코스피200,001120
20230302,코스피200,001230
20230302,코스피200,004800
20230302,코스피200,005850
20230302,코스피200,006280
20230302,코스피200,375500
20230302,코스피200,010780
20230302,코스피200,069620
20230302,코스피200,069960
20230302,코스피200,114090
20230302,코스피200,285130
20230302,코스피200,009240
20230302,코스피200,000210
20230302,코스피200,000670
20230302,코스피200,006650
20230302,코스피200,009900
20230302,코스피200,280360
20230302,코스피200,017800
20230302,코스피200,093370
20230302,코스피200,120110
20230302,코스피200,271940
20230302,코스피200,014820
20230302,코스피200,001740
20230302,코스피200,001800
20230302,코스피200,003090
20230302,코스피200,019170
20230302,코스피200,020560
20230302,코스피200,032350
20230302,코스피200,192820
20230302,코스피200,073240
20230302,코스피200,103140
20230302,코스피200,161890
20230302,코스피200,178920
20230302,코스피200,185750
20230302,코스피200,039130
20230302,코스피200,003240
20230302,코스피200,009420
20230302,코스피200,016380
20230302,코스피200,300720
20230302,코스피200,069260
20230302,코스피200,192080
20230302,코스피200,031430
20230302,코스피200,001680
20230302,코스피200,003850
20230302,코스피200,004490
20230302,코스피200,005250
20230302,코스피200,005440
20230302,코스피200,381970
20230302,코스피200,057050
20230302,코스피200,105630
20230302,코스피200,284740
20230302,코스피200,294870
20230302,코스피200,020000
20230302,코스피200,241590
20230302,코스피200,013890
20230302,코스닥150,247540
20230302,코스닥150,066970
20230302,코스닥150,091990
20230302,코스닥150,086520
20230302,코스닥150,293490
20230302,코스닥150,028300
20230302,코스닥150,041510
20230302,코스닥150,263750
20230302,코스닥150,035900
20230302,코스닥150,058470
20230302,코스닥150,278280
20230302,코스닥150,253450
20230302,코스닥150,365340
20230302,코스닥150,068760
20230302,코스닥150,035760
20230302,코스닥150,214370
20230302,코스닥150,196170
20230302,코스닥150,005290
20230302,코스닥150,032190
20230302,코스닥150,357780
20230302,코스닥150,112040
20230302,코스닥150,145020
20230302,코스닥150,086900
20230302,코스닥150,034230
20230302,코스닥150,121600
20230302,코스닥150,240810
20230302,코스닥150,393890
20230302,코스닥150,078600
20230302,코스닥150,064550
20230302,코스닥150,237690
20230302,코스닥150,003380
20230302,코스닥150,214150
20230302,코스닥150,056190
20230302,코스닥150,403870
20230302,코스닥150,096530
20230302,코스닥150,000250
20230302,코스닥150,064760
20230302,코스닥150,025900
20230302,코스닥150,098460
20230302,코스닥150,100090
20230302,코스닥150,376300
20230302,코스닥150,213420
20230302,코스닥150,122870
20230302,코스닥150,067630
20230302,코스닥150,048410
20230302,코스닥150,195940
20230302,코스닥150,022100
20230302,코스닥150,007390
20230302,코스닥150,137400
20230302,코스닥150,067160
20230302,코스닥150,348370
20230302,코스닥150,032500
20230302,코스닥150,298380
20230302,코스닥150,141080
20230302,코스닥150,225570
20230302,코스닥150,140860
20230302,코스닥150,039030
20230302,코스닥150,222800
20230302,코스닥150,215000
20230302,코스닥150,078340
20230302,코스닥150,016790
20230302,코스닥150,215200
20230302,코스닥150,090460
20230302,코스닥150,383310
20230302,코스닥150,200130
20230302,코스닥150,272290
20230302,코스닥150,085660
20230302,코스닥150,030190
20230302,코스닥150,214450
20230302,코스닥150,052020
20230302,코스닥150,299900
20230302,코스닥150,189300
20230302,코스닥150,053800
20230302,코스닥150,294090
20230302,코스닥150,166090
20230302,코스닥150,086450
20230302,코스닥150,036540
20230302,코스닥150,144510
20230302,코스닥150,101490
20230302,코스닥150,119860
20230302,코스닥150,222080
20230302,코스닥150,039200
20230302,코스닥150,046890
20230302,코스닥150,025980
20230302,코스닥150,074600
20230302,코스닥150,215600
20230302,코스닥150,178320
20230302,코스닥150,084850
20230302,코스닥150,082270
20230302,코스닥150,218410
20230302,코스닥150,095340
20230302,코스닥150,084370
20230302,코스닥150,348210
20230302,코스닥150,095700
20230302,코스닥150,015750
20230302,코스닥150,036930
20230302,코스닥150,060250
20230302,코스닥150,036830
20230302,코스닥150,323990
20230302,코스닥150,290650
20230302,코스닥150,089980
20230302,코스닥150,049070
20230302,코스닥150,319660
20230302,코스닥150,068240
20230302,코스닥150,067310
20230302,코스닥150,091700
20230302,코스닥150,182400
20230302,코스닥150,131970
20230302,코스닥150,036810
20230302,코스닥150,006730
20230302,코스닥150,268600
20230302,코스닥150,183300
20230302,코스닥150,060150
20230302,코스닥150,041960
20230302,코스닥150,084990
20230302,코스닥150,140410
20230302,코스닥150,131290
20230302,코스닥150,033290
20230302,코스닥150,033640
20230302,코스닥150,243070
20230302,코스닥150,080160
20230302,코스닥150,235980
20230302,코스닥150,041190
20230302,코스닥150,030520
20230302,코스닥150,298540
20230302,코스닥150,267980
20230302,코스닥150,064260
20230302,코스닥150,029960
20230302,코스닥150,035600
20230302,코스닥150,104830
20230302,코스닥150,092040
20230302,코스닥150,095610
20230302,코스닥150,038500
20230302,코스닥150,038540
20230302,코스닥150,053030
20230302,코스닥150,294570
20230302,코스닥150,061970
20230302,코스닥150,060720
20230302,코스닥150,102710
20230302,코스닥150,027360
20230302,코스닥150,256840
20230302,코스닥150,206650
20230302,코스닥150,023410
20230302,코스닥150,104480
20230302,코스닥150,078130
20230302,코스닥150,030530
20230302,코스닥150,086390
20230302,코스닥150,110790
20230302,코스닥150,088800
20230302,코스닥150,151910
20230403,코스피200,005930
20230403,코스피200,373220
20230403,코스피200,000660
20230403,코스피200,207940
20230403,코스피200,006400
20230403,코스피200,051910
20230403,코스피200,005380
20230403,코스피200,005490
20230403,코스피200,000270
20230403,코스피200,035420
20230403,코스피200,035720
20230403,코스피200,003670
20230403,코스피200,068270
20230403,코스피200,012330
20230403,코스피200,028260
20230403,코스피200,105560
20230403,코스피200,066570
20230403,코스피200,055550
20230403,코스피200,096770
20230403,코스피200,003550
20230403,코스피200,034730
20230403,코스피200,032830
20230403,코스피200,086790
20230403,코스피200,033780
20230403,코스피200,015760
20230403,코스피200,009150
20230403,코스피200,323410
20230403,코스피200,010130
20230403,코스피200,034020
20230403,코스피200,017670
20230403,코스피200,000810
20230403,코스피200,011200
20230403,코스피200,051900
20230403,코스피200,010950
20230403,코스피200,018260
20230403,코스피200,259960
20230403,코스피200,329180
20230403,코스피200,009830
20230403,코스피200,003490
20230403,코스피200,036570
20230403,코스피200,316140
20230403,코스피200,011170
20230403,코스피200,090430
20230403,코스피200,030200
20230403,코스피200,024110
20230403,코스피200,352820
20230403,코스피200,377300
20230403,코스피200,138040
20230403,코스피200,011070
20230403,코스피200,028050
20230403,코스피200,086280
20230403,코스피200,034220
20230403,코스피200,302440
20230403,코스피200,251270
20230403,코스피200,009540
20230403,코스피200,383220
20230403,코스피200,402340
20230403,코스피200,361610
20230403,코스피200,271560
20230403,코스피200,012450
20230403,코스피200,005830
20230403,코스피200,326030
20230403,코스피200,097950
20230403,코스피200,032640
20230403,코스피200,047810
20230403,코스피200,018880
20230403,코스피200,010140
20230403,코스피200,004020
20230403,코스피200,267250
20230403,코스피200,241560
20230403,코스피200,161390
20230403,코스피200,000720
20230403,코스피200,035250
20230403,코스피200,011790
20230403,코스피200,011780
20230403,코스피200,006800
20230403,코스피200,000100
20230403,코스피200,047050
20230403,코스피200,078930
20230403,코스피200,021240
20230403,코스피200,029780
20230403,코스피200,000990
20230403,코스피200,002790
20230403,코스피200,008770
20230403,코스피200,128940
20230403,코스피200,028670
20230403,코스피200,020150
20230403,코스피200,001040
20230403,코스피200,003410
20230403,코스피200,004990
20230403,코스피200,282330
20230403,코스피200,071050
20230403,코스피200,180640
20230403,코스피200,007070
20230403,코스피200,001450
20230403,코스피200,005940
20230403,코스피200,010620
20230403,코스피200,139480
20230403,코스피200,052690
20230403,코스피200,064350
20230403,코스피200,112610
20230403,코스피200,016360
20230403,코스피200,008930
20230403,코스피200,272210
20230403,코스피200,042660
20230403,코스피200,039490
20230403,코스피200,006040
20230403,코스피200,036460
20230403,코스피200,014680
20230403,코스피200,006260
20230403,코스피200,023530
20230403,코스피200,010060
20230403,코스피200,004370
20230403,코스피200,030000
20230403,코스피200,336260
20230403,코스피200,137310
20230403,코스피200,204320
20230403,코스피200,081660
20230403,코스피200,002380
20230403,코스피200,004170
20230403,코스피200,138930
20230403,코스피200,088350
20230403,코스피200,111770
20230403,코스피200,012750
20230403,코스피200,000880
20230403,코스피200,001440
20230403,코스피200,298050
20230403,코스피200,026960
20230403,코스피200,298020
20230403,코스피200,006360
20230403,코스피200,000120
20230403,코스피200,007310
20230403,코스피200,175330
20230403,코스피200,047040
20230403,코스피200,051600
20230403,코스피200,010120
20230403,코스피200,000080
20230403,코스피200,000150
20230403,코스피200,004000
20230403,코스피200,093370
20230403,코스피200,011210
20230403,코스피200,042670
20230403,코스피200,079550
20230403,코스피200,005300
20230403,코스피200,004800
20230403,코스피200,005850
20230403,코스피200,006280
20230403,코스피200,375500
20230403,코스피200,069960
20230403,코스피200,285130
20230403,코스피200,010780
20230403,코스피200,000210
20230403,코스피200,271940
20230403,코스피200,001120
20230403,코스피200,001230
20230403,코스피200,001740
20230403,코스피200,006650
20230403,코스피200,009240
20230403,코스피200,009900
20230403,코스피200,014820
20230403,코스피200,017800
20230403,코스피200,069620
20230403,코스피200,114090
20230403,코스피200,120110
20230403,코스피200,139130
20230403,코스피200,000240
20230403,코스피200,000670
20230403,코스피200,001800
20230403,코스피200,009420
20230403,코스피200,016380
20230403,코스피200,019170
20230403,코스피200,020560
20230403,코스피200,280360
20230403,코스피200,039130
20230403,코스피200,073240
20230403,코스피200,103140
20230403,코스피200,161890
20230403,코스피200,178920
20230403,코스피200,185750
20230403,코스피200,032350
20230403,코스피200,003090
20230403,코스피200,003240
20230403,코스피200,004490
20230403,코스피200,031430
20230403,코스피200,300720
20230403,코스피200,192080
20230403,코스피200,192820
20230403,코스피200,294870
20230403,코스피200,069260
20230403,코스피200,001680
20230403,코스피200,003850
20230403,코스피200,105630
20230403,코스피200,005440
20230403,코스피200,020000
20230403,코스피200,005250
20230403,코스피200,013890
20230403,코스피200,057050
20230403,코스피200,381970
20230403,코스피200,284740
20230403,코스피200,241590
20230403,코스닥150,247540
20230403,코스닥150,086520
20230403,코스닥150,066970
20230403,코스닥150,091990
20230403,코스닥150,028300
20230403,코스닥150,293490
20230403,코스닥150,068760
20230403,코스닥150,263750
20230403,코스닥150,035900
20230403,코스닥150,278280
20230403,코스닥150,214370
20230403,코스닥150,041510
20230403,코스닥150,058470
20230403,코스닥150,253450
20230403,코스닥150,365340
20230403,코스닥150,196170
20230403,코스닥150,003380
20230403,코스닥150,032190
20230403,코스닥150,121600
20230403,코스닥150,035760
20230403,코스닥150,000250
20230403,코스닥150,357780
20230403,코스닥150,005290
20230403,코스닥150,016790
20230403,코스닥150,393890
20230403,코스닥150,240810
20230403,코스닥150,078600
20230403,코스닥150,112040
20230403,코스닥150,145020
20230403,코스닥150,034230
20230403,코스닥150,022100
20230403,코스닥150,086900
20230403,코스닥150,214150
20230403,코스닥150,056190
20230403,코스닥150,237690
20230403,코스닥150,348370
20230403,코스닥150,225570
20230403,코스닥150,096530
20230403,코스닥150,025900
20230403,코스닥150,007390
20230403,코스닥150,064760
20230403,코스닥150,137400
20230403,코스닥150,383310
20230403,코스닥150,213420
20230403,코스닥150,098460
20230403,코스닥150,039030
20230403,코스닥150,140860
20230403,코스닥150,064550
20230403,코스닥150,122870
20230403,코스닥150,067630
20230403,코스닥150,100090
20230403,코스닥150,376300
20230403,코스닥150,067160
20230403,코스닥150,298380
20230403,코스닥150,222800
20230403,코스닥150,141080
20230403,코스닥150,195940
20230403,코스닥150,036540
20230403,코스닥150,222080
20230403,코스닥150,078340
20230403,코스닥150,032500
20230403,코스닥150,189300
20230403,코스닥150,101490
20230403,코스닥150,090460
20230403,코스닥150,048410
20230403,코스닥150,166090
20230403,코스닥150,272290
20230403,코스닥150,215000
20230403,코스닥150,052020
20230403,코스닥150,036930
20230403,코스닥150,214450
20230403,코스닥150,067310
20230403,코스닥150,030190
20230403,코스닥150,294090
20230403,코스닥150,218410
20230403,코스닥150,084370
20230403,코스닥150,200130
20230403,코스닥150,095340
20230403,코스닥150,085660
20230403,코스닥150,086450
20230403,코스닥150,215200
20230403,코스닥150,178320
20230403,코스닥150,046890
20230403,코스닥150,348210
20230403,코스닥150,074600
20230403,코스닥150,015750
20230403,코스닥150,299900
20230403,코스닥150,144510
20230403,코스닥150,039200
20230403,코스닥150,049070
20230403,코스닥150,119860
20230403,코스닥150,084850
20230403,코스닥150,053800
20230403,코스닥150,025980
20230403,코스닥150,319660
20230403,코스닥150,131970
20230403,코스닥150,036830
20230403,코스닥150,323990
20230403,코스닥150,290650
20230403,코스닥150,215600
20230403,코스닥150,036810
20230403,코스닥150,082270
20230403,코스닥150,033640
20230403,코스닥150,403870
20230403,코스닥150,089980
20230403,코스닥150,060250
20230403,코스닥150,068240
20230403,코스닥150,183300
20230403,코스닥150,095700
20230403,코스닥150,131290
20230403,코스닥150,091700
20230403,코스닥150,006730
20230403,코스닥150,091120
20230403,코스닥150,060720
20230403,코스닥150,033290
20230403,코스닥150,140410
20230403,코스닥150,095610
20230403,코스닥150,041960
20230403,코스닥150,030520
20230403,코스닥150,298540
20230403,코스닥150,182400
20230403,코스닥150,060150
20230403,코스닥150,038500
20230403,코스닥150,041190
20230403,코스닥150,243070
20230403,코스닥150,235980
20230403,코스닥150,061970
20230403,코스닥150,084990
20230403,코스닥150,267980
20230403,코스닥150,104830
20230403,코스닥150,029960
20230403,코스닥150,080160
20230403,코스닥150,035600
20230403,코스닥150,092040
20230403,코스닥150,102710
20230403,코스닥150,027360
20230403,코스닥150,030530
20230403,코스닥150,294570
20230403,코스닥150,064260
20230403,코스닥150,086390
20230403,코스닥150,053030
20230403,코스닥150,256840
20230403,코스닥150,038540
20230403,코스닥150,023410
20230403,코스닥150,268600
20230403,코스닥150,206650
20230403,코스닥150,104480
20230403,코스닥150,110790
20230403,코스닥150,088800
20230403,코스닥150,078130
20230502,코스피200,005930
20230502,코스피200,373220
20230502,코스피200,000660
20230502,코스피200,207940
20230502,코스피200,051910
20230502,코스피200,006400
20230502,코스피200,005380
20230502,코스피200,000270
20230502,코스피200,005490
20230502,코스피200,035420
20230502,코스피200,003670
20230502,코스피200,035720
20230502,코스피200,068270
20230502,코스피200,012330
20230502,코스피200,028260
20230502,코스피200,105560
20230502,코스피200,055550
20230502,코스피200,066570
20230502,코스피200,096770
20230502,코스피200,003550
20230502,코스피200,032830
20230502,코스피200,086790
20230502,코스피200,015760
20230502,코스피200,034730
20230502,코스피200,352820
20230502,코스피200,033780
20230502,코스피200,000810
20230502,코스피200,323410
20230502,코스피200,009150
20230502,코스피200,017670
20230502,코스피200,010130
20230502,코스피200,034020
20230502,코스피200,329180
20230502,코스피200,011200
20230502,코스피200,051900
20230502,코스피200,259960
20230502,코스피200,138040
20230502,코스피200,018260
20230502,코스피200,036570
20230502,코스피200,316140
20230502,코스피200,003490
20230502,코스피200,010950
20230502,코스피200,009830
20230502,코스피200,030200
20230502,코스피200,024110
20230502,코스피200,377300
20230502,코스피200,011170
20230502,코스피200,090430
20230502,코스피200,011070
20230502,코스피200,086280
20230502,코스피200,009540
20230502,코스피200,402340
20230502,코스피200,251270
20230502,코스피200,271560
20230502,코스피200,005830
20230502,코스피200,028050
20230502,코스피200,383220
20230502,코스피200,361610
20230502,코스피200,047810
20230502,코스피200,302440
20230502,코스피200,034220
20230502,코스피200,326030
20230502,코스피200,012450
20230502,코스피200,241560
20230502,코스피200,018880
20230502,코스피200,032640
20230502,코스피200,047050
20230502,코스피200,004020
20230502,코스피200,010140
20230502,코스피200,097950
20230502,코스피200,267250
20230502,코스피200,000720
20230502,코스피200,161390
20230502,코스피200,000100
20230502,코스피200,035250
20230502,코스피200,011780
20230502,코스피200,006800
20230502,코스피200,128940
20230502,코스피200,011790
20230502,코스피200,021240
20230502,코스피200,064350
20230502,코스피200,078930
20230502,코스피200,008770
20230502,코스피200,029780
20230502,코스피200,282330
20230502,코스피200,001450
20230502,코스피200,005940
20230502,코스피200,112610
20230502,코스피200,071050
20230502,코스피200,016360
20230502,코스피200,002790
20230502,코스피200,003410
20230502,코스피200,010620
20230502,코스피200,006260
20230502,코스피200,008930
20230502,코스피200,004990
20230502,코스피200,007070
20230502,코스피200,010060
20230502,코스피200,020150
20230502,코스피200,272210
20230502,코스피200,042660
20230502,코스피200,139480
20230502,코스피200,180640
20230502,코스피200,028670
20230502,코스피200,000990
20230502,코스피200,052690
20230502,코스피200,036460
20230502,코스피200,001040
20230502,코스피200,004370
20230502,코스피200,039490
20230502,코스피200,014680
20230502,코스피200,006040
20230502,코스피200,012750
20230502,코스피200,023530
20230502,코스피200,030000
20230502,코스피200,204320
20230502,코스피200,088350
20230502,코스피200,137310
20230502,코스피200,138930
20230502,코스피200,081660
20230502,코스피200,000880
20230502,코스피200,042670
20230502,코스피200,004170
20230502,코스피200,001440
20230502,코스피200,002380
20230502,코스피200,007310
20230502,코스피200,336260
20230502,코스피200,026960
20230502,코스피200,111770
20230502,코스피200,298050
20230502,코스피200,010120
20230502,코스피200,000120
20230502,코스피200,006360
20230502,코스피200,298020
20230502,코스피200,079550
20230502,코스피200,047040
20230502,코스피200,000080
20230502,코스피200,000150
20230502,코스피200,175330
20230502,코스피200,011210
20230502,코스피200,051600
20230502,코스피200,004000
20230502,코스피200,004800
20230502,코스피200,005300
20230502,코스피200,005850
20230502,코스피200,375500
20230502,코스피200,017800
20230502,코스피200,073240
20230502,코스피200,006280
20230502,코스피200,000240
20230502,코스피200,001120
20230502,코스피200,001230
20230502,코스피200,010780
20230502,코스피200,014820
20230502,코스피200,069620
20230502,코스피200,285130
20230502,코스피200,093370
20230502,코스피200,103140
20230502,코스피200,114090
20230502,코스피200,120110
20230502,코스피200,139130
20230502,코스피200,271940
20230502,코스피200,069960
20230502,코스피200,000210
20230502,코스피200,000670
20230502,코스피200,001740
20230502,코스피200,001800
20230502,코스피200,009240
20230502,코스피200,280360
20230502,코스피200,016380
20230502,코스피200,019170
20230502,코스피200,020560
20230502,코스피200,178920
20230502,코스피200,185750
20230502,코스피200,009420
20230502,코스피200,003090
20230502,코스피200,003230
20230502,코스피200,006650
20230502,코스피200,009900
20230502,코스피200,032350
20230502,코스피200,300720
20230502,코스피200,069260
20230502,코스피200,161890
20230502,코스피200,192080
20230502,코스피200,192820
20230502,코스피200,294870
20230502,코스피200,039130
20230502,코스피200,001680
20230502,코스피200,003240
20230502,코스피200,004490
20230502,코스피200,381970
20230502,코스피200,020000
20230502,코스피200,031430
20230502,코스피200,105630
20230502,코스피200,005250
20230502,코스피200,003850
20230502,코스피200,013890
20230502,코스피200,284740
20230502,코스피200,241590
20230502,코스피200,057050
20230502,코스닥150,247540
20230502,코스닥150,086520
20230502,코스닥150,091990
20230502,코스닥150,066970
20230502,코스닥150,028300
20230502,코스닥150,293490
20230502,코스닥150,035900
20230502,코스닥150,068760
20230502,코스닥150,263750
20230502,코스닥150,041510
20230502,코스닥150,196170
20230502,코스닥150,214370
20230502,코스닥150,022100
20230502,코스닥150,253450
20230502,코스닥150,058470
20230502,코스닥150,278280
20230502,코스닥150,064550
20230502,코스닥150,112040
20230502,코스닥150,403870
20230502,코스닥150,035760
20230502,코스닥150,016790
20230502,코스닥150,086900
20230502,코스닥150,357780
20230502,코스닥150,237690
20230502,코스닥150,365340
20230502,코스닥150,121600
20230502,코스닥150,214150
20230502,코스닥150,000250
20230502,코스닥150,393890
20230502,코스닥150,078600
20230502,코스닥150,005290
20230502,코스닥150,240810
20230502,코스닥150,034230
20230502,코스닥150,056190
20230502,코스닥150,145020
20230502,코스닥150,096530
20230502,코스닥150,225570
20230502,코스닥150,137400
20230502,코스닥150,122870
20230502,코스닥150,348370
20230502,코스닥150,064760
20230502,코스닥150,067630
20230502,코스닥150,213420
20230502,코스닥150,039030
20230502,코스닥150,214450
20230502,코스닥150,383310
20230502,코스닥150,281740
20230502,코스닥150,140860
20230502,코스닥150,003380
20230502,코스닥150,025900
20230502,코스닥150,376300
20230502,코스닥150,298380
20230502,코스닥150,141080
20230502,코스닥150,101490
20230502,코스닥150,098460
20230502,코스닥150,222800
20230502,코스닥150,195940
20230502,코스닥150,078340
20230502,코스닥150,067160
20230502,코스닥150,036540
20230502,코스닥150,272290
20230502,코스닥150,048410
20230502,코스닥150,166090
20230502,코스닥150,052020
20230502,코스닥150,039200
20230502,코스닥150,222080
20230502,코스닥150,090460
20230502,코스닥150,294090
20230502,코스닥150,036930
20230502,코스닥150,215200
20230502,코스닥150,032500
20230502,코스닥150,015750
20230502,코스닥150,085660
20230502,코스닥150,067310
20230502,코스닥150,030190
20230502,코스닥150,215000
20230502,코스닥150,119860
20230502,코스닥150,007390
20230502,코스닥150,290650
20230502,코스닥150,144510
20230502,코스닥150,084370
20230502,코스닥150,086450
20230502,코스닥150,348210
20230502,코스닥150,200130
20230502,코스닥150,095340
20230502,코스닥150,036830
20230502,코스닥150,215600
20230502,코스닥150,140410
20230502,코스닥150,032190
20230502,코스닥150,046890
20230502,코스닥150,053800
20230502,코스닥150,323990
20230502,코스닥150,189300
20230502,코스닥150,218410
20230502,코스닥150,074600
20230502,코스닥150,049070
20230502,코스닥150,178320
20230502,코스닥150,084850
20230502,코스닥150,319660
20230502,코스닥150,082270
20230502,코스닥150,025980
20230502,코스닥150,131970
20230502,코스닥150,095700
20230502,코스닥150,089980
20230502,코스닥150,041960
20230502,코스닥150,036810
20230502,코스닥150,006730
20230502,코스닥150,033640
20230502,코스닥150,060250
20230502,코스닥150,235980
20230502,코스닥150,091700
20230502,코스닥150,182400
20230502,코스닥150,091120
20230502,코스닥150,060720
20230502,코스닥150,183300
20230502,코스닥150,068240
20230502,코스닥150,131290
20230502,코스닥150,095610
20230502,코스닥150,298540
20230502,코스닥150,033290
20230502,코스닥150,038500
20230502,코스닥150,267980
20230502,코스닥150,205470
20230502,코스닥150,243070
20230502,코스닥150,060150
20230502,코스닥150,029960
20230502,코스닥150,084990
20230502,코스닥150,030520
20230502,코스닥150,035600
20230502,코스닥150,092040
20230502,코스닥150,061970
20230502,코스닥150,041190
20230502,코스닥150,104830
20230502,코스닥150,080160
20230502,코스닥150,053030
20230502,코스닥150,294570
20230502,코스닥150,102710
20230502,코스닥150,030530
20230502,코스닥150,064260
20230502,코스닥150,038540
20230502,코스닥150,023410
20230502,코스닥150,027360
20230502,코스닥150,256840
20230502,코스닥150,206650
20230502,코스닥150,086390
20230502,코스닥150,104480
20230502,코스닥150,003100
20230502,코스닥150,299900
20230502,코스닥150,110790
20230502,코스닥150,088800
20230601,코스피200,005930
20230601,코스피200,373220
20230601,코스피200,000660
20230601,코스피200,207940
20230601,코스피200,006400
20230601,코스피200,051910
20230601,코스피200,005380
20230601,코스피200,000270
20230601,코스피200,035420
20230601,코스피200,005490
20230601,코스피200,003670
20230601,코스피200,068270
20230601,코스피200,035720
20230601,코스피200,012330
20230601,코스피200,028260
20230601,코스피200,066570
20230601,코스피200,105560
20230601,코스피200,055550
20230601,코스피200,096770
20230601,코스피200,003550
20230601,코스피200,032830
20230601,코스피200,015760
20230601,코스피200,323410
20230601,코스피200,034730
20230601,코스피200,086790
20230601,코스피200,352820
20230601,코스피200,033780
20230601,코스피200,009150
20230601,코스피200,017670
20230601,코스피200,000810
20230601,코스피200,329180
20230601,코스피200,034020
20230601,코스피200,018260
20230601,코스피200,010130
20230601,코스피200,138040
20230601,코스피200,259960
20230601,코스피200,316140
20230601,코스피200,011200
20230601,코스피200,051900
20230601,코스피200,010950
20230601,코스피200,024110
20230601,코스피200,003490
20230601,코스피200,030200
20230601,코스피200,009830
20230601,코스피200,377300
20230601,코스피200,011070
20230601,코스피200,011170
20230601,코스피200,036570
20230601,코스피200,009540
20230601,코스피200,361610
20230601,코스피200,402340
20230601,코스피200,086280
20230601,코스피200,090430
20230601,코스피200,302440
20230601,코스피200,326030
20230601,코스피200,034220
20230601,코스피200,241560
20230601,코스피200,028050
20230601,코스피200,012450
20230601,코스피200,005830
20230601,코스피200,010140
20230601,코스피200,047050
20230601,코스피200,047810
20230601,코스피200,018880
20230601,코스피200,383220
20230601,코스피200,271560
20230601,코스피200,032640
20230601,코스피200,251270
20230601,코스피200,097950
20230601,코스피200,000100
20230601,코스피200,267250
20230601,코스피200,006800
20230601,코스피200,004020
20230601,코스피200,000720
20230601,코스피200,161390
20230601,코스피200,035250
20230601,코스피200,128940
20230601,코스피200,011780
20230601,코스피200,011790
20230601,코스피200,021240
20230601,코스피200,029780
20230601,코스피200,078930
20230601,코스피200,112610
20230601,코스피200,064350
20230601,코스피200,005940
20230601,코스피200,282330
20230601,코스피200,180640
20230601,코스피200,016360
20230601,코스피200,004990
20230601,코스피200,071050
20230601,코스피200,010620
20230601,코스피200,008770
20230601,코스피200,001450
20230601,코스피200,042660
20230601,코스피200,003410
20230601,코스피200,000990
20230601,코스피200,004370
20230601,코스피200,006260
20230601,코스피200,007070
20230601,코스피200,272210
20230601,코스피200,014680
20230601,코스피200,020150
20230601,코스피200,052690
20230601,코스피200,008930
20230601,코스피200,001040
20230601,코스피200,002790
20230601,코스피200,039490
20230601,코스피200,036460
20230601,코스피200,028670
20230601,코스피200,000880
20230601,코스피200,139480
20230601,코스피200,023530
20230601,코스피200,006040
20230601,코스피200,030000
20230601,코스피200,081660
20230601,코스피200,204320
20230601,코스피200,138930
20230601,코스피200,088350
20230601,코스피200,004170
20230601,코스피200,010120
20230601,코스피200,012750
20230601,코스피200,336260
20230601,코스피200,042670
20230601,코스피200,111770
20230601,코스피200,298050
20230601,코스피200,026960
20230601,코스피200,000120
20230601,코스피200,001440
20230601,코스피200,002380
20230601,코스피200,137310
20230601,코스피200,007310
20230601,코스피200,047040
20230601,코스피200,079550
20230601,코스피200,006360
20230601,코스피200,000080
20230601,코스피200,000150
20230601,코스피200,005850
20230601,코스피200,298020
20230601,코스피200,017800
20230601,코스피200,051600
20230601,코스피200,175330
20230601,코스피200,011210
20230601,코스피200,004000
20230601,코스피200,004800
20230601,코스피200,375500
20230601,코스피200,010060
20230601,코스피200,073240
20230601,코스피200,006280
20230601,코스피200,001120
20230601,코스피200,005300
20230601,코스피200,009420
20230601,코스피200,014820
20230601,코스피200,069620
20230601,코스피200,285130
20230601,코스피200,093370
20230601,코스피200,114090
20230601,코스피200,120110
20230601,코스피200,139130
20230601,코스피200,069960
20230601,코스피200,000240
20230601,코스피200,001230
20230601,코스피200,001740
20230601,코스피200,009240
20230601,코스피200,009900
20230601,코스피200,280360
20230601,코스피200,103140
20230601,코스피200,178920
20230601,코스피200,185750
20230601,코스피200,271940
20230601,코스피200,010780
20230601,코스피200,000210
20230601,코스피200,300720
20230601,코스피200,001800
20230601,코스피200,003090
20230601,코스피200,003230
20230601,코스피200,006650
20230601,코스피200,016380
20230601,코스피200,019170
20230601,코스피200,020560
20230601,코스피200,032350
20230601,코스피200,039130
20230601,코스피200,069260
20230601,코스피200,161890
20230601,코스피200,192080
20230601,코스피200,192820
20230601,코스피200,294870
20230601,코스피200,000670
20230601,코스피200,001680
20230601,코스피200,003240
20230601,코스피200,003850
20230601,코스피200,381970
20230601,코스피200,005250
20230601,코스피200,031430
20230601,코스피200,105630
20230601,코스피200,004490
20230601,코스피200,013890
20230601,코스피200,284740
20230601,코스피200,057050
20230601,코스피200,020000
20230601,코스피200,241590
20230601,코스닥150,247540
20230601,코스닥150,086520
20230601,코스닥150,091990
20230601,코스닥150,066970
20230601,코스닥150,028300
20230601,코스닥150,035900
20230601,코스닥150,068760
20230601,코스닥150,293490
20230601,코스닥150,263750
20230601,코스닥150,196170
20230601,코스닥150,041510
20230601,코스닥150,403870
20230601,코스닥150,214370
20230601,코스닥150,058470
20230601,코스닥150,005290
20230601,코스닥150,253450
20230601,코스닥150,086900
20230601,코스닥150,278280
20230601,코스닥150,357780
20230601,코스닥150,393890
20230601,코스닥150,214150
20230601,코스닥150,122870
20230601,코스닥150,022100
20230601,코스닥150,365340
20230601,코스닥150,237690
20230601,코스닥150,035760
20230601,코스닥150,240810
20230601,코스닥150,112040
20230601,코스닥150,016790
20230601,코스닥150,000250
20230601,코스닥150,121600
20230601,코스닥150,078600
20230601,코스닥150,056190
20230601,코스닥150,064550
20230601,코스닥150,145020
20230601,코스닥150,225570
20230601,코스닥150,034230
20230601,코스닥150,096530
20230601,코스닥150,064760
20230601,코스닥150,214450
20230601,코스닥150,101490
20230601,코스닥150,137400
20230601,코스닥150,067630
20230601,코스닥150,348370
20230601,코스닥150,298380
20230601,코스닥150,140860
20230601,코스닥150,039030
20230601,코스닥150,213420
20230601,코스닥150,141080
20230601,코스닥150,281740
20230601,코스닥150,222800
20230601,코스닥150,025900
20230601,코스닥150,098460
20230601,코스닥150,383310
20230601,코스닥150,195940
20230601,코스닥150,036540
20230601,코스닥150,003380
20230601,코스닥150,039200
20230601,코스닥150,166090
20230601,코스닥150,052020
20230601,코스닥150,048410
20230601,코스닥150,376300
20230601,코스닥150,067160
20230601,코스닥150,078340
20230601,코스닥150,095340
20230601,코스닥150,090460
20230601,코스닥150,085660
20230601,코스닥150,294090
20230601,코스닥150,036930
20230601,코스닥150,272290
20230601,코스닥150,222080
20230601,코스닥150,067310
20230601,코스닥150,015750
20230601,코스닥150,290650
20230601,코스닥150,032500
20230601,코스닥150,348210
20230601,코스닥150,215200
20230601,코스닥150,144510
20230601,코스닥150,084370
20230601,코스닥150,046890
20230601,코스닥150,215000
20230601,코스닥150,140410
20230601,코스닥150,086450
20230601,코스닥150,074600
20230601,코스닥150,007390
20230601,코스닥150,030190
20230601,코스닥150,053800
20230601,코스닥150,119860
20230601,코스닥150,323990
20230601,코스닥150,189300
20230601,코스닥150,200130
20230601,코스닥150,319660
20230601,코스닥150,178320
20230601,코스닥150,036830
20230601,코스닥150,049070
20230601,코스닥150,299900
20230601,코스닥150,215600
20230601,코스닥150,218410
20230601,코스닥150,082270
20230601,코스닥150,032190
20230601,코스닥150,084850
20230601,코스닥150,091700
20230601,코스닥150,131970
20230601,코스닥150,095700
20230601,코스닥150,025980
20230601,코스닥150,036810
20230601,코스닥150,183300
20230601,코스닥150,182400
20230601,코스닥150,068240
20230601,코스닥150,060720
20230601,코스닥150,041960
20230601,코스닥150,089980
20230601,코스닥150,235980
20230601,코스닥150,131290
20230601,코스닥150,006730
20230601,코스닥150,091120
20230601,코스닥150,033640
20230601,코스닥150,095610
20230601,코스닥150,060250
20230601,코스닥150,033290
20230601,코스닥150,060150
20230601,코스닥150,038500
20230601,코스닥150,030520
20230601,코스닥150,267980
20230601,코스닥150,243070
20230601,코스닥150,092040
20230601,코스닥150,029960
20230601,코스닥150,298540
20230601,코스닥150,205470
20230601,코스닥150,061970
20230601,코스닥150,035600
20230601,코스닥150,041190
20230601,코스닥150,104830
20230601,코스닥150,084990
20230601,코스닥150,053030
20230601,코스닥150,102710
20230601,코스닥150,080160
20230601,코스닥150,038540
20230601,코스닥150,206650
20230601,코스닥150,086390
20230601,코스닥150,064260
20230601,코스닥150,023410
20230601,코스닥150,294570
20230601,코스닥150,030530
20230601,코스닥150,027360
20230601,코스닥150,256840
20230601,코스닥150,110790
20230601,코스닥150,104480
20230601,코스닥150,088800
20230601,코스닥150,003100
20230703,코스피200,005930
20230703,코스피200,373220
20230703,코스피200,000660
20230703,코스피200,207940
20230703,코스피200,006400
20230703,코스피200,051910
20230703,코스피200,005380
20230703,코스피200,000270
20230703,코스피200,005490
20230703,코스피200,035420
20230703,코스피200,003670
20230703,코스피200,035720
20230703,코스피200,068270
20230703,코스피200,012330
20230703,코스피200,066570
20230703,코스피200,105560
20230703,코스피200,028260
20230703,코스피200,055550
20230703,코스피200,096770
20230703,코스피200,003550
20230703,코스피200,032830
20230703,코스피200,015760
20230703,코스피200,086790
20230703,코스피200,323410
20230703,코스피200,352820
20230703,코스피200,329180
20230703,코스피200,034020
20230703,코스피200,033780
20230703,코스피200,034730
20230703,코스피200,000810
20230703,코스피200,009150
20230703,코스피200,017670
20230703,코스피200,010130
20230703,코스피200,018260
20230703,코스피200,259960
20230703,코스피200,011200
20230703,코스피200,003490
20230703,코스피200,138040
20230703,코스피200,316140
20230703,코스피200,024110
20230703,코스피200,009540
20230703,코스피200,042660
20230703,코스피200,030200
20230703,코스피200,011070
20230703,코스피200,086280
20230703,코스피200,009830
20230703,코스피200,010950
20230703,코스피200,051900
20230703,코스피200,047050
20230703,코스피200,361610
20230703,코스피200,011170
20230703,코스피200,012450
20230703,코스피200,326030
20230703,코스피200,402340
20230703,코스피200,036570
20230703,코스피200,377300
20230703,코스피200,302440
20230703,코스피200,241560
20230703,코스피200,010140
20230703,코스피200,090430
20230703,코스피200,034220
20230703,코스피200,028050
20230703,코스피200,005830
20230703,코스피200,047810
20230703,코스피200,271560
20230703,코스피200,018880
20230703,코스피200,383220
20230703,코스피200,032640
20230703,코스피200,000100
20230703,코스피200,267250
20230703,코스피200,006800
20230703,코스피200,004020
20230703,코스피200,251270
20230703,코스피200,000720
20230703,코스피200,161390
20230703,코스피200,097950
20230703,코스피200,011780
20230703,코스피200,128940
20230703,코스피200,064350
20230703,코스피200,011790
20230703,코스피200,035250
20230703,코스피200,112610
20230703,코스피200,010620
20230703,코스피200,029780
20230703,코스피200,078930
20230703,코스피200,180640
20230703,코스피200,016360
20230703,코스피200,005940
20230703,코스피200,001570
20230703,코스피200,021240
20230703,코스피200,006260
20230703,코스피200,282330
20230703,코스피200,008770
20230703,코스피200,111770
20230703,코스피200,001450
20230703,코스피200,071050
20230703,코스피200,000990
20230703,코스피200,003410
20230703,코스피200,004990
20230703,코스피200,014680
20230703,코스피200,028670
20230703,코스피200,052690
20230703,코스피200,272210
20230703,코스피200,204320
20230703,코스피200,004370
20230703,코스피200,000880
20230703,코스피200,007070
20230703,코스피200,008930
20230703,코스피200,010120
20230703,코스피200,138930
20230703,코스피200,036460
20230703,코스피200,039490
20230703,코스피200,042670
20230703,코스피200,081660
20230703,코스피200,020150
20230703,코스피200,002790
20230703,코스피200,030000
20230703,코스피200,298050
20230703,코스피200,139480
20230703,코스피200,088350
20230703,코스피200,001040
20230703,코스피200,012750
20230703,코스피200,336260
20230703,코스피200,026960
20230703,코스피200,023530
20230703,코스피200,000120
20230703,코스피200,001440
20230703,코스피200,002380
20230703,코스피200,004000
20230703,코스피200,079550
20230703,코스피200,010060
20230703,코스피200,011210
20230703,코스피200,047040
20230703,코스피200,004170
20230703,코스피200,000080
20230703,코스피200,005420
20230703,코스피200,005850
20230703,코스피200,298020
20230703,코스피200,007310
20230703,코스피200,017800
20230703,코스피200,175330
20230703,코스피200,006360
20230703,코스피200,000150
20230703,코스피200,001120
20230703,코스피200,006280
20230703,코스피200,375500
20230703,코스피200,073240
20230703,코스피200,120110
20230703,코스피200,137310
20230703,코스피200,051600
20230703,코스피200,001740
20230703,코스피200,004800
20230703,코스피200,005300
20230703,코스피200,009900
20230703,코스피200,285130
20230703,코스피200,103140
20230703,코스피200,139130
20230703,코스피200,271940
20230703,코스피200,093370
20230703,코스피200,000240
20230703,코스피200,000670
20230703,코스피200,009240
20230703,코스피200,009420
20230703,코스피200,010780
20230703,코스피200,192820
20230703,코스피200,069620
20230703,코스피200,069960
20230703,코스피200,178920
20230703,코스피200,185750
20230703,코스피200,014820
20230703,코스피200,000210
20230703,코스피200,001800
20230703,코스피200,003230
20230703,코스피200,006650
20230703,코스피200,016380
20230703,코스피200,019170
20230703,코스피200,300720
20230703,코스피200,039130
20230703,코스피200,069260
20230703,코스피200,105630
20230703,코스피200,114090
20230703,코스피200,161890
20230703,코스피200,280360
20230703,코스피200,020560
20230703,코스피200,003090
20230703,코스피200,003240
20230703,코스피200,004490
20230703,코스피200,005250
20230703,코스피200,381970
20230703,코스피200,032350
20230703,코스피200,192080
20230703,코스피200,294870
20230703,코스피200,008730
20230703,코스피200,001680
20230703,코스피200,003850
20230703,코스피200,013890
20230703,코스피200,284740
20230703,코스피200,031430
20230703,코스피200,057050
20230703,코스피200,020000
20230703,코스닥150,247540
20230703,코스닥150,086520
20230703,코스닥150,091990
20230703,코스닥150,066970
20230703,코스닥150,035900
20230703,코스닥150,028300
20230703,코스닥150,263750
20230703,코스닥150,068760
20230703,코스닥150,293490
20230703,코스닥150,022100
20230703,코스닥150,214370
20230703,코스닥150,041510
20230703,코스닥150,393890
20230703,코스닥150,403870
20230703,코스닥150,058470
20230703,코스닥150,196170
20230703,코스닥150,005290
20230703,코스닥150,214150
20230703,코스닥150,357780
20230703,코스닥150,278280
20230703,코스닥150,277810
20230703,코스닥150,086900
20230703,코스닥150,365340
20230703,코스닥150,240810
20230703,코스닥150,253450
20230703,코스닥150,078600
20230703,코스닥150,225570
20230703,코스닥150,372170
20230703,코스닥150,121600
20230703,코스닥150,237690
20230703,코스닥150,122870
20230703,코스닥150,112040
20230703,코스닥150,039030
20230703,코스닥150,035760
20230703,코스닥150,145020
20230703,코스닥150,214450
20230703,코스닥150,281740
20230703,코스닥150,140860
20230703,코스닥150,034230
20230703,코스닥150,056190
20230703,코스닥150,064760
20230703,코스닥150,137400
20230703,코스닥150,064550
20230703,코스닥150,000250
20230703,코스닥150,016790
20230703,코스닥150,101490
20230703,코스닥150,348370
20230703,코스닥150,098460
20230703,코스닥150,222800
20230703,코스닥150,213420
20230703,코스닥150,096530
20230703,코스닥150,140410
20230703,코스닥150,048410
20230703,코스닥150,067310
20230703,코스닥150,095340
20230703,코스닥150,067630
20230703,코스닥150,166090
20230703,코스닥150,009520
20230703,코스닥150,383310
20230703,코스닥150,222080
20230703,코스닥150,085370
20230703,코스닥150,298380
20230703,코스닥150,141080
20230703,코스닥150,376300
20230703,코스닥150,036930
20230703,코스닥150,036540
20230703,코스닥150,003380
20230703,코스닥150,039200
20230703,코스닥150,294090
20230703,코스닥150,195940
20230703,코스닥150,067160
20230703,코스닥150,025900
20230703,코스닥150,074600
20230703,코스닥150,015750
20230703,코스닥150,272290
20230703,코스닥150,085660
20230703,코스닥150,078340
20230703,코스닥150,348210
20230703,코스닥150,290650
20230703,코스닥150,084370
20230703,코스닥150,095500
20230703,코스닥150,046890
20230703,코스닥150,052020
20230703,코스닥150,287410
20230703,코스닥150,215000
20230703,코스닥150,178320
20230703,코스닥150,189300
20230703,코스닥150,025980
20230703,코스닥150,053800
20230703,코스닥150,319660
20230703,코스닥150,215200
20230703,코스닥150,183300
20230703,코스닥150,030190
20230703,코스닥150,073570
20230703,코스닥150,144510
20230703,코스닥150,131970
20230703,코스닥150,086450
20230703,코스닥150,131290
20230703,코스닥150,119860
20230703,코스닥150,032500
20230703,코스닥150,218410
20230703,코스닥150,049070
20230703,코스닥150,036830
20230703,코스닥150,082270
20230703,코스닥150,200130
20230703,코스닥150,182400
20230703,코스닥150,091120
20230703,코스닥150,091700
20230703,코스닥150,323990
20230703,코스닥150,299900
20230703,코스닥150,215600
20230703,코스닥150,007390
20230703,코스닥150,032190
20230703,코스닥150,084850
20230703,코스닥150,060720
20230703,코스닥150,036810
20230703,코스닥150,068240
20230703,코스닥150,033640
20230703,코스닥150,006730
20230703,코스닥150,089980
20230703,코스닥150,041960
20230703,코스닥150,095700
20230703,코스닥150,095610
20230703,코스닥150,033290
20230703,코스닥150,235980
20230703,코스닥150,060250
20230703,코스닥150,060150
20230703,코스닥150,104830
20230703,코스닥150,092040
20230703,코스닥150,025770
20230703,코스닥150,061970
20230703,코스닥150,038500
20230703,코스닥150,029960
20230703,코스닥150,030520
20230703,코스닥150,035600
20230703,코스닥150,298540
20230703,코스닥150,267980
20230703,코스닥150,041190
20230703,코스닥150,080160
20230703,코스닥150,205470
20230703,코스닥150,086390
20230703,코스닥150,030530
20230703,코스닥150,027360
20230703,코스닥150,230240
20230703,코스닥150,084990
20230703,코스닥150,064260
20230703,코스닥150,294570
20230703,코스닥150,038540
20230703,코스닥150,104480
20230703,코스닥150,003100
20230801,코스피200,005930
20230801,코스피200,373220
20230801,코스피200,000660
20230801,코스피200,207940
20230801,코스피200,005490
20230801,코스피200,051910
20230801,코스피200,006400
20230801,코스피200,005380
20230801,코스피200,003670
20230801,코스피200,035420
20230801,코스피200,000270
20230801,코스피200,035720
20230801,코스피200,012330
20230801,코스피200,068270
20230801,코스피200,105560
20230801,코스피200,028260
20230801,코스피200,096770
20230801,코스피200,055550
20230801,코스피200,066570
20230801,코스피200,047050
20230801,코스피200,323410
20230801,코스피200,032830
20230801,코스피200,003550
20230801,코스피200,015760
20230801,코스피200,329180
20230801,코스피200,086790
20230801,코스피200,009150
20230801,코스피200,034730
20230801,코스피200,033780
20230801,코스피200,000810
20230801,코스피200,034020
20230801,코스피200,018260
20230801,코스피200,352820
20230801,코스피200,042660
20230801,코스피200,138040
20230801,코스피200,017670
20230801,코스피200,010130
20230801,코스피200,003490
20230801,코스피200,001570
20230801,코스피200,011200
20230801,코스피200,009540
20230801,코스피200,259960
20230801,코스피200,316140
20230801,코스피200,010950
20230801,코스피200,024110
20230801,코스피200,030200
20230801,코스피200,010140
20230801,코스피200,361610
20230801,코스피200,028050
20230801,코스피200,377300
20230801,코스피200,326030
20230801,코스피200,011170
20230801,코스피200,051900
20230801,코스피200,009830
20230801,코스피200,090430
20230801,코스피200,402340
20230801,코스피200,086280
20230801,코스피200,011070
20230801,코스피200,036570
20230801,코스피200,012450
20230801,코스피200,302440
20230801,코스피200,241560
20230801,코스피200,000100
20230801,코스피200,161390
20230801,코스피200,005830
20230801,코스피200,034220
20230801,코스피200,267250
20230801,코스피200,004020
20230801,코스피200,047810
20230801,코스피200,271560
20230801,코스피200,018880
20230801,코스피200,251270
20230801,코스피200,032640
20230801,코스피200,097950
20230801,코스피200,000720
20230801,코스피200,006800
20230801,코스피200,383220
20230801,코스피200,011790
20230801,코스피200,010620
20230801,코스피200,011780
20230801,코스피200,006260
20230801,코스피200,078930
20230801,코스피200,128940
20230801,코스피200,029780
20230801,코스피200,005940
20230801,코스피200,064350
20230801,코스피200,035250
20230801,코스피200,016360
20230801,코스피200,021240
20230801,코스피200,112610
20230801,코스피200,180640
20230801,코스피200,272210
20230801,코스피200,282330
20230801,코스피200,010120
20230801,코스피200,008770
20230801,코스피200,000990
20230801,코스피200,039490
20230801,코스피200,071050
20230801,코스피200,004990
20230801,코스피200,052690
20230801,코스피200,003410
20230801,코스피200,001450
20230801,코스피200,020150
20230801,코스피200,028670
20230801,코스피200,111770
20230801,코스피200,002790
20230801,코스피200,004370
20230801,코스피200,081660
20230801,코스피200,036460
20230801,코스피200,042670
20230801,코스피200,008930
20230801,코스피200,000880
20230801,코스피200,007070
20230801,코스피200,014680
20230801,코스피200,204320
20230801,코스피200,138930
20230801,코스피200,139480
20230801,코스피200,030000
20230801,코스피200,012750
20230801,코스피200,298050
20230801,코스피200,088350
20230801,코스피200,023530
20230801,코스피200,000150
20230801,코스피200,001040
20230801,코스피200,002380
20230801,코스피200,004170
20230801,코스피200,336260
20230801,코스피200,010060
20230801,코스피200,026960
20230801,코스피200,047040
20230801,코스피200,005420
20230801,코스피200,000120
20230801,코스피200,001440
20230801,코스피200,004000
20230801,코스피200,175330
20230801,코스피200,011210
20230801,코스피200,017800
20230801,코스피200,079550
20230801,코스피200,005850
20230801,코스피200,000080
20230801,코스피200,001120
20230801,코스피200,007310
20230801,코스피200,298020
20230801,코스피200,073240
20230801,코스피200,120110
20230801,코스피200,051600
20230801,코스피200,001740
20230801,코스피200,004800
20230801,코스피200,006280
20230801,코스피200,006360
20230801,코스피200,139130
20230801,코스피200,069620
20230801,코스피200,069960
20230801,코스피200,093370
20230801,코스피200,137310
20230801,코스피200,009420
20230801,코스피200,000240
20230801,코스피200,000670
20230801,코스피200,005300
20230801,코스피200,009240
20230801,코스피200,009900
20230801,코스피200,010780
20230801,코스피200,375500
20230801,코스피200,019170
20230801,코스피200,103140
20230801,코스피200,161890
20230801,코스피200,192820
20230801,코스피200,285130
20230801,코스피200,014820
20230801,코스피200,000210
20230801,코스피200,001800
20230801,코스피200,003230
20230801,코스피200,006650
20230801,코스피200,008730
20230801,코스피200,016380
20230801,코스피200,300720
20230801,코스피200,069260
20230801,코스피200,114090
20230801,코스피200,178920
20230801,코스피200,185750
20230801,코스피200,271940
20230801,코스피200,280360
20230801,코스피200,020560
20230801,코스피200,003090
20230801,코스피200,003240
20230801,코스피200,004490
20230801,코스피200,005250
20230801,코스피200,294870
20230801,코스피200,039130
20230801,코스피200,105630
20230801,코스피200,192080
20230801,코스피200,032350
20230801,코스피200,001680
20230801,코스피200,003850
20230801,코스피200,013890
20230801,코스피200,381970
20230801,코스피200,031430
20230801,코스피200,057050
20230801,코스피200,284740
20230801,코스피200,020000
20230801,코스닥150,247540
20230801,코스닥150,086520
20230801,코스닥150,091990
20230801,코스닥150,066970
20230801,코스닥150,022100
20230801,코스닥150,035900
20230801,코스닥150,028300
20230801,코스닥150,263750
20230801,코스닥150,068760
20230801,코스닥150,041510
20230801,코스닥150,403870
20230801,코스닥150,393890
20230801,코스닥150,293490
20230801,코스닥150,058470
20230801,코스닥150,214370
20230801,코스닥150,277810
20230801,코스닥150,196170
20230801,코스닥150,357780
20230801,코스닥150,005290
20230801,코스닥150,039030
20230801,코스닥150,214150
20230801,코스닥150,278280
20230801,코스닥150,121600
20230801,코스닥150,095340
20230801,코스닥150,137400
20230801,코스닥150,240810
20230801,코스닥150,372170
20230801,코스닥150,365340
20230801,코스닥150,086900
20230801,코스닥150,253450
20230801,코스닥150,078600
20230801,코스닥150,000250
20230801,코스닥150,009520
20230801,코스닥150,225570
20230801,코스닥150,035760
20230801,코스닥150,237690
20230801,코스닥150,036930
20230801,코스닥150,140860
20230801,코스닥150,214450
20230801,코스닥150,122870
20230801,코스닥150,056190
20230801,코스닥150,039200
20230801,코스닥150,034230
20230801,코스닥150,383310
20230801,코스닥150,281740
20230801,코스닥150,145020
20230801,코스닥150,112040
20230801,코스닥150,140410
20230801,코스닥150,096530
20230801,코스닥150,064760
20230801,코스닥150,064550
20230801,코스닥150,348370
20230801,코스닥150,222800
20230801,코스닥150,101490
20230801,코스닥150,067310
20230801,코스닥150,213420
20230801,코스닥150,015750
20230801,코스닥150,067160
20230801,코스닥150,036540
20230801,코스닥150,048410
20230801,코스닥150,166090
20230801,코스닥150,085370
20230801,코스닥150,067630
20230801,코스닥150,098460
20230801,코스닥150,298380
20230801,코스닥150,195940
20230801,코스닥150,141080
20230801,코스닥150,348210
20230801,코스닥150,272290
20230801,코스닥150,189300
20230801,코스닥150,376300
20230801,코스닥150,290650
20230801,코스닥150,287410
20230801,코스닥150,003380
20230801,코스닥150,294090
20230801,코스닥150,084370
20230801,코스닥150,025900
20230801,코스닥150,222080
20230801,코스닥150,074600
20230801,코스닥150,095500
20230801,코스닥150,085660
20230801,코스닥150,078340
20230801,코스닥150,131970
20230801,코스닥150,046890
20230801,코스닥150,319660
20230801,코스닥150,178320
20230801,코스닥150,052020
20230801,코스닥150,183300
20230801,코스닥150,091120
20230801,코스닥150,053800
20230801,코스닥150,036810
20230801,코스닥150,215000
20230801,코스닥150,086450
20230801,코스닥150,025980
20230801,코스닥150,030190
20230801,코스닥150,323990
20230801,코스닥150,215200
20230801,코스닥150,144510
20230801,코스닥150,036830
20230801,코스닥150,131290
20230801,코스닥150,073570
20230801,코스닥150,006730
20230801,코스닥150,049070
20230801,코스닥150,032190
20230801,코스닥150,033640
20230801,코스닥150,082270
20230801,코스닥150,119860
20230801,코스닥150,299900
20230801,코스닥150,200130
20230801,코스닥150,218410
20230801,코스닥150,182400
20230801,코스닥150,007390
20230801,코스닥150,032500
20230801,코스닥150,084850
20230801,코스닥150,068240
20230801,코스닥150,060720
20230801,코스닥150,215600
20230801,코스닥150,091700
20230801,코스닥150,095610
20230801,코스닥150,095700
20230801,코스닥150,089980
20230801,코스닥150,033290
20230801,코스닥150,060150
20230801,코스닥150,041960
20230801,코스닥150,016790
20230801,코스닥150,038500
20230801,코스닥150,104830
20230801,코스닥150,061970
20230801,코스닥150,092040
20230801,코스닥150,060250
20230801,코스닥150,030520
20230801,코스닥150,029960
20230801,코스닥150,025770
20230801,코스닥150,035600
20230801,코스닥150,298540
20230801,코스닥150,235980
20230801,코스닥150,267980
20230801,코스닥150,205470
20230801,코스닥150,041190
20230801,코스닥150,086390
20230801,코스닥150,080160
20230801,코스닥150,027360
20230801,코스닥150,230240
20230801,코스닥150,064260
20230801,코스닥150,030530
20230801,코스닥150,038540
20230801,코스닥150,294570
20230801,코스닥150,084990
20230801,코스닥150,104480
20230801,코스닥150,003100
20230901,코스피200,005930
20230901,코스피200,373220
20230901,코스피200,000660
20230901,코스피200,207940
20230901,코스피200,005490
20230901,코스피200,006400
20230901,코스피200,051910
20230901,코스피200,005380
20230901,코스피200,035420
20230901,코스피200,003670
20230901,코스피200,000270
20230901,코스피200,012330
20230901,코스피200,035720
20230901,코스피200,105560
20230901,코스피200,068270
20230901,코스피200,028260
20230901,코스피200,055550
20230901,코스피200,096770
20230901,코스피200,066570
20230901,코스피200,047050
20230901,코스피200,032830
20230901,코스피200,003550
20230901,코스피200,323410
20230901,코스피200,033780
20230901,코스피200,000810
20230901,코스피200,086790
20230901,코스피200,015760
20230901,코스피200,329180
20230901,코스피200,138040
20230901,코스피200,034020
20230901,코스피200,018260
20230901,코스피200,034730
20230901,코스피200,009150
20230901,코스피200,017670
20230901,코스피200,010130
20230901,코스피200,352820
20230901,코스피200,316140
20230901,코스피200,009540
20230901,코스피200,024110
20230901,코스피200,030200
20230901,코스피200,003490
20230901,코스피200,011200
20230901,코스피200,010950
20230901,코스피200,090430
20230901,코스피200,051900
20230901,코스피200,042660
20230901,코스피200,259960
20230901,코스피200,010140
20230901,코스피200,001570
20230901,코스피200,086280
20230901,코스피200,028050
20230901,코스피200,326030
20230901,코스피200,011070
20230901,코스피200,402340
20230901,코스피200,009830
20230901,코스피200,377300
20230901,코스피200,361610
20230901,코스피200,012450
20230901,코스피200,005830
20230901,코스피200,011170
20230901,코스피200,036570
20230901,코스피200,302440
20230901,코스피200,000100
20230901,코스피200,241560
20230901,코스피200,004020
20230901,코스피200,047810
20230901,코스피200,161390
20230901,코스피200,271560
20230901,코스피200,034220
20230901,코스피200,018880
20230901,코스피200,032640
20230901,코스피200,267250
20230901,코스피200,097950
20230901,코스피200,006800
20230901,코스피200,000720
20230901,코스피200,383220
20230901,코스피200,251270
20230901,코스피200,128940
20230901,코스피200,008770
20230901,코스피200,078930
20230901,코스피200,011780
20230901,코스피200,029780
20230901,코스피200,010620
20230901,코스피200,005940
20230901,코스피200,011790
20230901,코스피200,064350
20230901,코스피200,035250
20230901,코스피200,016360
20230901,코스피200,021240
20230901,코스피200,006260
20230901,코스피200,180640
20230901,코스피200,002790
20230901,코스피200,071050
20230901,코스피200,004370
20230901,코스피200,010120
20230901,코스피200,003410
20230901,코스피200,112610
20230901,코스피200,282330
20230901,코스피200,039490
20230901,코스피200,004990
20230901,코스피200,001450
20230901,코스피200,272210
20230901,코스피200,052690
20230901,코스피200,007070
20230901,코스피200,000990
20230901,코스피200,008930
20230901,코스피200,020150
20230901,코스피200,028670
20230901,코스피200,036460
20230901,코스피200,081660
20230901,코스피200,111770
20230901,코스피200,001040
20230901,코스피200,012750
20230901,코스피200,138930
20230901,코스피200,088350
20230901,코스피200,030000
20230901,코스피200,000120
20230901,코스피200,000150
20230901,코스피200,000880
20230901,코스피200,002380
20230901,코스피200,004170
20230901,코스피200,014680
20230901,코스피200,298050
20230901,코스피200,042670
20230901,코스피200,047040
20230901,코스피200,139480
20230901,코스피200,175330
20230901,코스피200,204320
20230901,코스피200,023530
20230901,코스피200,017800
20230901,코스피200,192820
20230901,코스피200,079550
20230901,코스피200,026960
20230901,코스피200,001440
20230901,코스피200,001740
20230901,코스피200,004000
20230901,코스피200,005420
20230901,코스피200,336260
20230901,코스피200,011210
20230901,코스피200,069960
20230901,코스피200,137310
20230901,코스피200,005850
20230901,코스피200,000080
20230901,코스피200,003230
20230901,코스피200,007310
20230901,코스피200,009240
20230901,코스피200,298020
20230901,코스피200,051600
20230901,코스피200,073240
20230901,코스피200,120110
20230901,코스피200,010060
20230901,코스피200,001120
20230901,코스피200,004800
20230901,코스피200,005300
20230901,코스피200,006280
20230901,코스피200,006360
20230901,코스피200,375500
20230901,코스피200,032350
20230901,코스피200,069620
20230901,코스피200,139130
20230901,코스피200,161890
20230901,코스피200,009420
20230901,코스피200,000240
20230901,코스피200,000670
20230901,코스피200,009900
20230901,코스피200,014820
20230901,코스피200,285130
20230901,코스피200,103140
20230901,코스피200,114090
20230901,코스피200,185750
20230901,코스피200,280360
20230901,코스피200,093370
20230901,코스피200,001800
20230901,코스피200,003090
20230901,코스피200,004490
20230901,코스피200,006650
20230901,코스피200,010780
20230901,코스피200,016380
20230901,코스피200,300720
20230901,코스피200,020560
20230901,코스피200,069260
20230901,코스피200,105630
20230901,코스피200,178920
20230901,코스피200,271940
20230901,코스피200,019170
20230901,코스피200,000210
20230901,코스피200,001680
20230901,코스피200,003240
20230901,코스피200,005250
20230901,코스피200,294870
20230901,코스피200,031430
20230901,코스피200,039130
20230901,코스피200,192080
20230901,코스피200,008730
20230901,코스피200,003850
20230901,코스피200,013890
20230901,코스피200,381970
20230901,코스피200,057050
20230901,코스피200,284740
20230901,코스피200,020000
20230901,코스닥150,086520
20230901,코스닥150,247540
20230901,코스닥150,091990
20230901,코스닥150,022100
20230901,코스닥150,066970
20230901,코스닥150,035900
20230901,코스닥150,028300
20230901,코스닥150,041510
20230901,코스닥150,277810
20230901,코스닥150,263750
20230901,코스닥150,403870
20230901,코스닥150,068760
20230901,코스닥150,058470
20230901,코스닥150,214150
20230901,코스닥150,293490
20230901,코스닥150,196170
20230901,코스닥150,039030
20230901,코스닥150,214370
20230901,코스닥150,393890
20230901,코스닥150,000250
20230901,코스닥150,357780
20230901,코스닥150,086900
20230901,코스닥150,005290
20230901,코스닥150,121600
20230901,코스닥150,095340
20230901,코스닥150,137400
20230901,코스닥150,240810
20230901,코스닥150,034230
20230901,코스닥150,253450
20230901,코스닥150,365340
20230901,코스닥150,078600
20230901,코스닥150,140410
20230901,코스닥150,237690
20230901,코스닥150,278280
20230901,코스닥150,372170
20230901,코스닥150,122870
20230901,코스닥150,145020
20230901,코스닥150,140860
20230901,코스닥150,214450
20230901,코스닥150,383310
20230901,코스닥150,036930
20230901,코스닥150,067310
20230901,코스닥150,035760
20230901,코스닥150,009520
20230901,코스닥150,222800
20230901,코스닥150,056190
20230901,코스닥150,112040
20230901,코스닥150,096530
20230901,코스닥150,064760
20230901,코스닥150,225570
20230901,코스닥150,213420
20230901,코스닥150,048410
20230901,코스닥150,064550
20230901,코스닥150,287410
20230901,코스닥150,281740
20230901,코스닥150,101490
20230901,코스닥150,348370
20230901,코스닥150,195940
20230901,코스닥150,039200
20230901,코스닥150,091120
20230901,코스닥150,085370
20230901,코스닥150,166090
20230901,코스닥150,085660
20230901,코스닥150,067160
20230901,코스닥150,376300
20230901,코스닥150,084370
20230901,코스닥150,189300
20230901,코스닥150,141080
20230901,코스닥150,098460
20230901,코스닥150,036540
20230901,코스닥150,016790
20230901,코스닥150,348210
20230901,코스닥150,067630
20230901,코스닥150,036830
20230901,코스닥150,298380
20230901,코스닥150,294090
20230901,코스닥150,290650
20230901,코스닥150,003380
20230901,코스닥150,131970
20230901,코스닥150,015750
20230901,코스닥150,074600
20230901,코스닥150,272290
20230901,코스닥150,222080
20230901,코스닥150,025980
20230901,코스닥150,025900
20230901,코스닥150,046890
20230901,코스닥150,323990
20230901,코스닥150,053800
20230901,코스닥150,033290
20230901,코스닥150,095500
20230901,코스닥150,086450
20230901,코스닥150,052020
20230901,코스닥150,215200
20230901,코스닥150,178320
20230901,코스닥150,078340
20230901,코스닥150,006730
20230901,코스닥150,032190
20230901,코스닥150,144510
20230901,코스닥150,319660
20230901,코스닥150,183300
20230901,코스닥150,215000
20230901,코스닥150,182400
20230901,코스닥150,200130
20230901,코스닥150,084850
20230901,코스닥150,119860
20230901,코스닥150,082270
20230901,코스닥150,049070
20230901,코스닥150,068240
20230901,코스닥150,299900
20230901,코스닥150,215600
20230901,코스닥150,131290
20230901,코스닥150,091700
20230901,코스닥150,036810
20230901,코스닥150,007390
20230901,코스닥150,218410
20230901,코스닥150,032500
20230901,코스닥150,101670
20230901,코스닥150,033640
20230901,코스닥150,095610
20230901,코스닥150,073570
20230901,코스닥150,060150
20230901,코스닥150,095700
20230901,코스닥150,089980
20230901,코스닥150,025770
20230901,코스닥150,060720
20230901,코스닥150,060250
20230901,코스닥150,038500
20230901,코스닥150,029960
20230901,코스닥150,030520
20230901,코스닥150,041960
20230901,코스닥150,267980
20230901,코스닥150,104830
20230901,코스닥150,230240
20230901,코스닥150,092040
20230901,코스닥150,061970
20230901,코스닥150,298540
20230901,코스닥150,205470
20230901,코스닥150,035600
20230901,코스닥150,041190
20230901,코스닥150,235980
20230901,코스닥150,086390
20230901,코스닥150,080160
20230901,코스닥150,027360
20230901,코스닥150,030530
20230901,코스닥150,064260
20230901,코스닥150,038540
20230901,코스닥150,294570
20230901,코스닥150,084990
20230901,코스닥150,104480
20230901,코스닥150,003100
20231004,코스피200,005930
20231004,코스피200,373220
20231004,코스피200,000660
20231004,코스피200,207940
20231004,코스피200,005490
20231004,코스피200,005380
20231004,코스피200,051910
20231004,코스피200,006400
20231004,코스피200,000270
20231004,코스피200,035420
20231004,코스피200,003670
20231004,코스피200,012330
20231004,코스피200,105560
20231004,코스피200,068270
20231004,코스피200,028260
20231004,코스피200,035720
20231004,코스피200,055550
20231004,코스피200,066570
20231004,코스피200,032830
20231004,코스피200,096770
20231004,코스피200,003550
20231004,코스피200,000810
20231004,코스피200,086790
20231004,코스피200,047050
20231004,코스피200,033780
20231004,코스피200,015760
20231004,코스피200,138040
20231004,코스피200,323410
20231004,코스피200,017670
20231004,코스피200,018260
20231004,코스피200,329180
20231004,코스피200,034020
20231004,코스피200,034730
20231004,코스피200,009150
20231004,코스피200,010130
20231004,코스피200,352820
20231004,코스피200,316140
20231004,코스피200,024110
20231004,코스피200,030200
20231004,코스피200,010950
20231004,코스피200,011200
20231004,코스피200,003490
20231004,코스피200,009540
20231004,코스피200,090430
20231004,코스피200,259960
20231004,코스피200,001570
20231004,코스피200,051900
20231004,코스피200,086280
20231004,코스피200,010140
20231004,코스피200,005830
20231004,코스피200,326030
20231004,코스피200,042660
20231004,코스피200,000100
20231004,코스피200,402340
20231004,코스피200,011070
20231004,코스피200,028050
20231004,코스피200,011170
20231004,코스피200,377300
20231004,코스피200,012450
20231004,코스피200,271560
20231004,코스피200,302440
20231004,코스피200,361610
20231004,코스피200,018880
20231004,코스피200,267250
20231004,코스피200,241560
20231004,코스피200,004020
20231004,코스피200,009830
20231004,코스피200,032640
20231004,코스피200,047810
20231004,코스피200,036570
20231004,코스피200,161390
20231004,코스피200,034220
20231004,코스피200,383220
20231004,코스피200,097950
20231004,코스피200,000720
20231004,코스피200,011780
20231004,코스피200,128940
20231004,코스피200,078930
20231004,코스피200,006800
20231004,코스피200,251270
20231004,코스피200,029780
20231004,코스피200,005940
20231004,코스피200,006260
20231004,코스피200,010620
20231004,코스피200,008770
20231004,코스피200,016360
20231004,코스피200,035250
20231004,코스피200,021240
20231004,코스피200,001450
20231004,코스피200,004370
20231004,코스피200,071050
20231004,코스피200,064350
20231004,코스피200,003410
20231004,코스피200,004990
20231004,코스피200,010120
20231004,코스피200,011790
20231004,코스피200,028670
20231004,코스피200,180640
20231004,코스피200,002790
20231004,코스피200,088350
20231004,코스피200,007070
20231004,코스피200,001040
20231004,코스피200,030000
20231004,코스피200,282330
20231004,코스피200,052690
20231004,코스피200,272210
20231004,코스피200,039490
20231004,코스피200,000990
20231004,코스피200,002380
20231004,코스피200,008930
20231004,코스피200,012750
20231004,코스피200,138930
20231004,코스피200,081660
20231004,코스피200,111770
20231004,코스피200,112610
20231004,코스피200,036460
20231004,코스피200,023530
20231004,코스피200,204320
20231004,코스피200,042670
20231004,코스피200,000120
20231004,코스피200,000150
20231004,코스피200,000880
20231004,코스피200,004170
20231004,코스피200,175330
20231004,코스피200,014680
20231004,코스피200,079550
20231004,코스피200,139480
20231004,코스피200,009420
20231004,코스피200,011210
20231004,코스피200,017800
20231004,코스피200,298050
20231004,코스피200,026960
20231004,코스피200,047040
20231004,코스피200,020150
20231004,코스피200,001440
20231004,코스피200,003230
20231004,코스피200,004000
20231004,코스피200,298020
20231004,코스피200,007310
20231004,코스피200,010060
20231004,코스피200,051600
20231004,코스피200,005850
20231004,코스피200,000080
20231004,코스피200,001740
20231004,코스피200,004800
20231004,코스피200,009240
20231004,코스피200,192820
20231004,코스피200,073240
20231004,코스피200,137310
20231004,코스피200,139130
20231004,코스피200,069960
20231004,코스피200,005300
20231004,코스피200,005420
20231004,코스피200,006280
20231004,코스피200,006360
20231004,코스피200,069620
20231004,코스피200,375500
20231004,코스피200,161890
20231004,코스피200,185750
20231004,코스피200,285130
20231004,코스피200,336260
20231004,코스피200,120110
20231004,코스피200,000240
20231004,코스피200,000670
20231004,코스피200,001120
20231004,코스피200,280360
20231004,코스피200,003090
20231004,코스피200,093370
20231004,코스피200,114090
20231004,코스피200,001800
20231004,코스피200,000210
20231004,코스피200,300720
20231004,코스피200,006650
20231004,코스피200,009900
20231004,코스피200,010780
20231004,코스피200,014820
20231004,코스피200,016380
20231004,코스피200,019170
20231004,코스피200,032350
20231004,코스피200,069260
20231004,코스피200,103140
20231004,코스피200,105630
20231004,코스피200,178920
20231004,코스피200,271940
20231004,코스피200,004490
20231004,코스피200,001680
20231004,코스피200,003240
20231004,코스피200,003850
20231004,코스피200,005250
20231004,코스피200,294870
20231004,코스피200,020560
20231004,코스피200,031430
20231004,코스피200,039130
20231004,코스피200,192080
20231004,코스피200,008730
20231004,코스피200,020000
20231004,코스피200,381970
20231004,코스피200,284740
20231004,코스피200,057050
20231004,코스피200,013890
20231004,코스닥150,247540
20231004,코스닥150,086520
20231004,코스닥150,091990
20231004,코스닥150,022100
20231004,코스닥150,066970
20231004,코스닥150,028300
20231004,코스닥150,035900
20231004,코스닥150,196170
20231004,코스닥150,277810
20231004,코스닥150,041510
20231004,코스닥150,263750
20231004,코스닥150,068760
20231004,코스닥150,403870
20231004,코스닥150,058470
20231004,코스닥150,214150
20231004,코스닥150,293490
20231004,코스닥150,214370
20231004,코스닥150,357780
20231004,코스닥150,005290
20231004,코스닥150,000250
20231004,코스닥150,039030
20231004,코스닥150,145020
20231004,코스닥150,086900
20231004,코스닥150,393890
20231004,코스닥150,240810
20231004,코스닥150,121600
20231004,코스닥150,253450
20231004,코스닥150,034230
20231004,코스닥150,237690
20231004,코스닥150,137400
20231004,코스닥150,095340
20231004,코스닥150,372170
20231004,코스닥150,036930
20231004,코스닥150,365340
20231004,코스닥150,078600
20231004,코스닥150,214450
20231004,코스닥150,035760
20231004,코스닥150,222800
20231004,코스닥150,112040
20231004,코스닥150,278280
20231004,코스닥150,016790
20231004,코스닥150,025900
20231004,코스닥150,195940
20231004,코스닥150,140410
20231004,코스닥150,140860
20231004,코스닥150,067310
20231004,코스닥150,056190
20231004,코스닥150,009520
20231004,코스닥150,039200
20231004,코스닥150,122870
20231004,코스닥150,048410
20231004,코스닥150,096530
20231004,코스닥150,064760
20231004,코스닥150,213420
20231004,코스닥150,383310
20231004,코스닥150,085660
20231004,코스닥150,166090
20231004,코스닥150,141080
20231004,코스닥150,067630
20231004,코스닥150,376300
20231004,코스닥150,225570
20231004,코스닥150,101490
20231004,코스닥150,067160
20231004,코스닥150,298380
20231004,코스닥150,281740
20231004,코스닥150,064550
20231004,코스닥150,098460
20231004,코스닥150,084370
20231004,코스닥150,348370
20231004,코스닥150,287410
20231004,코스닥150,189300
20231004,코스닥150,091120
20231004,코스닥150,036540
20231004,코스닥150,003380
20231004,코스닥150,290650
20231004,코스닥150,294090
20231004,코스닥150,074600
20231004,코스닥150,015750
20231004,코스닥150,222080
20231004,코스닥150,086450
20231004,코스닥150,025980
20231004,코스닥150,033290
20231004,코스닥150,272290
20231004,코스닥150,131970
20231004,코스닥150,053800
20231004,코스닥150,046890
20231004,코스닥150,348210
20231004,코스닥150,215200
20231004,코스닥150,215000
20231004,코스닥150,036830
20231004,코스닥150,052020
20231004,코스닥150,178320
20231004,코스닥150,078340
20231004,코스닥150,319660
20231004,코스닥150,068240
20231004,코스닥150,215600
20231004,코스닥150,095500
20231004,코스닥150,183300
20231004,코스닥150,007390
20231004,코스닥150,084850
20231004,코스닥150,082270
20231004,코스닥150,032500
20231004,코스닥150,032190
20231004,코스닥150,043150
20231004,코스닥150,091700
20231004,코스닥150,200130
20231004,코스닥150,131290
20231004,코스닥150,144510
20231004,코스닥150,182400
20231004,코스닥150,119860
20231004,코스닥150,049070
20231004,코스닥150,006730
20231004,코스닥150,299900
20231004,코스닥150,036810
20231004,코스닥150,323990
20231004,코스닥150,095610
20231004,코스닥150,033640
20231004,코스닥150,218410
20231004,코스닥150,041960
20231004,코스닥150,095700
20231004,코스닥150,029960
20231004,코스닥150,038500
20231004,코스닥150,298540
20231004,코스닥150,060720
20231004,코스닥150,267980
20231004,코스닥150,060150
20231004,코스닥150,025770
20231004,코스닥150,104830
20231004,코스닥150,060250
20231004,코스닥150,030520
20231004,코스닥150,073570
20231004,코스닥150,205470
20231004,코스닥150,089980
20231004,코스닥150,080160
20231004,코스닥150,035600
20231004,코스닥150,230240
20231004,코스닥150,101670
20231004,코스닥150,038540
20231004,코스닥150,092040
20231004,코스닥150,061970
20231004,코스닥150,041190
20231004,코스닥150,027360
20231004,코스닥150,086390
20231004,코스닥150,030530
20231004,코스닥150,064260
20231004,코스닥150,294570
20231004,코스닥150,235980
20231004,코스닥150,084990
20231004,코스닥150,104480
20231004,코스닥150,003100
20231101,코스피200,005930
20231101,코스피200,373220
20231101,코스피200,000660
20231101,코스피200,207940
20231101,코스피200,005380
20231101,코스피200,005490
20231101,코스피200,000270
20231101,코스피200,035420
20231101,코스피200,051910
20231101,코스피200,006400
20231101,코스피200,068270
20231101,코스피200,105560
20231101,코스피200,012330
20231101,코스피200,028260
20231101,코스피200,055550
20231101,코스피200,003670
20231101,코스피200,035720
20231101,코스피200,066570
20231101,코스피200,032830
20231101,코스피200,000810
20231101,코스피200,003550
20231101,코스피200,096770
20231101,코스피200,086790
20231101,코스피200,033780
20231101,코스피200,017670
20231101,코스피200,138040
20231101,코스피200,018260
20231101,코스피200,015760
20231101,코스피200,034730
20231101,코스피200,352820
20231101,코스피200,010130
20231101,코스피200,009150
20231101,코스피200,316140
20231101,코스피200,047050
20231101,코스피200,329180
20231101,코스피200,024110
20231101,코스피200,323410
20231101,코스피200,034020
20231101,코스피200,030200
20231101,코스피200,259960
20231101,코스피200,090430
20231101,코스피200,003490
20231101,코스피200,010950
20231101,코스피200,011200
20231101,코스피200,009540
20231101,코스피200,005830
20231101,코스피200,086280
20231101,코스피200,011170
20231101,코스피200,010140
20231101,코스피200,402340
20231101,코스피200,326030
20231101,코스피200,012450
20231101,코스피200,009830
20231101,코스피200,001570
20231101,코스피200,011070
20231101,코스피200,051900
20231101,코스피200,042660
20231101,코스피200,036570
20231101,코스피200,271560
20231101,코스피200,161390
20231101,코스피200,028050
20231101,코스피200,302440
20231101,코스피200,377300
20231101,코스피200,032640
20231101,코스피200,047810
20231101,코스피200,000100
20231101,코스피200,004020
20231101,코스피200,267250
20231101,코스피200,097950
20231101,코스피200,034220
20231101,코스피200,006800
20231101,코스피200,361610
20231101,코스피200,241560
20231101,코스피200,029780
20231101,코스피200,018880
20231101,코스피200,078930
20231101,코스피200,000720
20231101,코스피200,383220
20231101,코스피200,128940
20231101,코스피200,021240
20231101,코스피200,251270
20231101,코스피200,011780
20231101,코스피200,035250
20231101,코스피200,016360
20231101,코스피200,005940
20231101,코스피200,180640
20231101,코스피200,011790
20231101,코스피200,004370
20231101,코스피200,001450
20231101,코스피200,071050
20231101,코스피200,004990
20231101,코스피200,003410
20231101,코스피200,010620
20231101,코스피200,007070
20231101,코스피200,006260
20231101,코스피200,282330
20231101,코스피200,064350
20231101,코스피200,001040
20231101,코스피200,002790
20231101,코스피200,008770
20231101,코스피200,028670
20231101,코스피200,088350
20231101,코스피200,111770
20231101,코스피200,272210
20231101,코스피200,000990
20231101,코스피200,008930
20231101,코스피200,138930
20231101,코스피200,081660
20231101,코스피200,030000
20231101,코스피200,002380
20231101,코스피200,010060
20231101,코스피200,012750
20231101,코스피200,023530
20231101,코스피200,175330
20231101,코스피200,039490
20231101,코스피200,052690
20231101,코스피200,139480
20231101,코스피200,036460
20231101,코스피200,010120
20231101,코스피200,112610
20231101,코스피200,079550
20231101,코스피200,000120
20231101,코스피200,000880
20231101,코스피200,026960
20231101,코스피200,014680
20231101,코스피200,020150
20231101,코스피200,004170
20231101,코스피200,000080
20231101,코스피200,007310
20231101,코스피200,009420
20231101,코스피200,298050
20231101,코스피200,047040
20231101,코스피200,204320
20231101,코스피200,298020
20231101,코스피200,017800
20231101,코스피200,001440
20231101,코스피200,003230
20231101,코스피200,004000
20231101,코스피200,192820
20231101,코스피200,005850
20231101,코스피200,011210
20231101,코스피200,051600
20231101,코스피200,005300
20231101,코스피200,000150
20231101,코스피200,001740
20231101,코스피200,004800
20231101,코스피200,042670
20231101,코스피200,069960
20231101,코스피200,375500
20231101,코스피200,120110
20231101,코스피200,137310
20231101,코스피200,139130
20231101,코스피200,161890
20231101,코스피200,073240
20231101,코스피200,000240
20231101,코스피200,005420
20231101,코스피200,006280
20231101,코스피200,006360
20231101,코스피200,336260
20231101,코스피200,069620
20231101,코스피200,185750
20231101,코스피200,280360
20231101,코스피200,009240
20231101,코스피200,001120
20231101,코스피200,001800
20231101,코스피200,003090
20231101,코스피200,006650
20231101,코스피200,285130
20231101,코스피200,093370
20231101,코스피200,103140
20231101,코스피200,105630
20231101,코스피200,114090
20231101,코스피200,069260
20231101,코스피200,000210
20231101,코스피200,000670
20231101,코스피200,009900
20231101,코스피200,010780
20231101,코스피200,014820
20231101,코스피200,300720
20231101,코스피200,020560
20231101,코스피200,032350
20231101,코스피200,178920
20231101,코스피200,192080
20231101,코스피200,294870
20231101,코스피200,016380
20231101,코스피200,001680
20231101,코스피200,003240
20231101,코스피200,003850
20231101,코스피200,004490
20231101,코스피200,271940
20231101,코스피200,008730
20231101,코스피200,019170
20231101,코스피200,039130
20231101,코스피200,005250
20231101,코스피200,020000
20231101,코스피200,031430
20231101,코스피200,381970
20231101,코스피200,284740
20231101,코스피200,057050
20231101,코스피200,013890
20231101,코스닥150,247540
20231101,코스닥150,086520
20231101,코스닥150,091990
20231101,코스닥150,022100
20231101,코스닥150,066970
20231101,코스닥150,028300
20231101,코스닥150,035900
20231101,코스닥150,196170
20231101,코스닥150,263750
20231101,코스닥150,277810
20231101,코스닥150,403870
20231101,코스닥150,068760
20231101,코스닥150,041510
20231101,코스닥150,214150
20231101,코스닥150,058470
20231101,코스닥150,293490
20231101,코스닥150,357780
20231101,코스닥150,039030
20231101,코스닥150,145020
20231101,코스닥150,005290
20231101,코스닥150,048410
20231101,코스닥150,253450
20231101,코스닥150,086900
20231101,코스닥150,000250
20231101,코스닥150,240810
20231101,코스닥150,095340
20231101,코스닥150,214370
20231101,코스닥150,121600
20231101,코스닥150,112040
20231101,코스닥150,034230
20231101,코스닥150,393890
20231101,코스닥150,237690
20231101,코스닥150,195940
20231101,코스닥150,214450
20231101,코스닥150,025900
20231101,코스닥150,067310
20231101,코스닥150,036930
20231101,코스닥150,035760
20231101,코스닥150,365340
20231101,코스닥150,140410
20231101,코스닥150,137400
20231101,코스닥150,122870
20231101,코스닥150,078600
20231101,코스닥150,222800
20231101,코스닥150,096530
20231101,코스닥150,213420
20231101,코스닥150,056190
20231101,코스닥150,140860
20231101,코스닥150,225570
20231101,코스닥150,141080
20231101,코스닥150,064760
20231101,코스닥150,278280
20231101,코스닥150,166090
20231101,코스닥150,084370
20231101,코스닥150,067630
20231101,코스닥150,085660
20231101,코스닥150,383310
20231101,코스닥150,009520
20231101,코스닥150,372170
20231101,코스닥150,016790
20231101,코스닥150,287410
20231101,코스닥150,101490
20231101,코스닥150,348370
20231101,코스닥150,036540
20231101,코스닥150,376300
20231101,코스닥150,091120
20231101,코스닥150,064550
20231101,코스닥150,298380
20231101,코스닥150,098460
20231101,코스닥150,189300
20231101,코스닥150,003380
20231101,코스닥150,067160
20231101,코스닥150,281740
20231101,코스닥150,215200
20231101,코스닥150,086450
20231101,코스닥150,039200
20231101,코스닥150,290650
20231101,코스닥150,131970
20231101,코스닥150,036830
20231101,코스닥150,294090
20231101,코스닥150,053800
20231101,코스닥150,015750
20231101,코스닥150,222080
20231101,코스닥150,074600
20231101,코스닥150,033290
20231101,코스닥150,178320
20231101,코스닥150,025980
20231101,코스닥150,046890
20231101,코스닥150,348210
20231101,코스닥150,082270
20231101,코스닥150,078340
20231101,코스닥150,272290
20231101,코스닥150,215000
20231101,코스닥150,091700
20231101,코스닥150,319660
20231101,코스닥150,182400
20231101,코스닥150,200130
20231101,코스닥150,119860
20231101,코스닥150,052020
20231101,코스닥150,183300
20231101,코스닥150,095500
20231101,코스닥150,068240
20231101,코스닥150,006730
20231101,코스닥150,144510
20231101,코스닥150,007390
20231101,코스닥150,032190
20231101,코스닥150,215600
20231101,코스닥150,084850
20231101,코스닥150,043150
20231101,코스닥150,049070
20231101,코스닥150,032500
20231101,코스닥150,299900
20231101,코스닥150,095610
20231101,코스닥150,131290
20231101,코스닥150,036810
20231101,코스닥150,029960
20231101,코스닥150,033640
20231101,코스닥150,267980
20231101,코스닥150,041960
20231101,코스닥150,218410
20231101,코스닥150,041190
20231101,코스닥150,025770
20231101,코스닥150,038500
20231101,코스닥150,060150
20231101,코스닥150,060250
20231101,코스닥150,323990
20231101,코스닥150,095700
20231101,코스닥150,104830
20231101,코스닥150,298540
20231101,코스닥150,060720
20231101,코스닥150,080160
20231101,코스닥150,030520
20231101,코스닥150,089980
20231101,코스닥150,035600
20231101,코스닥150,027360
20231101,코스닥150,061970
20231101,코스닥150,230240
20231101,코스닥150,092040
20231101,코스닥150,205470
20231101,코스닥150,064260
20231101,코스닥150,030530
20231101,코스닥150,101670
20231101,코스닥150,073570
20231101,코스닥150,038540
20231101,코스닥150,086390
20231101,코스닥150,294570
20231101,코스닥150,104480
20231101,코스닥150,084990
20231101,코스닥150,235980
20231101,코스닥150,003100
20231201,코스피200,005930
20231201,코스피200,373220
20231201,코스피200,000660
20231201,코스피200,207940
20231201,코스피200,005490
20231201,코스피200,005380
20231201,코스피200,000270
20231201,코스피200,051910
20231201,코스피200,035420
20231201,코스피200,006400
20231201,코스피200,003670
20231201,코스피200,068270
20231201,코스피200,028260
20231201,코스피200,035720
20231201,코스피200,012330
20231201,코스피200,105560
20231201,코스피200,055550
20231201,코스피200,066570
20231201,코스피200,032830
20231201,코스피200,096770
20231201,코스피200,018260
20231201,코스피200,003550
20231201,코스피200,015760
20231201,코스피200,034730
20231201,코스피200,086790
20231201,코스피200,000810
20231201,코스피200,323410
20231201,코스피200,033780
20231201,코스피200,138040
20231201,코스피200,329180
20231201,코스피200,017670
20231201,코스피200,009150
20231201,코스피200,011200
20231201,코스피200,259960
20231201,코스피200,010130
20231201,코스피200,034020
20231201,코스피200,316140
20231201,코스피200,047050
20231201,코스피200,024110
20231201,코스피200,352820
20231201,코스피200,030200
20231201,코스피200,042660
20231201,코스피200,003490
20231201,코스피200,010950
20231201,코스피200,009540
20231201,코스피200,090430
20231201,코스피200,010140
20231201,코스피200,001570
20231201,코스피200,012450
20231201,코스피200,402340
20231201,코스피200,011170
20231201,코스피200,086280
20231201,코스피200,326030
20231201,코스피200,036570
20231201,코스피200,377300
20231201,코스피200,005830
20231201,코스피200,009830
20231201,코스피200,011070
20231201,코스피200,161390
20231201,코스피200,302440
20231201,코스피200,051900
20231201,코스피200,267250
20231201,코스피200,361610
20231201,코스피200,028050
20231201,코스피200,251270
20231201,코스피200,047810
20231201,코스피200,000100
20231201,코스피200,004020
20231201,코스피200,097950
20231201,코스피200,032640
20231201,코스피200,271560
20231201,코스피200,241560
20231201,코스피200,006800
20231201,코스피200,034220
20231201,코스피200,000720
20231201,코스피200,021240
20231201,코스피200,018880
20231201,코스피200,029780
20231201,코스피200,128940
20231201,코스피200,078930
20231201,코스피200,011790
20231201,코스피200,011780
20231201,코스피200,016360
20231201,코스피200,005940
20231201,코스피200,180640
20231201,코스피200,071050
20231201,코스피200,035250
20231201,코스피200,064350
20231201,코스피200,010620
20231201,코스피200,383220
20231201,코스피200,272210
20231201,코스피200,004990
20231201,코스피200,003410
20231201,코스피200,001450
20231201,코스피200,006260
20231201,코스피200,000120
20231201,코스피200,000990
20231201,코스피200,001040
20231201,코스피200,008770
20231201,코스피200,028670
20231201,코스피200,004370
20231201,코스피200,007070
20231201,코스피200,282330
20231201,코스피200,039490
20231201,코스피200,088350
20231201,코스피200,008930
20231201,코스피200,002790
20231201,코스피200,010120
20231201,코스피200,012750
20231201,코스피200,014680
20231201,코스피200,023530
20231201,코스피200,138930
20231201,코스피200,036460
20231201,코스피200,052690
20231201,코스피200,079550
20231201,코스피200,081660
20231201,코스피200,112610
20231201,코스피200,030000
20231201,코스피200,020150
20231201,코스피200,175330
20231201,코스피200,139480
20231201,코스피200,111770
20231201,코스피200,000880
20231201,코스피200,002380
20231201,코스피200,047040
20231201,코스피200,010060
20231201,코스피200,026960
20231201,코스피200,009420
20231201,코스피200,004170
20231201,코스피200,298050
20231201,코스피200,298020
20231201,코스피200,017800
20231201,코스피200,000080
20231201,코스피200,001440
20231201,코스피200,003230
20231201,코스피200,007310
20231201,코스피200,011210
20231201,코스피200,336260
20231201,코스피200,051600
20231201,코스피200,073240
20231201,코스피200,137310
20231201,코스피200,185750
20231201,코스피200,204320
20231201,코스피200,042670
20231201,코스피200,000150
20231201,코스피200,000240
20231201,코스피200,001740
20231201,코스피200,004000
20231201,코스피200,004800
20231201,코스피200,375500
20231201,코스피200,005420
20231201,코스피200,005850
20231201,코스피200,006280
20231201,코스피200,006360
20231201,코스피200,139130
20231201,코스피200,005300
20231201,코스피200,001120
20231201,코스피200,009240
20231201,코스피200,069620
20231201,코스피200,280360
20231201,코스피200,120110
20231201,코스피200,192820
20231201,코스피200,069960
20231201,코스피200,000210
20231201,코스피200,003090
20231201,코스피200,006650
20231201,코스피200,009900
20231201,코스피200,294870
20231201,코스피200,093370
20231201,코스피200,103140
20231201,코스피200,161890
20231201,코스피200,285130
20231201,코스피200,014820
20231201,코스피200,000670
20231201,코스피200,001800
20231201,코스피200,008730
20231201,코스피200,010780
20231201,코스피200,016380
20231201,코스피200,039130
20231201,코스피200,300720
20231201,코스피200,105630
20231201,코스피200,114090
20231201,코스피200,178920
20231201,코스피200,192080
20231201,코스피200,271940
20231201,코스피200,069260
20231201,코스피200,001680
20231201,코스피200,003240
20231201,코스피200,003850
20231201,코스피200,032350
20231201,코스피200,005250
20231201,코스피200,019170
20231201,코스피200,020560
20231201,코스피200,004490
20231201,코스피200,020000
20231201,코스피200,031430
20231201,코스피200,381970
20231201,코스피200,284740
20231201,코스피200,057050
20231201,코스피200,013890
20231201,코스닥150,247540
20231201,코스닥150,086520
20231201,코스닥150,091990
20231201,코스닥150,022100
20231201,코스닥150,066970
20231201,코스닥150,196170
20231201,코스닥150,028300
20231201,코스닥150,403870
20231201,코스닥150,035900
20231201,코스닥150,277810
20231201,코스닥150,068760
20231201,코스닥150,058470
20231201,코스닥150,214150
20231201,코스닥150,263750
20231201,코스닥150,357780
20231201,코스닥150,293490
20231201,코스닥150,041510
20231201,코스닥150,112040
20231201,코스닥150,005290
20231201,코스닥150,145020
20231201,코스닥150,039030
20231201,코스닥150,095340
20231201,코스닥150,036930
20231201,코스닥150,000250
20231201,코스닥150,035760
20231201,코스닥150,253450
20231201,코스닥150,240810
20231201,코스닥150,086900
20231201,코스닥150,214370
20231201,코스닥150,121600
20231201,코스닥150,067310
20231201,코스닥150,025900
20231201,코스닥150,393890
20231201,코스닥150,078600
20231201,코스닥150,141080
20231201,코스닥150,096530
20231201,코스닥150,034230
20231201,코스닥150,222800
20231201,코스닥150,365340
20231201,코스닥150,237690
20231201,코스닥150,064760
20231201,코스닥150,137400
20231201,코스닥150,048410
20231201,코스닥150,195940
20231201,코스닥150,140860
20231201,코스닥150,213420
20231201,코스닥150,101490
20231201,코스닥150,140410
20231201,코스닥150,214450
20231201,코스닥150,383310
20231201,코스닥150,056190
20231201,코스닥150,033290
20231201,코스닥150,278280
20231201,코스닥150,225570
20231201,코스닥150,348370
20231201,코스닥150,084370
20231201,코스닥150,009520
20231201,코스닥150,067630
20231201,코스닥150,372170
20231201,코스닥150,298380
20231201,코스닥150,122870
20231201,코스닥150,281740
20231201,코스닥150,131970
20231201,코스닥150,166090
20231201,코스닥150,085660
20231201,코스닥150,036540
20231201,코스닥150,016790
20231201,코스닥150,287410
20231201,코스닥150,189300
20231201,코스닥150,222080
20231201,코스닥150,003380
20231201,코스닥150,036830
20231201,코스닥150,064550
20231201,코스닥150,376300
20231201,코스닥150,098460
20231201,코스닥150,091120
20231201,코스닥150,067160
20231201,코스닥150,039200
20231201,코스닥150,290650
20231201,코스닥150,178320
20231201,코스닥150,015750
20231201,코스닥150,348210
20231201,코스닥150,053800
20231201,코스닥150,215200
20231201,코스닥150,074600
20231201,코스닥150,086450
20231201,코스닥150,078340
20231201,코스닥150,272290
20231201,코스닥150,183300
20231201,코스닥150,215600
20231201,코스닥150,025980
20231201,코스닥150,319660
20231201,코스닥150,046890
20231201,코스닥150,036810
20231201,코스닥150,119860
20231201,코스닥150,215000
20231201,코스닥150,131290
20231201,코스닥150,082270
20231201,코스닥150,007390
20231201,코스닥150,182400
20231201,코스닥150,095500
20231201,코스닥150,041190
20231201,코스닥150,060250
20231201,코스닥150,299900
20231201,코스닥150,091700
20231201,코스닥150,144510
20231201,코스닥150,068240
20231201,코스닥150,006730
20231201,코스닥150,032190
20231201,코스닥150,200130
20231201,코스닥150,043150
20231201,코스닥150,049070
20231201,코스닥150,032500
20231201,코스닥150,084850
20231201,코스닥150,323990
20231201,코스닥150,052020
20231201,코스닥150,095700
20231201,코스닥150,095610
20231201,코스닥150,030520
20231201,코스닥150,218410
20231201,코스닥150,033640
20231201,코스닥150,035600
20231201,코스닥150,029960
20231201,코스닥150,038500
20231201,코스닥150,060150
20231201,코스닥150,267980
20231201,코스닥150,061970
20231201,코스닥150,104830
20231201,코스닥150,060720
20231201,코스닥150,025770
20231201,코스닥150,041960
20231201,코스닥150,294090
20231201,코스닥150,089980
20231201,코스닥150,080160
20231201,코스닥150,205470
20231201,코스닥150,027360
20231201,코스닥150,030530
20231201,코스닥150,298540
20231201,코스닥150,086390
20231201,코스닥150,230240
20231201,코스닥150,064260
20231201,코스닥150,038540
20231201,코스닥150,101670
20231201,코스닥150,092040
20231201,코스닥150,294570
20231201,코스닥150,084990
20231201,코스닥150,073570
20231201,코스닥150,235980
20231201,코스닥150,104480
20231201,코스닥150,003100
20240102,코스피200,005930
20240102,코스피200,000660
20240102,코스피200,373220
20240102,코스피200,207940
20240102,코스피200,005380
20240102,코스피200,005490
20240102,코스피200,000270
20240102,코스피200,035420
20240102,코스피200,051910
20240102,코스피200,068270
20240102,코스피200,006400
20240102,코스피200,003670
20240102,코스피200,035720
20240102,코스피200,028260
20240102,코스피200,012330
20240102,코스피200,105560
20240102,코스피200,055550
20240102,코스피200,066570
20240102,코스피200,011200
20240102,코스피200,096770
20240102,코스피200,450080
20240102,코스피200,032830
20240102,코스피200,323410
20240102,코스피200,003550
20240102,코스피200,018260
20240102,코스피200,034730
20240102,코스피200,086790
20240102,코스피200,000810
20240102,코스피200,015760
20240102,코스피200,033780
20240102,코스피200,138040
20240102,코스피200,009150
20240102,코스피200,329180
20240102,코스피200,017670
20240102,코스피200,047050
20240102,코스피200,034020
20240102,코스피200,010130
20240102,코스피200,352820
20240102,코스피200,316140
20240102,코스피200,024110
20240102,코스피200,259960
20240102,코스피200,030200
20240102,코스피200,003490
20240102,코스피200,009540
20240102,코스피200,090430
20240102,코스피200,326030
20240102,코스피200,042660
20240102,코스피200,010950
20240102,코스피200,402340
20240102,코스피200,086280
20240102,코스피200,010140
20240102,코스피200,377300
20240102,코스피200,012450
20240102,코스피200,009830
20240102,코스피200,011170
20240102,코스피200,001570
20240102,코스피200,005830
20240102,코스피200,361610
20240102,코스피200,302440
20240102,코스피200,161390
20240102,코스피200,011070
20240102,코스피200,051900
20240102,코스피200,000100
20240102,코스피200,180640
20240102,코스피200,028050
20240102,코스피200,036570
20240102,코스피200,251270
20240102,코스피200,047810
20240102,코스피200,241560
20240102,코스피200,097950
20240102,코스피200,004020
20240102,코스피200,267250
20240102,코스피200,034220
20240102,코스피200,271560
20240102,코스피200,032640
20240102,코스피200,128940
20240102,코스피200,006800
20240102,코스피200,021240
20240102,코스피200,018880
20240102,코스피200,000720
20240102,코스피200,029780
20240102,코스피200,078930
20240102,코스피200,011780
20240102,코스피200,016360
20240102,코스피200,071050
20240102,코스피200,035250
20240102,코스피200,383220
20240102,코스피200,272210
20240102,코스피200,005940
20240102,코스피200,010620
20240102,코스피200,011790
20240102,코스피200,006260
20240102,코스피200,064350
20240102,코스피200,112610
20240102,코스피200,000120
20240102,코스피200,267260
20240102,코스피200,008930
20240102,코스피200,079550
20240102,코스피200,001040
20240102,코스피200,003410
20240102,코스피200,001450
20240102,코스피200,004990
20240102,코스피200,039490
20240102,코스피200,014680
20240102,코스피200,008770
20240102,코스피200,000990
20240102,코스피200,088350
20240102,코스피200,052690
20240102,코스피200,002790
20240102,코스피200,007070
20240102,코스피200,004370
20240102,코스피200,030000
20240102,코스피200,012750
20240102,코스피200,175330
20240102,코스피200,138930
20240102,코스피200,081660
20240102,코스피200,009420
20240102,코스피200,036460
20240102,코스피200,282330
20240102,코스피200,010120
20240102,코스피200,111770
20240102,코스피200,023530
20240102,코스피200,002380
20240102,코스피200,139480
20240102,코스피200,028670
20240102,코스피200,010060
20240102,코스피200,026960
20240102,코스피200,000880
20240102,코스피200,204320
20240102,코스피200,020150
20240102,코스피200,003230
20240102,코스피200,042670
20240102,코스피200,047040
20240102,코스피200,017800
20240102,코스피200,011210
20240102,코스피200,185750
20240102,코스피200,007310
20240102,코스피200,298050
20240102,코스피200,005850
20240102,코스피200,003620
20240102,코스피200,004170
20240102,코스피200,000080
20240102,코스피200,000150
20240102,코스피200,000240
20240102,코스피200,002710
20240102,코스피200,004000
20240102,코스피200,005420
20240102,코스피200,006110
20240102,코스피200,006280
20240102,코스피200,051600
20240102,코스피200,073240
20240102,코스피200,137310
20240102,코스피200,139130
20240102,코스피200,145720
20240102,코스피200,298020
20240102,코스피200,336260
20240102,코스피200,069620
20240102,코스피200,001740
20240102,코스피200,161890
20240102,코스피200,375500
20240102,코스피200,001440
20240102,코스피200,005300
20240102,코스피200,192820
20240102,코스피200,004800
20240102,코스피200,006360
20240102,코스피200,000210
20240102,코스피200,009240
20240102,코스피200,001120
20240102,코스피200,285130
20240102,코스피200,120110
20240102,코스피200,103140
20240102,코스피200,093370
20240102,코스피200,069960
20240102,코스피200,003090
20240102,코스피200,280360
20240102,코스피200,069260
20240102,코스피200,016380
20240102,코스피200,014820
20240102,코스피200,010780
20240102,코스피200,009970
20240102,코스피200,009900
20240102,코스피200,006650
20240102,코스피200,001800
20240102,코스피200,001430
20240102,코스피200,000670
20240102,코스피200,300720
20240102,코스피200,271940
20240102,코스피200,192080
20240102,코스피200,178920
20240102,코스피200,114090
20240102,코스피200,019170
20240102,코스피200,008730
20240102,코스피200,001680
20240102,코스피200,004490
20240102,코스피200,039130
20240102,코스피200,105630
20240102,코스피200,020560
20240102,코스피200,005250
20240102,코스피200,032350
20240102,코스피200,031430
20240102,코스닥150,247540
20240102,코스닥150,086520
20240102,코스닥150,066970
20240102,코스닥150,028300
20240102,코스닥150,196170
20240102,코스닥150,068760
20240102,코스닥150,035900
20240102,코스닥150,403870
20240102,코스닥150,058470
20240102,코스닥150,277810
20240102,코스닥150,263750
20240102,코스닥150,214150
20240102,코스닥150,357780
20240102,코스닥150,328130
20240102,코스닥150,041510
20240102,코스닥150,293490
20240102,코스닥150,005290
20240102,코스닥150,112040
20240102,코스닥150,145020
20240102,코스닥150,000250
20240102,코스닥150,039030
20240102,코스닥150,141080
20240102,코스닥150,086900
20240102,코스닥150,095340
20240102,코스닥150,240810
20240102,코스닥150,036930
20240102,코스닥150,253450
20240102,코스닥150,035760
20240102,코스닥150,393890
20240102,코스닥150,214370
20240102,코스닥150,121600
20240102,코스닥150,067310
20240102,코스닥150,064760
20240102,코스닥150,348370
20240102,코스닥150,222800
20240102,코스닥150,078600
20240102,코스닥150,365340
20240102,코스닥150,237690
20240102,코스닥150,195940
20240102,코스닥150,140410
20240102,코스닥150,140860
20240102,코스닥150,025900
20240102,코스닥150,034230
20240102,코스닥150,281740
20240102,코스닥150,096530
20240102,코스닥150,009520
20240102,코스닥150,098460
20240102,코스닥150,298380
20240102,코스닥150,067630
20240102,코스닥150,214450
20240102,코스닥150,085660
20240102,코스닥150,213420
20240102,코스닥150,137400
20240102,코스닥150,056190
20240102,코스닥150,166090
20240102,코스닥150,278280
20240102,코스닥150,036540
20240102,코스닥150,383310
20240102,코스닥150,131970
20240102,코스닥150,048410
20240102,코스닥150,225570
20240102,코스닥150,101490
20240102,코스닥150,067160
20240102,코스닥150,084370
20240102,코스닥150,016790
20240102,코스닥150,036830
20240102,코스닥150,310210
20240102,코스닥150,003380
20240102,코스닥150,418550
20240102,코스닥150,122870
20240102,코스닥150,064550
20240102,코스닥150,372170
20240102,코스닥150,039200
20240102,코스닥150,074600
20240102,코스닥150,336570
20240102,코스닥150,058610
20240102,코스닥150,287410
20240102,코스닥150,189300
20240102,코스닥150,058970
20240102,코스닥150,222080
20240102,코스닥150,015750
20240102,코스닥150,376300
20240102,코스닥150,119860
20240102,코스닥150,060280
20240102,코스닥150,348210
20240102,코스닥150,099190
20240102,코스닥150,086450
20240102,코스닥150,091120
20240102,코스닥150,215200
20240102,코스닥150,183300
20240102,코스닥150,144510
20240102,코스닥150,053800
20240102,코스닥150,204270
20240102,코스닥150,178320
20240102,코스닥150,290650
20240102,코스닥150,272290
20240102,코스닥150,319660
20240102,코스닥150,084850
20240102,코스닥150,025980
20240102,코스닥150,215600
20240102,코스닥150,078340
20240102,코스닥150,046890
20240102,코스닥150,095660
20240102,코스닥150,041190
20240102,코스닥150,108860
20240102,코스닥150,323990
20240102,코스닥150,299030
20240102,코스닥150,131290
20240102,코스닥150,036810
20240102,코스닥150,215000
20240102,코스닥150,095500
20240102,코스닥150,082270
20240102,코스닥150,007390
20240102,코스닥150,032190
20240102,코스닥150,200130
20240102,코스닥150,194480
20240102,코스닥150,052020
20240102,코스닥150,032500
20240102,코스닥150,053610
20240102,코스닥150,033640
20240102,코스닥150,033290
20240102,코스닥150,043150
20240102,코스닥150,218410
20240102,코스닥150,091700
20240102,코스닥150,068240
20240102,코스닥150,049070
20240102,코스닥150,360070
20240102,코스닥150,114190
20240102,코스닥150,118990
20240102,코스닥150,006730
20240102,코스닥150,095700
20240102,코스닥150,095610
20240102,코스닥150,060250
20240102,코스닥150,025770
20240102,코스닥150,089980
20240102,코스닥150,030520
20240102,코스닥150,035600
20240102,코스닥150,101670
20240102,코스닥150,061970
20240102,코스닥150,060720
20240102,코스닥150,267980
20240102,코스닥150,041960
20240102,코스닥150,086390
20240102,코스닥150,080160
20240102,코스닥150,182400
20240102,코스닥150,425040
20240102,코스닥150,298540
20240102,코스닥150,230240
20240102,코스닥150,073570
20240102,코스닥150,294090
20240201,코스피200,005930
20240201,코스피200,000660
20240201,코스피200,373220
20240201,코스피200,207940
20240201,코스피200,005380
20240201,코스피200,000270
20240201,코스피200,068270
20240201,코스피200,005490
20240201,코스피200,035420
20240201,코스피200,051910
20240201,코스피200,028260
20240201,코스피200,006400
20240201,코스피200,105560
20240201,코스피200,035720
20240201,코스피200,055550
20240201,코스피200,012330
20240201,코스피200,003670
20240201,코스피200,066570
20240201,코스피200,086790
20240201,코스피200,032830
20240201,코스피200,034730
20240201,코스피200,138040
20240201,코스피200,003550
20240201,코스피200,000810
20240201,코스피200,015760
20240201,코스피200,011200
20240201,코스피200,323410
20240201,코스피200,033780
20240201,코스피200,096770
20240201,코스피200,018260
20240201,코스피200,450080
20240201,코스피200,017670
20240201,코스피200,316140
20240201,코스피200,024110
20240201,코스피200,009150
20240201,코스피200,259960
20240201,코스피200,329180
20240201,코스피200,034020
20240201,코스피200,010130
20240201,코스피200,030200
20240201,코스피200,047050
20240201,코스피200,003490
20240201,코스피200,352820
20240201,코스피200,009540
20240201,코스피200,010950
20240201,코스피200,402340
20240201,코스피200,326030
20240201,코스피200,090430
20240201,코스피200,086280
20240201,코스피200,042660
20240201,코스피200,012450
20240201,코스피200,161390
20240201,코스피200,005830
20240201,코스피200,377300
20240201,코스피200,010140
20240201,코스피200,009830
20240201,코스피200,011170
20240201,코스피200,267250
20240201,코스피200,361610
20240201,코스피200,180640
20240201,코스피200,006800
20240201,코스피200,047810
20240201,코스피200,051900
20240201,코스피200,302440
20240201,코스피200,241560
20240201,코스피200,251270
20240201,코스피200,000100
20240201,코스피200,078930
20240201,코스피200,004020
20240201,코스피200,097950
20240201,코스피200,001570
20240201,코스피200,011070
20240201,코스피200,028050
20240201,코스피200,032640
20240201,코스피200,036570
20240201,코스피200,034220
20240201,코스피200,021240
20240201,코스피200,128940
20240201,코스피200,029780
20240201,코스피200,000720
20240201,코스피200,071050
20240201,코스피200,011780
20240201,코스피200,005940
20240201,코스피200,267260
20240201,코스피200,016360
20240201,코스피200,271560
20240201,코스피200,018880
20240201,코스피200,035250
20240201,코스피200,004990
20240201,코스피200,003410
20240201,코스피200,001450
20240201,코스피200,064350
20240201,코스피200,006260
20240201,코스피200,000120
20240201,코스피200,039490
20240201,코스피200,088350
20240201,코스피200,011790
20240201,코스피200,001040
20240201,코스피200,008930
20240201,코스피200,272210
20240201,코스피200,010620
20240201,코스피200,383220
20240201,코스피200,036460
20240201,코스피200,052690
20240201,코스피200,081660
20240201,코스피200,023530
20240201,코스피200,175330
20240201,코스피200,282330
20240201,코스피200,138930
20240201,코스피200,079550
20240201,코스피200,111770
20240201,코스피200,112610
20240201,코스피200,008770
20240201,코스피200,002380
20240201,코스피200,004370
20240201,코스피200,007070
20240201,코스피200,000880
20240201,코스피200,139480
20240201,코스피200,000990
20240201,코스피200,002790
20240201,코스피200,030000
20240201,코스피200,012750
20240201,코스피200,014680
20240201,코스피200,010060
20240201,코스피200,028670
20240201,코스피200,010120
20240201,코스피200,001740
20240201,코스피200,026960
20240201,코스피200,004170
20240201,코스피200,042670
20240201,코스피200,047040
20240201,코스피200,051600
20240201,코스피200,073240
20240201,코스피200,139130
20240201,코스피200,204320
20240201,코스피200,017800
20240201,코스피200,000150
20240201,코스피200,000240
20240201,코스피200,005850
20240201,코스피200,007310
20240201,코스피200,011210
20240201,코스피200,375500
20240201,코스피200,000080
20240201,코스피200,003090
20240201,코스피200,003620
20240201,코스피200,004800
20240201,코스피200,009420
20240201,코스피200,020150
20240201,코스피200,069960
20240201,코스피200,185750
20240201,코스피200,298050
20240201,코스피200,069620
20240201,코스피200,298020
20240201,코스피200,192820
20240201,코스피200,009970
20240201,코스피200,280360
20240201,코스피200,000210
20240201,코스피200,006360
20240201,코스피200,006280
20240201,코스피200,006110
20240201,코스피200,002710
20240201,코스피200,137310
20240201,코스피200,336260
20240201,코스피200,145720
20240201,코스피200,003230
20240201,코스피200,004000
20240201,코스피200,005300
20240201,코스피200,005420
20240201,코스피200,009240
20240201,코스피200,285130
20240201,코스피200,001120
20240201,코스피200,103140
20240201,코스피200,039130
20240201,코스피200,001440
20240201,코스피200,161890
20240201,코스피200,120110
20240201,코스피200,069260
20240201,코스피200,020560
20240201,코스피200,014820
20240201,코스피200,009900
20240201,코스피200,006650
20240201,코스피200,004490
20240201,코스피200,001800
20240201,코스피200,001430
20240201,코스피200,000670
20240201,코스피200,300720
20240201,코스피200,271940
20240201,코스피200,105630
20240201,코스피200,010780
20240201,코스피200,005250
20240201,코스피200,016380
20240201,코스피200,178920
20240201,코스피200,192080
20240201,코스피200,093370
20240201,코스피200,001680
20240201,코스피200,008730
20240201,코스피200,032350
20240201,코스피200,114090
20240201,코스피200,019170
20240201,코스피200,031430
20240201,코스닥150,247540
20240201,코스닥150,086520
20240201,코스닥150,028300
20240201,코스닥150,068760
20240201,코스닥150,196170
20240201,코스닥150,403870
20240201,코스닥150,348370
20240201,코스닥150,058470
20240201,코스닥150,277810
20240201,코스닥150,035900
20240201,코스닥150,263750
20240201,코스닥150,357780
20240201,코스닥150,039030
20240201,코스닥150,293490
20240201,코스닥150,005290
20240201,코스닥150,145020
20240201,코스닥150,214150
20240201,코스닥150,328130
20240201,코스닥150,041510
20240201,코스닥150,112040
20240201,코스닥150,035760
20240201,코스닥150,067630
20240201,코스닥150,095340
20240201,코스닥150,000250
20240201,코스닥150,036930
20240201,코스닥150,240810
20240201,코스닥150,086900
20240201,코스닥150,253450
20240201,코스닥150,141080
20240201,코스닥150,096530
20240201,코스닥150,393890
20240201,코스닥150,025900
20240201,코스닥150,237690
20240201,코스닥150,121600
20240201,코스닥150,034230
20240201,코스닥150,067310
20240201,코스닥150,064760
20240201,코스닥150,098460
20240201,코스닥150,067160
20240201,코스닥150,214370
20240201,코스닥150,195940
20240201,코스닥150,140860
20240201,코스닥150,078600
20240201,코스닥150,222800
20240201,코스닥150,365340
20240201,코스닥150,214450
20240201,코스닥150,298380
20240201,코스닥150,085660
20240201,코스닥150,140410
20240201,코스닥150,036540
20240201,코스닥150,009520
20240201,코스닥150,281740
20240201,코스닥150,056190
20240201,코스닥150,225570
20240201,코스닥150,166090
20240201,코스닥150,101490
20240201,코스닥150,084370
20240201,코스닥150,036830
20240201,코스닥150,383310
20240201,코스닥150,003380
20240201,코스닥150,213420
20240201,코스닥150,048410
20240201,코스닥150,137400
20240201,코스닥150,278280
20240201,코스닥150,122870
20240201,코스닥150,086450
20240201,코스닥150,131970
20240201,코스닥150,015750
20240201,코스닥150,039200
20240201,코스닥150,053800
20240201,코스닥150,074600
20240201,코스닥150,215200
20240201,코스닥150,348210
20240201,코스닥150,336570
20240201,코스닥150,178320
20240201,코스닥150,058610
20240201,코스닥150,222080
20240201,코스닥150,058970
20240201,코스닥150,064550
20240201,코스닥150,091120
20240201,코스닥150,376300
20240201,코스닥150,119860
20240201,코스닥150,099190
20240201,코스닥150,032500
20240201,코스닥150,287410
20240201,코스닥150,183300
20240201,코스닥150,144510
20240201,코스닥150,046890
20240201,코스닥150,418550
20240201,코스닥150,372170
20240201,코스닥150,060280
20240201,코스닥150,030520
20240201,코스닥150,204270
20240201,코스닥150,189300
20240201,코스닥150,078340
20240201,코스닥150,319660
20240201,코스닥150,310210
20240201,코스닥150,025980
20240201,코스닥150,272290
20240201,코스닥150,095660
20240201,코스닥150,032190
20240201,코스닥150,084850
20240201,코스닥150,007390
20240201,코스닥150,290650
20240201,코스닥150,215600
20240201,코스닥150,033290
20240201,코스닥150,041190
20240201,코스닥150,215000
20240201,코스닥150,068240
20240201,코스닥150,082270
20240201,코스닥150,049070
20240201,코스닥150,200130
20240201,코스닥150,131290
20240201,코스닥150,006730
20240201,코스닥150,043150
20240201,코스닥150,218410
20240201,코스닥150,108860
20240201,코스닥150,194480
20240201,코스닥150,091700
20240201,코스닥150,036810
20240201,코스닥150,060250
20240201,코스닥150,053610
20240201,코스닥150,323990
20240201,코스닥150,299030
20240201,코스닥150,095500
20240201,코스닥150,033640
20240201,코스닥150,425040
20240201,코스닥150,360070
20240201,코스닥150,118990
20240201,코스닥150,095610
20240201,코스닥150,095700
20240201,코스닥150,114190
20240201,코스닥150,035600
20240201,코스닥150,025770
20240201,코스닥150,061970
20240201,코스닥150,267980
20240201,코스닥150,089980
20240201,코스닥150,080160
20240201,코스닥150,041960
20240201,코스닥150,060720
20240201,코스닥150,042600
20240201,코스닥150,086390
20240201,코스닥150,052020
20240201,코스닥150,016790
20240201,코스닥150,298540
20240201,코스닥150,230240
20240201,코스닥150,101670
20240201,코스닥150,182400
20240201,코스닥150,073570
20240201,코스닥150,294090
20240304,코스피200,005930
20240304,코스피200,000660
20240304,코스피200,373220
20240304,코스피200,207940
20240304,코스피200,005380
20240304,코스피200,000270
20240304,코스피200,005490
20240304,코스피200,068270
20240304,코스피200,051910
20240304,코스피200,035420
20240304,코스피200,028260
20240304,코스피200,105560
20240304,코스피200,003670
20240304,코스피200,006400
20240304,코스피200,035720
20240304,코스피200,012330
20240304,코스피200,055550
20240304,코스피200,032830
20240304,코스피200,086790
20240304,코스피200,138040
20240304,코스피200,015760
20240304,코스피200,066570
20240304,코스피200,003550
20240304,코스피200,000810
20240304,코스피200,034730
20240304,코스피200,323410
20240304,코스피200,033780
20240304,코스피200,450080
20240304,코스피200,018260
20240304,코스피200,011200
20240304,코스피200,096770
20240304,코스피200,024110
20240304,코스피200,017670
20240304,코스피200,316140
20240304,코스피200,259960
20240304,코스피200,009150
20240304,코스피200,047050
20240304,코스피200,030200
20240304,코스피200,329180
20240304,코스피200,034020
20240304,코스피200,402340
20240304,코스피200,012450
20240304,코스피200,010130
20240304,코스피200,010950
20240304,코스피200,003490
20240304,코스피200,352820
20240304,코스피200,009540
20240304,코스피200,086280
20240304,코스피200,326030
20240304,코스피200,042660
20240304,코스피200,005830
20240304,코스피200,090430
20240304,코스피200,161390
20240304,코스피200,010140
20240304,코스피200,377300
20240304,코스피200,001570
20240304,코스피200,011170
20240304,코스피200,267250
20240304,코스피200,006800
20240304,코스피200,000100
20240304,코스피200,361610
20240304,코스피200,251270
20240304,코스피200,051900
20240304,코스피200,047810
20240304,코스피200,011070
20240304,코스피200,028050
20240304,코스피200,241560
20240304,코스피200,267260
20240304,코스피200,009830
20240304,코스피200,004020
20240304,코스피200,302440
20240304,코스피200,078930
20240304,코스피200,029780
20240304,코스피200,032640
20240304,코스피200,011780
20240304,코스피200,097950
20240304,코스피200,036570
20240304,코스피200,128940
20240304,코스피200,071050
20240304,코스피200,034220
20240304,코스피200,021240
20240304,코스피200,005940
20240304,코스피200,180640
20240304,코스피200,035250
20240304,코스피200,016360
20240304,코스피200,000720
20240304,코스피200,271560
20240304,코스피200,039490
20240304,코스피200,011790
20240304,코스피200,003410
20240304,코스피200,064350
20240304,코스피200,079550
20240304,코스피200,018880
20240304,코스피200,004990
20240304,코스피200,272210
20240304,코스피200,088350
20240304,코스피200,000120
20240304,코스피200,008930
20240304,코스피200,001450
20240304,코스피200,006260
20240304,코스피200,001040
20240304,코스피200,383220
20240304,코스피200,028670
20240304,코스피200,175330
20240304,코스피200,052690
20240304,코스피200,036460
20240304,코스피200,081660
20240304,코스피200,010620
20240304,코스피200,002380
20240304,코스피200,138930
20240304,코스피200,112610
20240304,코스피200,282330
20240304,코스피200,000880
20240304,코스피200,023530
20240304,코스피200,007070
20240304,코스피200,008770
20240304,코스피200,012750
20240304,코스피200,004370
20240304,코스피200,030000
20240304,코스피200,139480
20240304,코스피200,014680
20240304,코스피200,002790
20240304,코스피200,010120
20240304,코스피200,000990
20240304,코스피200,073240
20240304,코스피200,010060
20240304,코스피200,009420
20240304,코스피200,111770
20240304,코스피200,047040
20240304,코스피200,051600
20240304,코스피200,000240
20240304,코스피200,002710
20240304,코스피200,026960
20240304,코스피200,007310
20240304,코스피200,011210
20240304,코스피200,020150
20240304,코스피200,004170
20240304,코스피200,042670
20240304,코스피200,137310
20240304,코스피200,139130
20240304,코스피200,145720
20240304,코스피200,204320
20240304,코스피200,017800
20240304,코스피200,000150
20240304,코스피200,001740
20240304,코스피200,003230
20240304,코스피200,003620
20240304,코스피200,005850
20240304,코스피200,298050
20240304,코스피200,000080
20240304,코스피200,003090
20240304,코스피200,004000
20240304,코스피200,004800
20240304,코스피200,005420
20240304,코스피200,006110
20240304,코스피200,006280
20240304,코스피200,006360
20240304,코스피200,009970
20240304,코스피200,069620
20240304,코스피200,185750
20240304,코스피200,298020
20240304,코스피200,336260
20240304,코스피200,375500
20240304,코스피200,039130
20240304,코스피200,001120
20240304,코스피200,069960
20240304,코스피200,103140
20240304,코스피200,280360
20240304,코스피200,120110
20240304,코스피200,009240
20240304,코스피200,004490
20240304,코스피200,192820
20240304,코스피200,005300
20240304,코스피200,285130
20240304,코스피200,001440
20240304,코스피200,161890
20240304,코스피200,020560
20240304,코스피200,014820
20240304,코스피200,008730
20240304,코스피200,006650
20240304,코스피200,001800
20240304,코스피200,001430
20240304,코스피200,000210
20240304,코스피200,000670
20240304,코스피200,271940
20240304,코스피200,192080
20240304,코스피200,009900
20240304,코스피200,069260
20240304,코스피200,300720
20240304,코스피200,093370
20240304,코스피200,016380
20240304,코스피200,105630
20240304,코스피200,114090
20240304,코스피200,010780
20240304,코스피200,032350
20240304,코스피200,001680
20240304,코스피200,005250
20240304,코스피200,031430
20240304,코스피200,178920
20240304,코스피200,019170
20240304,코스닥150,247540
20240304,코스닥150,086520
20240304,코스닥150,028300
20240304,코스닥150,196170
20240304,코스닥150,403870
20240304,코스닥150,348370
20240304,코스닥150,068760
20240304,코스닥150,277810
20240304,코스닥150,058470
20240304,코스닥150,035900
20240304,코스닥150,039030
20240304,코스닥150,145020
20240304,코스닥150,357780
20240304,코스닥150,214150
20240304,코스닥150,005290
20240304,코스닥150,293490
20240304,코스닥150,263750
20240304,코스닥150,036930
20240304,코스닥150,000250
20240304,코스닥150,041510
20240304,코스닥150,328130
20240304,코스닥150,035760
20240304,코스닥150,112040
20240304,코스닥150,121600
20240304,코스닥150,240810
20240304,코스닥150,141080
20240304,코스닥150,095340
20240304,코스닥150,393890
20240304,코스닥150,067630
20240304,코스닥150,036830
20240304,코스닥150,098460
20240304,코스닥150,025900
20240304,코스닥150,067160
20240304,코스닥150,281740
20240304,코스닥150,253450
20240304,코스닥150,140410
20240304,코스닥150,067310
20240304,코스닥150,096530
20240304,코스닥150,140860
20240304,코스닥150,237690
20240304,코스닥150,214370
20240304,코스닥150,078600
20240304,코스닥150,365340
20240304,코스닥150,034230
20240304,코스닥150,064760
20240304,코스닥150,086900
20240304,코스닥150,298380
20240304,코스닥150,195940
20240304,코스닥150,009520
20240304,코스닥150,036540
20240304,코스닥150,101490
20240304,코스닥150,166090
20240304,코스닥150,213420
20240304,코스닥150,222800
20240304,코스닥150,214450
20240304,코스닥150,085660
20240304,코스닥150,137400
20240304,코스닥150,278280
20240304,코스닥150,383310
20240304,코스닥150,225570
20240304,코스닥150,039200
20240304,코스닥150,056190
20240304,코스닥150,418550
20240304,코스닥150,084370
20240304,코스닥150,003380
20240304,코스닥150,041190
20240304,코스닥150,048410
20240304,코스닥150,376300
20240304,코스닥150,015750
20240304,코스닥150,348210
20240304,코스닥150,310210
20240304,코스닥150,222080
20240304,코스닥150,178320
20240304,코스닥150,074600
20240304,코스닥150,319660
20240304,코스닥150,122870
20240304,코스닥150,372170
20240304,코스닥150,336570
20240304,코스닥150,215200
20240304,코스닥150,131970
20240304,코스닥150,053800
20240304,코스닥150,086450
20240304,코스닥150,204270
20240304,코스닥150,095500
20240304,코스닥150,360070
20240304,코스닥150,058610
20240304,코스닥150,183300
20240304,코스닥150,131290
20240304,코스닥150,064550
20240304,코스닥150,091120
20240304,코스닥150,272290
20240304,코스닥150,144510
20240304,코스닥150,119860
20240304,코스닥150,287410
20240304,코스닥150,060280
20240304,코스닥150,058970
20240304,코스닥150,189300
20240304,코스닥150,099190
20240304,코스닥150,025980
20240304,코스닥150,046890
20240304,코스닥150,030520
20240304,코스닥150,060250
20240304,코스닥150,290650
20240304,코스닥150,114190
20240304,코스닥150,032190
20240304,코스닥150,078340
20240304,코스닥150,053610
20240304,코스닥150,032500
20240304,코스닥150,036810
20240304,코스닥150,108860
20240304,코스닥150,049070
20240304,코스닥150,033640
20240304,코스닥150,095660
20240304,코스닥150,299030
20240304,코스닥150,215000
20240304,코스닥150,215600
20240304,코스닥150,194480
20240304,코스닥150,006730
20240304,코스닥150,091700
20240304,코스닥150,084850
20240304,코스닥150,082270
20240304,코스닥150,007390
20240304,코스닥150,043150
20240304,코스닥150,323990
20240304,코스닥150,218410
20240304,코스닥150,200130
20240304,코스닥150,068240
20240304,코스닥150,425040
20240304,코스닥150,095610
20240304,코스닥150,118990
20240304,코스닥150,035600
20240304,코스닥150,025770
20240304,코스닥150,061970
20240304,코스닥150,267980
20240304,코스닥150,095700
20240304,코스닥150,101670
20240304,코스닥150,089980
20240304,코스닥150,042600
20240304,코스닥150,080160
20240304,코스닥150,060720
20240304,코스닥150,041960
20240304,코스닥150,086390
20240304,코스닥150,052020
20240304,코스닥150,298540
20240304,코스닥150,073570
20240304,코스닥150,230240
20240304,코스닥150,033290
20240304,코스닥150,016790
20240304,코스닥150,294090
20240304,코스닥150,182400
20240401,코스피200,005930
20240401,코스피200,000660
20240401,코스피200,373220
20240401,코스피200,207940
20240401,코스피200,005380
20240401,코스피200,000270
20240401,코스피200,068270
20240401,코스피200,005490
20240401,코스피200,035420
20240401,코스피200,006400
20240401,코스피200,051910
20240401,코스피200,028260
20240401,코스피200,105560
20240401,코스피200,035720
20240401,코스피200,012330
20240401,코스피200,055550
20240401,코스피200,003670
20240401,코스피200,032830
20240401,코스피200,138040
20240401,코스피200,086790
20240401,코스피200,066570
20240401,코스피200,000810
20240401,코스피200,015760
20240401,코스피200,003550
20240401,코스피200,323410
20240401,코스피200,018260
20240401,코스피200,034730
20240401,코스피200,259960
20240401,코스피200,033780
20240401,코스피200,009150
20240401,코스피200,096770
20240401,코스피200,017670
20240401,코스피200,034020
20240401,코스피200,011200
20240401,코스피200,329180
20240401,코스피200,012450
20240401,코스피200,316140
20240401,코스피200,024110
20240401,코스피200,402340
20240401,코스피200,030200
20240401,코스피200,047050
20240401,코스피200,010130
20240401,코스피200,352820
20240401,코스피200,450080
20240401,코스피200,010950
20240401,코스피200,042660
20240401,코스피200,009540
20240401,코스피200,003490
20240401,코스피200,090430
20240401,코스피200,010140
20240401,코스피200,022100
20240401,코스피200,326030
20240401,코스피200,001570
20240401,코스피200,086280
20240401,코스피200,161390
20240401,코스피200,005830
20240401,코스피200,000100
20240401,코스피200,267260
20240401,코스피200,051900
20240401,코스피200,267250
20240401,코스피200,241560
20240401,코스피200,251270
20240401,코스피200,034220
20240401,코스피200,361610
20240401,코스피200,011170
20240401,코스피200,377300
20240401,코스피200,009830
20240401,코스피200,047810
20240401,코스피200,011070
20240401,코스피200,028050
20240401,코스피200,097950
20240401,코스피200,006800
20240401,코스피200,302440
20240401,코스피200,036570
20240401,코스피200,011790
20240401,코스피200,078930
20240401,코스피200,029780
20240401,코스피200,032640
20240401,코스피200,021240
20240401,코스피200,004020
20240401,코스피200,128940
20240401,코스피200,180640
20240401,코스피200,064350
20240401,코스피200,011780
20240401,코스피200,079550
20240401,코스피200,071050
20240401,코스피200,271560
20240401,코스피200,005940
20240401,코스피200,001040
20240401,코스피200,000720
20240401,코스피200,035250
20240401,코스피200,272210
20240401,코스피200,016360
20240401,코스피200,006260
20240401,코스피200,003410
20240401,코스피200,018880
20240401,코스피200,039490
20240401,코스피200,383220
20240401,코스피200,010120
20240401,코스피200,004990
20240401,코스피200,001450
20240401,코스피200,000120
20240401,코스피200,036460
20240401,코스피200,052690
20240401,코스피200,088350
20240401,코스피200,010620
20240401,코스피200,175330
20240401,코스피200,008770
20240401,코스피200,008930
20240401,코스피200,138930
20240401,코스피200,081660
20240401,코스피200,112610
20240401,코스피200,000150
20240401,코스피200,014680
20240401,코스피200,002790
20240401,코스피200,004370
20240401,코스피200,012750
20240401,코스피200,002380
20240401,코스피200,028670
20240401,코스피200,030000
20240401,코스피200,282330
20240401,코스피200,023530
20240401,코스피200,007070
20240401,코스피200,020150
20240401,코스피200,000990
20240401,코스피200,139480
20240401,코스피200,009420
20240401,코스피200,000880
20240401,코스피200,042670
20240401,코스피200,073240
20240401,코스피200,026960
20240401,코스피200,004170
20240401,코스피200,010060
20240401,코스피200,111770
20240401,코스피200,047040
20240401,코스피200,017800
20240401,코스피200,137310
20240401,코스피200,145720
20240401,코스피200,185750
20240401,코스피200,192820
20240401,코스피200,204320
20240401,코스피200,298050
20240401,코스피200,000240
20240401,코스피200,002710
20240401,코스피200,003230
20240401,코스피200,005420
20240401,코스피200,005850
20240401,코스피200,007310
20240401,코스피200,011210
20240401,코스피200,051600
20240401,코스피200,000080
20240401,코스피200,001440
20240401,코스피200,001740
20240401,코스피200,006280
20240401,코스피200,006360
20240401,코스피200,069620
20240401,코스피200,103140
20240401,코스피200,139130
20240401,코스피200,298020
20240401,코스피200,336260
20240401,코스피200,375500
20240401,코스피200,003090
20240401,코스피200,285130
20240401,코스피200,006110
20240401,코스피200,009970
20240401,코스피200,003620
20240401,코스피200,009240
20240401,코스피200,161890
20240401,코스피200,005300
20240401,코스피200,000210
20240401,코스피200,069960
20240401,코스피200,004800
20240401,코스피200,280360
20240401,코스피200,004490
20240401,코스피200,004000
20240401,코스피200,014820
20240401,코스피200,001800
20240401,코스피200,001120
20240401,코스피200,008730
20240401,코스피200,006650
20240401,코스피200,039130
20240401,코스피200,120110
20240401,코스피200,192080
20240401,코스피200,271940
20240401,코스피200,114090
20240401,코스피200,105630
20240401,코스피200,093370
20240401,코스피200,069260
20240401,코스피200,032350
20240401,코스피200,020560
20240401,코스피200,019170
20240401,코스피200,016380
20240401,코스피200,010780
20240401,코스피200,009900
20240401,코스피200,005250
20240401,코스피200,001680
20240401,코스피200,001430
20240401,코스피200,300720
20240401,코스피200,000670
20240401,코스피200,178920
20240401,코스닥150,247540
20240401,코스닥150,086520
20240401,코스닥150,028300
20240401,코스닥150,196170
20240401,코스닥150,348370
20240401,코스닥150,403870
20240401,코스닥150,058470
20240401,코스닥150,068760
20240401,코스닥150,277810
20240401,코스닥150,000250
20240401,코스닥150,005290
20240401,코스닥150,035900
20240401,코스닥150,357780
20240401,코스닥150,214150
20240401,코스닥150,039030
20240401,코스닥150,145020
20240401,코스닥150,067630
20240401,코스닥150,141080
20240401,코스닥150,240810
20240401,코스닥150,095340
20240401,코스닥150,112040
20240401,코스닥150,263750
20240401,코스닥150,293490
20240401,코스닥150,041510
20240401,코스닥150,035760
20240401,코스닥150,328130
20240401,코스닥150,237690
20240401,코스닥150,036930
20240401,코스닥150,281740
20240401,코스닥150,121600
20240401,코스닥150,064760
20240401,코스닥150,067310
20240401,코스닥150,078600
20240401,코스닥150,067160
20240401,코스닥150,253450
20240401,코스닥150,034230
20240401,코스닥150,393890
20240401,코스닥150,298380
20240401,코스닥150,383310
20240401,코스닥150,214370
20240401,코스닥150,096530
20240401,코스닥150,098460
20240401,코스닥150,036830
20240401,코스닥150,140410
20240401,코스닥150,140860
20240401,코스닥150,025900
20240401,코스닥150,365340
20240401,코스닥150,085660
20240401,코스닥150,214450
20240401,코스닥150,039200
20240401,코스닥150,195940
20240401,코스닥150,166090
20240401,코스닥150,086900
20240401,코스닥150,222800
20240401,코스닥150,036540
20240401,코스닥150,101490
20240401,코스닥150,137400
20240401,코스닥150,056190
20240401,코스닥150,178320
20240401,코스닥150,009520
20240401,코스닥150,084370
20240401,코스닥150,213420
20240401,코스닥150,031980
20240401,코스닥150,225570
20240401,코스닥150,336570
20240401,코스닥150,222080
20240401,코스닥150,074600
20240401,코스닥150,319660
20240401,코스닥150,278280
20240401,코스닥150,122870
20240401,코스닥150,048410
20240401,코스닥150,204270
20240401,코스닥150,418550
20240401,코스닥150,131970
20240401,코스닥150,183300
20240401,코스닥150,003380
20240401,코스닥150,348210
20240401,코스닥150,376300
20240401,코스닥150,064550
20240401,코스닥150,058970
20240401,코스닥150,041190
20240401,코스닥150,015750
20240401,코스닥150,086450
20240401,코스닥150,032500
20240401,코스닥150,053800
20240401,코스닥150,287410
20240401,코스닥150,372170
20240401,코스닥150,215200
20240401,코스닥150,189300
20240401,코스닥150,144510
20240401,코스닥150,131290
20240401,코스닥150,119860
20240401,코스닥150,058610
20240401,코스닥150,007390
20240401,코스닥150,310210
20240401,코스닥150,046890
20240401,코스닥150,099190
20240401,코스닥150,194480
20240401,코스닥150,025980
20240401,코스닥150,272290
20240401,코스닥150,060280
20240401,코스닥150,360070
20240401,코스닥150,053610
20240401,코스닥150,095500
20240401,코스닥150,091120
20240401,코스닥150,290650
20240401,코스닥150,078340
20240401,코스닥150,114190
20240401,코스닥150,030520
20240401,코스닥150,049070
20240401,코스닥150,215000
20240401,코스닥150,215600
20240401,코스닥150,060250
20240401,코스닥150,095660
20240401,코스닥150,108860
20240401,코스닥150,091700
20240401,코스닥150,084850
20240401,코스닥150,082270
20240401,코스닥150,032190
20240401,코스닥150,036810
20240401,코스닥150,323990
20240401,코스닥150,006730
20240401,코스닥150,299030
20240401,코스닥150,200130
20240401,코스닥150,068240
20240401,코스닥150,425040
20240401,코스닥150,043150
20240401,코스닥150,218410
20240401,코스닥150,095610
20240401,코스닥150,033640
20240401,코스닥150,095700
20240401,코스닥150,060720
20240401,코스닥150,061970
20240401,코스닥150,118990
20240401,코스닥150,086390
20240401,코스닥150,101670
20240401,코스닥150,267980
20240401,코스닥150,089980
20240401,코스닥150,035600
20240401,코스닥150,025770
20240401,코스닥150,041960
20240401,코스닥150,042600
20240401,코스닥150,080160
20240401,코스닥150,073570
20240401,코스닥150,298540
20240401,코스닥150,230240
20240401,코스닥150,016790
20240401,코스닥150,033290
20240401,코스닥150,182400
20240401,코스닥150,294090
20240502,코스피200,005930
20240502,코스피200,000660
20240502,코스피200,373220
20240502,코스피200,207940
20240502,코스피200,005380
20240502,코스피200,000270
20240502,코스피200,068270
20240502,코스피200,005490
20240502,코스피200,035420
20240502,코스피200,006400
20240502,코스피200,105560
20240502,코스피200,051910
20240502,코스피200,028260
20240502,코스피200,055550
20240502,코스피200,003670
20240502,코스피200,035720
20240502,코스피200,012330
20240502,코스피200,032830
20240502,코스피200,086790
20240502,코스피200,138040
20240502,코스피200,066570
20240502,코스피200,000810
20240502,코스피200,015760
20240502,코스피200,018260
20240502,코스피200,003550
20240502,코스피200,329180
20240502,코스피200,034730
20240502,코스피200,323410
20240502,코스피200,033780
20240502,코스피200,259960
20240502,코스피200,009150
20240502,코스피200,012450
20240502,코스피200,017670
20240502,코스피200,024110
20240502,코스피200,034020
20240502,코스피200,011200
20240502,코스피200,096770
20240502,코스피200,316140
20240502,코스피200,090430
20240502,코스피200,402340
20240502,코스피200,010130
20240502,코스피200,042660
20240502,코스피200,009540
20240502,코스피200,030200
20240502,코스피200,267260
20240502,코스피200,010140
20240502,코스피200,352820
20240502,코스피200,047050
20240502,코스피200,450080
20240502,코스피200,010950
20240502,코스피200,003490
20240502,코스피200,161390
20240502,코스피200,086280
20240502,코스피200,326030
20240502,코스피200,051900
20240502,코스피200,005830
20240502,코스피200,022100
20240502,코스피200,000100
20240502,코스피200,011070
20240502,코스피200,047810
20240502,코스피200,001570
20240502,코스피200,097950
20240502,코스피200,241560
20240502,코스피200,267250
20240502,코스피200,028050
20240502,코스피200,034220
20240502,코스피200,251270
20240502,코스피200,010120
20240502,코스피200,377300
20240502,코스피200,011170
20240502,코스피200,302440
20240502,코스피200,029780
20240502,코스피200,006260
20240502,코스피200,009830
20240502,코스피200,006800
20240502,코스피200,011790
20240502,코스피200,064350
20240502,코스피200,128940
20240502,코스피200,361610
20240502,코스피200,004020
20240502,코스피200,021240
20240502,코스피200,032640
20240502,코스피200,180640
20240502,코스피200,005940
20240502,코스피200,036570
20240502,코스피200,000720
20240502,코스피200,079550
20240502,코스피200,078930
20240502,코스피200,001040
20240502,코스피200,011780
20240502,코스피200,272210
20240502,코스피200,271560
20240502,코스피200,071050
20240502,코스피200,016360
20240502,코스피200,003410
20240502,코스피200,039490
20240502,코스피200,035250
20240502,코스피200,018880
20240502,코스피200,004990
20240502,코스피200,010620
20240502,코스피200,002790
20240502,코스피200,175330
20240502,코스피200,138930
20240502,코스피200,001450
20240502,코스피200,000120
20240502,코스피200,383220
20240502,코스피200,052690
20240502,코스피200,001440
20240502,코스피200,000150
20240502,코스피200,081660
20240502,코스피200,004370
20240502,코스피200,036460
20240502,코스피200,088350
20240502,코스피200,002380
20240502,코스피200,282330
20240502,코스피200,073240
20240502,코스피200,028670
20240502,코스피200,012750
20240502,코스피200,008930
20240502,코스피200,008770
20240502,코스피200,003230
20240502,코스피200,014680
20240502,코스피200,030000
20240502,코스피200,007070
20240502,코스피200,112610
20240502,코스피200,000880
20240502,코스피200,020150
20240502,코스피200,103140
20240502,코스피200,000990
20240502,코스피200,010060
20240502,코스피200,026960
20240502,코스피200,204320
20240502,코스피200,023530
20240502,코스피200,009420
20240502,코스피200,004170
20240502,코스피200,298050
20240502,코스피200,042670
20240502,코스피200,111770
20240502,코스피200,007310
20240502,코스피200,139480
20240502,코스피200,000080
20240502,코스피200,000240
20240502,코스피200,004490
20240502,코스피200,005850
20240502,코스피200,011210
20240502,코스피200,017800
20240502,코스피200,047040
20240502,코스피200,051600
20240502,코스피200,145720
20240502,코스피200,192820
20240502,코스피200,298020
20240502,코스피200,009240
20240502,코스피200,375500
20240502,코스피200,069620
20240502,코스피200,006360
20240502,코스피200,006280
20240502,코스피200,004800
20240502,코스피200,002710
20240502,코스피200,139130
20240502,코스피200,137310
20240502,코스피200,185750
20240502,코스피200,336260
20240502,코스피200,280360
20240502,코스피200,006110
20240502,코스피200,005420
20240502,코스피200,005300
20240502,코스피200,004000
20240502,코스피200,003620
20240502,코스피200,003090
20240502,코스피200,001740
20240502,코스피200,001120
20240502,코스피200,000210
20240502,코스피200,014820
20240502,코스피200,161890
20240502,코스피200,120110
20240502,코스피200,069960
20240502,코스피200,009970
20240502,코스피200,006650
20240502,코스피200,192080
20240502,코스피200,039130
20240502,코스피200,001800
20240502,코스피200,285130
20240502,코스피200,300720
20240502,코스피200,114090
20240502,코스피200,000670
20240502,코스피200,001680
20240502,코스피200,005250
20240502,코스피200,105630
20240502,코스피200,093370
20240502,코스피200,069260
20240502,코스피200,032350
20240502,코스피200,009900
20240502,코스피200,019170
20240502,코스피200,020560
20240502,코스피200,271940
20240502,코스피200,016380
20240502,코스피200,008730
20240502,코스피200,010780
20240502,코스피200,001430
20240502,코스피200,178920
20240502,코스닥150,247540
20240502,코스닥150,028300
20240502,코스닥150,086520
20240502,코스닥150,196170
20240502,코스닥150,348370
20240502,코스닥150,068760
20240502,코스닥150,058470
20240502,코스닥150,277810
20240502,코스닥150,403870
20240502,코스닥150,039030
20240502,코스닥150,000250
20240502,코스닥150,145020
20240502,코스닥150,141080
20240502,코스닥150,035900
20240502,코스닥150,357780
20240502,코스닥150,214150
20240502,코스닥150,005290
20240502,코스닥150,263750
20240502,코스닥150,041510
20240502,코스닥150,240810
20240502,코스닥150,293490
20240502,코스닥150,067630
20240502,코스닥150,036930
20240502,코스닥150,035760
20240502,코스닥150,237690
20240502,코스닥150,328130
20240502,코스닥150,112040
20240502,코스닥150,095340
20240502,코스닥150,281740
20240502,코스닥150,078600
20240502,코스닥150,067310
20240502,코스닥150,064760
20240502,코스닥150,034230
20240502,코스닥150,121600
20240502,코스닥150,214450
20240502,코스닥150,036830
20240502,코스닥150,253450
20240502,코스닥150,067160
20240502,코스닥150,393890
20240502,코스닥150,298380
20240502,코스닥150,084370
20240502,코스닥150,214370
20240502,코스닥150,204270
20240502,코스닥150,039200
20240502,코스닥150,096530
20240502,코스닥150,025900
20240502,코스닥150,098460
20240502,코스닥150,140410
20240502,코스닥150,195940
20240502,코스닥150,140860
20240502,코스닥150,166090
20240502,코스닥150,383310
20240502,코스닥150,031980
20240502,코스닥150,086900
20240502,코스닥150,183300
20240502,코스닥150,213420
20240502,코스닥150,222800
20240502,코스닥150,365340
20240502,코스닥150,085660
20240502,코스닥150,336570
20240502,코스닥150,178320
20240502,코스닥150,036540
20240502,코스닥150,056190
20240502,코스닥150,137400
20240502,코스닥150,101490
20240502,코스닥150,131290
20240502,코스닥150,074600
20240502,코스닥150,319660
20240502,코스닥150,225570
20240502,코스닥150,009520
20240502,코스닥150,131970
20240502,코스닥150,119860
20240502,코스닥150,222080
20240502,코스닥150,352480
20240502,코스닥150,287410
20240502,코스닥150,122870
20240502,코스닥150,048410
20240502,코스닥150,015750
20240502,코스닥150,418550
20240502,코스닥150,278280
20240502,코스닥150,064550
20240502,코스닥150,058970
20240502,코스닥150,086450
20240502,코스닥150,003380
20240502,코스닥150,215200
20240502,코스닥150,036810
20240502,코스닥150,189300
20240502,코스닥150,348210
20240502,코스닥150,041190
20240502,코스닥150,032500
20240502,코스닥150,272290
20240502,코스닥150,053800
20240502,코스닥150,376300
20240502,코스닥150,058610
20240502,코스닥150,007390
20240502,코스닥150,144510
20240502,코스닥150,030520
20240502,코스닥150,025980
20240502,코스닥150,358570
20240502,코스닥150,194480
20240502,코스닥150,046890
20240502,코스닥150,091120
20240502,코스닥150,372170
20240502,코스닥150,310210
20240502,코스닥150,099190
20240502,코스닥150,006730
20240502,코스닥150,095500
20240502,코스닥150,078340
20240502,코스닥150,215600
20240502,코스닥150,060280
20240502,코스닥150,032190
20240502,코스닥150,082270
20240502,코스닥150,091700
20240502,코스닥150,095610
20240502,코스닥150,299030
20240502,코스닥150,215000
20240502,코스닥150,218410
20240502,코스닥150,290650
20240502,코스닥150,095660
20240502,코스닥150,049070
20240502,코스닥150,060250
20240502,코스닥150,068240
20240502,코스닥150,360070
20240502,코스닥150,114190
20240502,코스닥150,200130
20240502,코스닥150,108860
20240502,코스닥150,043150
20240502,코스닥150,084850
20240502,코스닥150,053610
20240502,코스닥150,425040
20240502,코스닥150,033640
20240502,코스닥150,089980
20240502,코스닥150,323990
20240502,코스닥150,118990
20240502,코스닥150,060720
20240502,코스닥150,035600
20240502,코스닥150,025770
20240502,코스닥150,061970
20240502,코스닥150,080160
20240502,코스닥150,267980
20240502,코스닥150,095700
20240502,코스닥150,086390
20240502,코스닥150,041960
20240502,코스닥150,042600
20240502,코스닥150,101670
20240502,코스닥150,298540
20240502,코스닥150,230240
20240502,코스닥150,073570
20240502,코스닥150,033290
20240502,코스닥150,294090
20240603,코스피200,005930
20240603,코스피200,000660
20240603,코스피200,373220
20240603,코스피200,005380
20240603,코스피200,207940
20240603,코스피200,000270
20240603,코스피200,068270
20240603,코스피200,105560
20240603,코스피200,005490
20240603,코스피200,035420
20240603,코스피200,006400
20240603,코스피200,051910
20240603,코스피200,028260
20240603,코스피200,055550
20240603,코스피200,012330
20240603,코스피200,003670
20240603,코스피200,035720
20240603,코스피200,086790
20240603,코스피200,032830
20240603,코스피200,066570
20240603,코스피200,000810
20240603,코스피200,138040
20240603,코스피200,034020
20240603,코스피200,011200
20240603,코스피200,034730
20240603,코스피200,015760
20240603,코스피200,003550
20240603,코스피200,018260
20240603,코스피200,009150
20240603,코스피200,259960
20240603,코스피200,329180
20240603,코스피200,012450
20240603,코스피200,033780
20240603,코스피200,017670
20240603,코스피200,090430
20240603,코스피200,323410
20240603,코스피200,024110
20240603,코스피200,402340
20240603,코스피200,316140
20240603,코스피200,267260
20240603,코스피200,010130
20240603,코스피200,096770
20240603,코스피200,030200
20240603,코스피200,009540
20240603,코스피200,042660
20240603,코스피200,047050
20240603,코스피200,010140
20240603,코스피200,352820
20240603,코스피200,010950
20240603,코스피200,003490
20240603,코스피200,005830
20240603,코스피200,086280
20240603,코스피200,051900
20240603,코스피200,326030
20240603,코스피200,010120
20240603,코스피200,000100
20240603,코스피200,011070
20240603,코스피200,241560
20240603,코스피200,006260
20240603,코스피200,267250
20240603,코스피200,011790
20240603,코스피200,022100
20240603,코스피200,161390
20240603,코스피200,450080
20240603,코스피200,009830
20240603,코스피200,097950
20240603,코스피200,251270
20240603,코스피200,047810
20240603,코스피200,034220
20240603,코스피200,001570
20240603,코스피200,011170
20240603,코스피200,028050
20240603,코스피200,029780
20240603,코스피200,036570
20240603,코스피200,006800
20240603,코스피200,003230
20240603,코스피200,180640
20240603,코스피200,377300
20240603,코스피200,032640
20240603,코스피200,021240
20240603,코스피200,011780
20240603,코스피200,078930
20240603,코스피200,064350
20240603,코스피200,302440
20240603,코스피200,005940
20240603,코스피200,004020
20240603,코스피200,001040
20240603,코스피200,128940
20240603,코스피200,000720
20240603,코스피200,271560
20240603,코스피200,036460
20240603,코스피200,079550
20240603,코스피200,071050
20240603,코스피200,272210
20240603,코스피200,039490
20240603,코스피200,035250
20240603,코스피200,016360
20240603,코스피200,000150
20240603,코스피200,361610
20240603,코스피200,001440
20240603,코스피200,003410
20240603,코스피200,002790
20240603,코스피200,001450
20240603,코스피200,175330
20240603,코스피200,010620
20240603,코스피200,004370
20240603,코스피200,052690
20240603,코스피200,138930
20240603,코스피200,018880
20240603,코스피200,004990
20240603,코스피200,002380
20240603,코스피200,383220
20240603,코스피200,028670
20240603,코스피200,012750
20240603,코스피200,088350
20240603,코스피200,007070
20240603,코스피200,081660
20240603,코스피200,112610
20240603,코스피200,008930
20240603,코스피200,008770
20240603,코스피200,000120
20240603,코스피200,030000
20240603,코스피200,073240
20240603,코스피200,204320
20240603,코스피200,020150
20240603,코스피200,000880
20240603,코스피200,014680
20240603,코스피200,282330
20240603,코스피200,192820
20240603,코스피200,000990
20240603,코스피200,026960
20240603,코스피200,010060
20240603,코스피200,023530
20240603,코스피200,007310
20240603,코스피200,042670
20240603,코스피200,051600
20240603,코스피200,103140
20240603,코스피200,139480
20240603,코스피200,009420
20240603,코스피200,298050
20240603,코스피200,004170
20240603,코스피200,005850
20240603,코스피200,298020
20240603,코스피200,047040
20240603,코스피200,111770
20240603,코스피200,161890
20240603,코스피200,017800
20240603,코스피200,000240
20240603,코스피200,004490
20240603,코스피200,011210
20240603,코스피200,336260
20240603,코스피200,000080
20240603,코스피200,001120
20240603,코스피200,002710
20240603,코스피200,004000
20240603,코스피200,004800
20240603,코스피200,006280
20240603,코스피200,006360
20240603,코스피200,009240
20240603,코스피200,014820
20240603,코스피200,069620
20240603,코스피200,137310
20240603,코스피200,139130
20240603,코스피200,145720
20240603,코스피200,185750
20240603,코스피200,280360
20240603,코스피200,375500
20240603,코스피200,001740
20240603,코스피200,120110
20240603,코스피200,009970
20240603,코스피200,000210
20240603,코스피200,005420
20240603,코스피200,005300
20240603,코스피200,006110
20240603,코스피200,003620
20240603,코스피200,069960
20240603,코스피200,300720
20240603,코스피200,008730
20240603,코스피200,006650
20240603,코스피200,003090
20240603,코스피200,039130
20240603,코스피200,285130
20240603,코스피200,105630
20240603,코스피200,001800
20240603,코스피200,271940
20240603,코스피200,192080
20240603,코스피200,178920
20240603,코스피200,114090
20240603,코스피200,093370
20240603,코스피200,069260
20240603,코스피200,032350
20240603,코스피200,020560
20240603,코스피200,019170
20240603,코스피200,016380
20240603,코스피200,010780
20240603,코스피200,009900
20240603,코스피200,001680
20240603,코스피200,001430
20240603,코스피200,000670
20240603,코스피200,005250
20240603,코스닥150,247540
20240603,코스닥150,086520
20240603,코스닥150,196170
20240603,코스닥150,028300
20240603,코스닥150,348370
20240603,코스닥150,058470
20240603,코스닥150,068760
20240603,코스닥150,403870
20240603,코스닥150,277810
20240603,코스닥150,214150
20240603,코스닥150,000250
20240603,코스닥150,263750
20240603,코스닥150,039030
20240603,코스닥150,357780
20240603,코스닥150,145020
20240603,코스닥150,141080
20240603,코스닥150,005290
20240603,코스닥150,041510
20240603,코스닥150,035900
20240603,코스닥150,035760
20240603,코스닥150,078600
20240603,코스닥150,240810
20240603,코스닥150,178320
20240603,코스닥150,237690
20240603,코스닥150,293490
20240603,코스닥150,328130
20240603,코스닥150,095340
20240603,코스닥150,036930
20240603,코스닥150,137400
20240603,코스닥150,112040
20240603,코스닥150,064760
20240603,코스닥150,039200
20240603,코스닥150,036830
20240603,코스닥150,214450
20240603,코스닥150,121600
20240603,코스닥150,253450
20240603,코스닥150,034230
20240603,코스닥150,281740
20240603,코스닥150,140860
20240603,코스닥150,067160
20240603,코스닥150,031980
20240603,코스닥150,214370
20240603,코스닥150,140410
20240603,코스닥150,298380
20240603,코스닥150,393890
20240603,코스닥150,084370
20240603,코스닥150,096530
20240603,코스닥150,067310
20240603,코스닥150,204270
20240603,코스닥150,213420
20240603,코스닥150,222800
20240603,코스닥150,195940
20240603,코스닥150,086900
20240603,코스닥150,056190
20240603,코스닥150,067630
20240603,코스닥150,166090
20240603,코스닥150,383310
20240603,코스닥150,365340
20240603,코스닥150,085660
20240603,코스닥150,225570
20240603,코스닥150,098460
20240603,코스닥150,319660
20240603,코스닥150,074600
20240603,코스닥150,352480
20240603,코스닥150,036540
20240603,코스닥150,287410
20240603,코스닥150,183300
20240603,코스닥150,025900
20240603,코스닥150,101490
20240603,코스닥150,086450
20240603,코스닥150,009520
20240603,코스닥150,036810
20240603,코스닥150,048410
20240603,코스닥150,122870
20240603,코스닥150,119860
20240603,코스닥150,064550
20240603,코스닥150,222080
20240603,코스닥150,310210
20240603,코스닥150,041190
20240603,코스닥150,007390
20240603,코스닥150,058970
20240603,코스닥150,278280
20240603,코스닥150,131970
20240603,코스닥150,418550
20240603,코스닥150,003380
20240603,코스닥150,336570
20240603,코스닥150,215200
20240603,코스닥150,015750
20240603,코스닥150,348210
20240603,코스닥150,194480
20240603,코스닥150,131290
20240603,코스닥150,272290
20240603,코스닥150,189300
20240603,코스닥150,053800
20240603,코스닥150,030520
20240603,코스닥150,376300
20240603,코스닥150,032500
20240603,코스닥150,372170
20240603,코스닥150,058610
20240603,코스닥150,046890
20240603,코스닥150,144510
20240603,코스닥150,091120
20240603,코스닥150,025980
20240603,코스닥150,358570
20240603,코스닥150,078340
20240603,코스닥150,006730
20240603,코스닥150,099190
20240603,코스닥150,084850
20240603,코스닥150,299030
20240603,코스닥150,200130
20240603,코스닥150,032190
20240603,코스닥150,068240
20240603,코스닥150,082270
20240603,코스닥150,215000
20240603,코스닥150,091700
20240603,코스닥150,095610
20240603,코스닥150,095660
20240603,코스닥150,089980
20240603,코스닥150,060280
20240603,코스닥150,095500
20240603,코스닥150,294090
20240603,코스닥150,218410
20240603,코스닥150,290650
20240603,코스닥150,108860
20240603,코스닥150,033640
20240603,코스닥150,215600
20240603,코스닥150,049070
20240603,코스닥150,043150
20240603,코스닥150,060250
20240603,코스닥150,425040
20240603,코스닥150,360070
20240603,코스닥150,323990
20240603,코스닥150,114190
20240603,코스닥150,060720
20240603,코스닥150,053610
20240603,코스닥150,086390
20240603,코스닥150,267980
20240603,코스닥150,118990
20240603,코스닥150,035600
20240603,코스닥150,025770
20240603,코스닥150,041960
20240603,코스닥150,095700
20240603,코스닥150,080160
20240603,코스닥150,061970
20240603,코스닥150,101670
20240603,코스닥150,042600
20240603,코스닥150,298540
20240603,코스닥150,230240
20240603,코스닥150,073570
20240603,코스닥150,033290
20240701,코스피200,005930
20240701,코스피200,000660
20240701,코스피200,373220
20240701,코스피200,005380
20240701,코스피200,207940
20240701,코스피200,000270
20240701,코스피200,068270
20240701,코스피200,105560
20240701,코스피200,005490
20240701,코스피200,035420
20240701,코스피200,006400
20240701,코스피200,051910
20240701,코스피200,028260
20240701,코스피200,055550
20240701,코스피200,012330
20240701,코스피200,003670
20240701,코스피200,035720
20240701,코스피200,066570
20240701,코스피200,000810
20240701,코스피200,086790
20240701,코스피200,032830
20240701,코스피200,042700
20240701,코스피200,138040
20240701,코스피200,011200
20240701,코스피200,329180
20240701,코스피200,402340
20240701,코스피200,259960
20240701,코스피200,003550
20240701,코스피200,034020
20240701,코스피200,015760
20240701,코스피200,012450
20240701,코스피200,018260
20240701,코스피200,009150
20240701,코스피200,033780
20240701,코스피200,034730
20240701,코스피200,009540
20240701,코스피200,047050
20240701,코스피200,096770
20240701,코스피200,017670
20240701,코스피200,024110
20240701,코스피200,316140
20240701,코스피200,010130
20240701,코스피200,267260
20240701,코스피200,323410
20240701,코스피200,090430
20240701,코스피200,042660
20240701,코스피200,030200
20240701,코스피200,086280
20240701,코스피200,003490
20240701,코스피200,010140
20240701,코스피200,352820
20240701,코스피200,010950
20240701,코스피200,005830
20240701,코스피200,000100
20240701,코스피200,450080
20240701,코스피200,011070
20240701,코스피200,011790
20240701,코스피200,326030
20240701,코스피200,010120
20240701,코스피200,034220
20240701,코스피200,022100
20240701,코스피200,267250
20240701,코스피200,051900
20240701,코스피200,161390
20240701,코스피200,097950
20240701,코스피200,241560
20240701,코스피200,454910
20240701,코스피200,066970
20240701,코스피200,047810
20240701,코스피200,036460
20240701,코스피200,079550
20240701,코스피200,021240
20240701,코스피200,005070
20240701,코스피200,011170
20240701,코스피200,001570
20240701,코스피200,251270
20240701,코스피200,028050
20240701,코스피200,009830
20240701,코스피200,003230
20240701,코스피200,029780
20240701,코스피200,064350
20240701,코스피200,032640
20240701,코스피200,078930
20240701,코스피200,006800
20240701,코스피200,302440
20240701,코스피200,006260
20240701,코스피200,180640
20240701,코스피200,036570
20240701,코스피200,011780
20240701,코스피200,005940
20240701,코스피200,071050
20240701,코스피200,010620
20240701,코스피200,004020
20240701,코스피200,377300
20240701,코스피200,128940
20240701,코스피200,016360
20240701,코스피200,272210
20240701,코스피200,000720
20240701,코스피200,271560
20240701,코스피200,001040
20240701,코스피200,000150
20240701,코스피200,039490
20240701,코스피200,361610
20240701,코스피200,035250
20240701,코스피200,001450
20240701,코스피200,001440
20240701,코스피200,004370
20240701,코스피200,175330
20240701,코스피200,052690
20240701,코스피200,088350
20240701,코스피200,138930
20240701,코스피200,018880
20240701,코스피200,002790
20240701,코스피200,004990
20240701,코스피200,002380
20240701,코스피200,081660
20240701,코스피200,383220
20240701,코스피200,192820
20240701,코스피200,000120
20240701,코스피200,007070
20240701,코스피200,030000
20240701,코스피200,012750
20240701,코스피200,028670
20240701,코스피200,008930
20240701,코스피200,112610
20240701,코스피200,204320
20240701,코스피200,000880
20240701,코스피200,026960
20240701,코스피200,008770
20240701,코스피200,014680
20240701,코스피200,005850
20240701,코스피200,073240
20240701,코스피200,103140
20240701,코스피200,023530
20240701,코스피200,009420
20240701,코스피200,010060
20240701,코스피200,282330
20240701,코스피200,042670
20240701,코스피200,047040
20240701,코스피200,051600
20240701,코스피200,111770
20240701,코스피200,139480
20240701,코스피200,161890
20240701,코스피200,017800
20240701,코스피200,298020
20240701,코스피200,298050
20240701,코스피200,004170
20240701,코스피200,007310
20240701,코스피200,011210
20240701,코스피200,280360
20240701,코스피200,000080
20240701,코스피200,000240
20240701,코스피200,002710
20240701,코스피200,004490
20240701,코스피200,006280
20240701,코스피200,006360
20240701,코스피200,009240
20240701,코스피200,139130
20240701,코스피200,336260
20240701,코스피200,457190
20240701,코스피200,009970
20240701,코스피200,014820
20240701,코스피200,069620
20240701,코스피200,069960
20240701,코스피200,001120
20240701,코스피200,375500
20240701,코스피200,137310
20240701,코스피200,145720
20240701,코스피200,185750
20240701,코스피200,000210
20240701,코스피200,004000
20240701,코스피200,004800
20240701,코스피200,005300
20240701,코스피200,006110
20240701,코스피200,005420
20240701,코스피200,003620
20240701,코스피200,003090
20240701,코스피200,001800
20240701,코스피200,001740
20240701,코스피200,001680
20240701,코스피200,300720
20240701,코스피200,192080
20240701,코스피200,120110
20240701,코스피200,039130
20240701,코스피200,008730
20240701,코스피200,032350
20240701,코스피200,006650
20240701,코스피200,093370
20240701,코스피200,105630
20240701,코스피200,114090
20240701,코스피200,271940
20240701,코스피200,009900
20240701,코스피200,003030
20240701,코스피200,178920
20240701,코스피200,001430
20240701,코스피200,069260
20240701,코스피200,285130
20240701,코스피200,016380
20240701,코스피200,000670
20240701,코스피200,005250
20240701,코스닥150,247540
20240701,코스닥150,196170
20240701,코스닥150,086520
20240701,코스닥150,028300
20240701,코스닥150,348370
20240701,코스닥150,068760
20240701,코스닥150,000250
20240701,코스닥150,058470
20240701,코스닥150,214150
20240701,코스닥150,403870
20240701,코스닥150,277810
20240701,코스닥150,145020
20240701,코스닥150,263750
20240701,코스닥150,141080
20240701,코스닥150,257720
20240701,코스닥150,078600
20240701,코스닥150,357780
20240701,코스닥150,039030
20240701,코스닥150,089030
20240701,코스닥150,005290
20240701,코스닥150,035900
20240701,코스닥150,041510
20240701,코스닥150,035760
20240701,코스닥150,036930
20240701,코스닥150,237690
20240701,코스닥150,240810
20240701,코스닥150,293490
20240701,코스닥150,204270
20240701,코스닥150,417200
20240701,코스닥150,178320
20240701,코스닥150,067160
20240701,코스닥150,039200
20240701,코스닥150,214450
20240701,코스닥150,064760
20240701,코스닥150,137400
20240701,코스닥150,112040
20240701,코스닥150,036830
20240701,코스닥150,031980
20240701,코스닥150,121600
20240701,코스닥150,328130
20240701,코스닥150,095340
20240701,코스닥150,140860
20240701,코스닥150,033100
20240701,코스닥150,166090
20240701,코스닥150,214370
20240701,코스닥150,281740
20240701,코스닥150,253450
20240701,코스닥150,352480
20240701,코스닥150,087010
20240701,코스닥150,298380
20240701,코스닥150,084370
20240701,코스닥150,222800
20240701,코스닥150,140410
20240701,코스닥150,018290
20240701,코스닥150,393890
20240701,코스닥150,096530
20240701,코스닥150,195940
20240701,코스닥150,086900
20240701,코스닥150,067310
20240701,코스닥150,025320
20240701,코스닥150,319660
20240701,코스닥150,225570
20240701,코스닥150,213420
20240701,코스닥150,056190
20240701,코스닥150,287410
20240701,코스닥150,074600
20240701,코스닥150,383310
20240701,코스닥150,365340
20240701,코스닥150,310210
20240701,코스닥150,067630
20240701,코스닥150,036540
20240701,코스닥150,098460
20240701,코스닥150,085660
20240701,코스닥150,009520
20240701,코스닥150,086450
20240701,코스닥150,183300
20240701,코스닥150,119860
20240701,코스닥150,036810
20240701,코스닥150,025900
20240701,코스닥150,399720
20240701,코스닥150,272290
20240701,코스닥150,222080
20240701,코스닥150,101490
20240701,코스닥150,064550
20240701,코스닥150,048410
20240701,코스닥150,418550
20240701,코스닥150,194480
20240701,코스닥150,122870
20240701,코스닥150,336570
20240701,코스닥150,278280
20240701,코스닥150,348210
20240701,코스닥150,015750
20240701,코스닥150,041190
20240701,코스닥150,003380
20240701,코스닥150,058970
20240701,코스닥150,420770
20240701,코스닥150,131290
20240701,코스닥150,080220
20240701,코스닥150,215200
20240701,코스닥150,131970
20240701,코스닥150,007390
20240701,코스닥150,376300
20240701,코스닥150,189300
20240701,코스닥150,101360
20240701,코스닥150,053800
20240701,코스닥150,030520
20240701,코스닥150,058610
20240701,코스닥150,372170
20240701,코스닥150,200130
20240701,코스닥150,290650
20240701,코스닥150,099190
20240701,코스닥150,032500
20240701,코스닥150,084850
20240701,코스닥150,046890
20240701,코스닥150,095610
20240701,코스닥150,025980
20240701,코스닥150,078340
20240701,코스닥150,091120
20240701,코스닥150,358570
20240701,코스닥150,215000
20240701,코스닥150,179900
20240701,코스닥150,006730
20240701,코스닥150,394280
20240701,코스닥150,144510
20240701,코스닥150,091700
20240701,코스닥150,095660
20240701,코스닥150,095500
20240701,코스닥150,094360
20240701,코스닥150,032190
20240701,코스닥150,049070
20240701,코스닥150,082270
20240701,코스닥150,068240
20240701,코스닥150,060280
20240701,코스닥150,043150
20240701,코스닥150,114190
20240701,코스닥150,108860
20240701,코스닥150,215600
20240701,코스닥150,360070
20240701,코스닥150,218410
20240701,코스닥150,033640
20240701,코스닥150,323990
20240701,코스닥150,060250
20240701,코스닥150,425040
20240701,코스닥150,267980
20240701,코스닥150,025770
20240701,코스닥150,053610
20240701,코스닥150,299030
20240701,코스닥150,118990
20240701,코스닥150,060720
20240701,코스닥150,035600
20240801,코스피200,005930
20240801,코스피200,000660
20240801,코스피200,373220
20240801,코스피200,207940
20240801,코스피200,005380
20240801,코스피200,000270
20240801,코스피200,068270
20240801,코스피200,105560
20240801,코스피200,055550
20240801,코스피200,005490
20240801,코스피200,035420
20240801,코스피200,028260
20240801,코스피200,006400
20240801,코스피200,051910
20240801,코스피200,012330
20240801,코스피200,329180
20240801,코스피200,086790
20240801,코스피200,032830
20240801,코스피200,000810
20240801,코스피200,035720
20240801,코스피200,003670
20240801,코스피200,066570
20240801,코스피200,138040
20240801,코스피200,012450
20240801,코스피200,009540
20240801,코스피200,259960
20240801,코스피200,011200
20240801,코스피200,003550
20240801,코스피200,015760
20240801,코스피200,042700
20240801,코스피200,033780
20240801,코스피200,009150
20240801,코스피200,034020
20240801,코스피200,316140
20240801,코스피200,017670
20240801,코스피200,267260
20240801,코스피200,018260
20240801,코스피200,024110
20240801,코스피200,402340
20240801,코스피200,034730
20240801,코스피200,090430
20240801,코스피200,010140
20240801,코스피200,323410
20240801,코스피200,096770
20240801,코스피200,010130
20240801,코스피200,042660
20240801,코스피200,030200
20240801,코스피200,047050
20240801,코스피200,005830
20240801,코스피200,003490
20240801,코스피200,010950
20240801,코스피200,000100
20240801,코스피200,352820
20240801,코스피200,326030
20240801,코스피200,267250
20240801,코스피200,011070
20240801,코스피200,450080
20240801,코스피200,034220
20240801,코스피200,047810
20240801,코스피200,064350
20240801,코스피200,028050
20240801,코스피200,010120
20240801,코스피200,097950
20240801,코스피200,051900
20240801,코스피200,011790
20240801,코스피200,251270
20240801,코스피200,161390
20240801,코스피200,454910
20240801,코스피200,029780
20240801,코스피200,010620
20240801,코스피200,078930
20240801,코스피200,079550
20240801,코스피200,086280
20240801,코스피200,180640
20240801,코스피200,022100
20240801,코스피200,005940
20240801,코스피200,006800
20240801,코스피200,009830
20240801,코스피200,021240
20240801,코스피200,003230
20240801,코스피200,011170
20240801,코스피200,032640
20240801,코스피200,302440
20240801,코스피200,241560
20240801,코스피200,066970
20240801,코스피200,005070
20240801,코스피200,001040
20240801,코스피200,071050
20240801,코스피200,011780
20240801,코스피200,036570
20240801,코스피200,036460
20240801,코스피200,016360
20240801,코스피200,001570
20240801,코스피200,000720
20240801,코스피200,006260
20240801,코스피200,004020
20240801,코스피200,128940
20240801,코스피200,272210
20240801,코스피200,271560
20240801,코스피200,377300
20240801,코스피200,039490
20240801,코스피200,138930
20240801,코스피200,035250
20240801,코스피200,001450
20240801,코스피200,002380
20240801,코스피200,004370
20240801,코스피200,361610
20240801,코스피200,052690
20240801,코스피200,000150
20240801,코스피200,175330
20240801,코스피200,081660
20240801,코스피200,088350
20240801,코스피200,002790
20240801,코스피200,004990
20240801,코스피200,001440
20240801,코스피200,000880
20240801,코스피200,018880
20240801,코스피200,112610
20240801,코스피200,383220
20240801,코스피200,000120
20240801,코스피200,007070
20240801,코스피200,008930
20240801,코스피200,028670
20240801,코스피200,012750
20240801,코스피200,030000
20240801,코스피200,008770
20240801,코스피200,017800
20240801,코스피200,139480
20240801,코스피200,023530
20240801,코스피200,192820
20240801,코스피200,014680
20240801,코스피200,204320
20240801,코스피200,009420
20240801,코스피200,007310
20240801,코스피200,006360
20240801,코스피200,005850
20240801,코스피200,047040
20240801,코스피200,282330
20240801,코스피200,026960
20240801,코스피200,111770
20240801,코스피200,051600
20240801,코스피200,000240
20240801,코스피200,004170
20240801,코스피200,006280
20240801,코스피200,042670
20240801,코스피200,069620
20240801,코스피200,103140
20240801,코스피200,161890
20240801,코스피200,185750
20240801,코스피200,280360
20240801,코스피200,000080
20240801,코스피200,010060
20240801,코스피200,375500
20240801,코스피200,336260
20240801,코스피200,298050
20240801,코스피200,298020
20240801,코스피200,139130
20240801,코스피200,073240
20240801,코스피200,014820
20240801,코스피200,011210
20240801,코스피200,009240
20240801,코스피200,005300
20240801,코스피200,003620
20240801,코스피200,004490
20240801,코스피200,001120
20240801,코스피200,000210
20240801,코스피200,009970
20240801,코스피200,004000
20240801,코스피200,137310
20240801,코스피200,003090
20240801,코스피200,069960
20240801,코스피200,001800
20240801,코스피200,001740
20240801,코스피200,457190
20240801,코스피200,120110
20240801,코스피200,300720
20240801,코스피200,145720
20240801,코스피200,002710
20240801,코스피200,192080
20240801,코스피200,003030
20240801,코스피200,114090
20240801,코스피200,105630
20240801,코스피200,093370
20240801,코스피200,285130
20240801,코스피200,039130
20240801,코스피200,032350
20240801,코스피200,271940
20240801,코스피200,178920
20240801,코스피200,006650
20240801,코스피200,006110
20240801,코스피200,005420
20240801,코스피200,005250
20240801,코스피200,004800
20240801,코스피200,069260
20240801,코스피200,001430
20240801,코스피200,001680
20240801,코스피200,000670
20240801,코스피200,008730
20240801,코스피200,009900
20240801,코스피200,016380
20240801,코스닥150,247540
20240801,코스닥150,196170
20240801,코스닥150,086520
20240801,코스닥150,028300
20240801,코스닥150,000250
20240801,코스닥150,068760
20240801,코스닥150,348370
20240801,코스닥150,141080
20240801,코스닥150,145020
20240801,코스닥150,058470
20240801,코스닥150,214150
20240801,코스닥150,257720
20240801,코스닥150,263750
20240801,코스닥150,277810
20240801,코스닥150,403870
20240801,코스닥150,039030
20240801,코스닥150,035900
20240801,코스닥150,357780
20240801,코스닥150,089030
20240801,코스닥150,225570
20240801,코스닥150,078600
20240801,코스닥150,005290
20240801,코스닥150,240810
20240801,코스닥150,237690
20240801,코스닥150,035760
20240801,코스닥150,041510
20240801,코스닥150,293490
20240801,코스닥150,039200
20240801,코스닥150,214450
20240801,코스닥150,178320
20240801,코스닥150,310210
20240801,코스닥150,036930
20240801,코스닥150,298380
20240801,코스닥150,087010
20240801,코스닥150,137400
20240801,코스닥150,064760
20240801,코스닥150,067630
20240801,코스닥150,214370
20240801,코스닥150,112040
20240801,코스닥150,018290
20240801,코스닥150,417200
20240801,코스닥150,204270
20240801,코스닥150,086900
20240801,코스닥150,033100
20240801,코스닥150,352480
20240801,코스닥150,140860
20240801,코스닥150,121600
20240801,코스닥150,036830
20240801,코스닥150,067160
20240801,코스닥150,328130
20240801,코스닥150,253450
20240801,코스닥150,195940
20240801,코스닥150,096530
20240801,코스닥150,031980
20240801,코스닥150,084370
20240801,코스닥150,281740
20240801,코스닥150,095340
20240801,코스닥150,067310
20240801,코스닥150,287410
20240801,코스닥150,166090
20240801,코스닥150,140410
20240801,코스닥150,025320
20240801,코스닥150,222800
20240801,코스닥150,056190
20240801,코스닥150,319660
20240801,코스닥150,085660
20240801,코스닥150,064550
20240801,코스닥150,213420
20240801,코스닥150,074600
20240801,코스닥150,393890
20240801,코스닥150,383310
20240801,코스닥150,119860
20240801,코스닥150,036540
20240801,코스닥150,098460
20240801,코스닥150,086450
20240801,코스닥150,183300
20240801,코스닥150,009520
20240801,코스닥150,365340
20240801,코스닥150,048410
20240801,코스닥150,122870
20240801,코스닥150,007390
20240801,코스닥150,025900
20240801,코스닥150,222080
20240801,코스닥150,041190
20240801,코스닥150,036810
20240801,코스닥150,131970
20240801,코스닥150,003380
20240801,코스닥150,101490
20240801,코스닥150,101360
20240801,코스닥150,278280
20240801,코스닥150,272290
20240801,코스닥150,015750
20240801,코스닥150,189300
20240801,코스닥150,194480
20240801,코스닥150,420770
20240801,코스닥150,336570
20240801,코스닥150,348210
20240801,코스닥150,399720
20240801,코스닥150,215200
20240801,코스닥150,053800
20240801,코스닥150,418550
20240801,코스닥150,376300
20240801,코스닥150,058970
20240801,코스닥150,131290
20240801,코스닥150,046890
20240801,코스닥150,080220
20240801,코스닥150,058610
20240801,코스닥150,099190
20240801,코스닥150,091120
20240801,코스닥150,025980
20240801,코스닥150,078340
20240801,코스닥150,358570
20240801,코스닥150,179900
20240801,코스닥150,200130
20240801,코스닥150,144510
20240801,코스닥150,372170
20240801,코스닥150,032500
20240801,코스닥150,030520
20240801,코스닥150,032190
20240801,코스닥150,290650
20240801,코스닥150,095660
20240801,코스닥150,215000
20240801,코스닥150,084850
20240801,코스닥150,006730
20240801,코스닥150,215600
20240801,코스닥150,091700
20240801,코스닥150,082270
20240801,코스닥150,060280
20240801,코스닥150,108860
20240801,코스닥150,095610
20240801,코스닥150,068240
20240801,코스닥150,394280
20240801,코스닥150,043150
20240801,코스닥150,049070
20240801,코스닥150,323990
20240801,코스닥150,095500
20240801,코스닥150,094360
20240801,코스닥150,360070
20240801,코스닥150,218410
20240801,코스닥150,060250
20240801,코스닥150,267980
20240801,코스닥150,114190
20240801,코스닥150,053610
20240801,코스닥150,025770
20240801,코스닥150,033640
20240801,코스닥150,035600
20240801,코스닥150,425040
20240801,코스닥150,118990
20240801,코스닥150,060720
20240801,코스닥150,299030
20240902,코스피200,005930
20240902,코스피200,000660
20240902,코스피200,373220
20240902,코스피200,207940
20240902,코스피200,005380
20240902,코스피200,068270
20240902,코스피200,000270
20240902,코스피200,105560
20240902,코스피200,005490
20240902,코스피200,055550
20240902,코스피200,035420
20240902,코스피200,028260
20240902,코스피200,006400
20240902,코스피200,051910
20240902,코스피200,012330
20240902,코스피200,032830
20240902,코스피200,003670
20240902,코스피200,086790
20240902,코스피200,138040
20240902,코스피200,000810
20240902,코스피200,066570
20240902,코스피200,035720
20240902,코스피200,329180
20240902,코스피200,259960
20240902,코스피200,012450
20240902,코스피200,033780
20240902,코스피200,015760
20240902,코스피200,009540
20240902,코스피200,011200
20240902,코스피200,003550
20240902,코스피200,316140
20240902,코스피200,017670
20240902,코스피200,018260
20240902,코스피200,034020
20240902,코스피200,024110
20240902,코스피200,000100
20240902,코스피200,010130
20240902,코스피200,009150
20240902,코스피200,042700
20240902,코스피200,096770
20240902,코스피200,267260
20240902,코스피200,402340
20240902,코스피200,042660
20240902,코스피200,034730
20240902,코스피200,323410
20240902,코스피200,047050
20240902,코스피200,030200
20240902,코스피200,010140
20240902,코스피200,326030
20240902,코스피200,086280
20240902,코스피200,005830
20240902,코스피200,003490
20240902,코스피200,352820
20240902,코스피200,090430
20240902,코스피200,010950
20240902,코스피200,011070
20240902,코스피200,450080
20240902,코스피200,267250
20240902,코스피200,064350
20240902,코스피200,034220
20240902,코스피200,051900
20240902,코스피200,161390
20240902,코스피200,047810
20240902,코스피200,251270
20240902,코스피200,029780
20240902,코스피200,021240
20240902,코스피200,006800
20240902,코스피200,097950
20240902,코스피200,028050
20240902,코스피200,011790
20240902,코스피200,180640
20240902,코스피200,036460
20240902,코스피200,022100
20240902,코스피200,010120
20240902,코스피200,005940
20240902,코스피200,454910
20240902,코스피200,078930
20240902,코스피200,079550
20240902,코스피200,036570
20240902,코스피200,016360
20240902,코스피200,032640
20240902,코스피200,009830
20240902,코스피200,071050
20240902,코스피200,128940
20240902,코스피200,010620
20240902,코스피200,302440
20240902,코스피200,241560
20240902,코스피200,011780
20240902,코스피200,005070
20240902,코스피200,271560
20240902,코스피200,003230
20240902,코스피200,000720
20240902,코스피200,272210
20240902,코스피200,066970
20240902,코스피200,004020
20240902,코스피200,039490
20240902,코스피200,011170
20240902,코스피200,035250
20240902,코스피200,006260
20240902,코스피200,138930
20240902,코스피200,001040
20240902,코스피200,377300
20240902,코스피200,001450
20240902,코스피200,112610
20240902,코스피200,001570
20240902,코스피200,175330
20240902,코스피200,052690
20240902,코스피200,081660
20240902,코스피200,004990
20240902,코스피200,002380
20240902,코스피200,088350
20240902,코스피200,361610
20240902,코스피200,383220
20240902,코스피200,000150
20240902,코스피200,008930
20240902,코스피200,004370
20240902,코스피200,007070
20240902,코스피200,001440
20240902,코스피200,282330
20240902,코스피200,000120
20240902,코스피200,000880
20240902,코스피200,030000
20240902,코스피200,012750
20240902,코스피200,018880
20240902,코스피200,002790
20240902,코스피200,006280
20240902,코스피200,008770
20240902,코스피200,009420
20240902,코스피200,028670
20240902,코스피200,051600
20240902,코스피200,006360
20240902,코스피200,023530
20240902,코스피200,026960
20240902,코스피200,139480
20240902,코스피200,069620
20240902,코스피200,103140
20240902,코스피200,047040
20240902,코스피200,000080
20240902,코스피200,000240
20240902,코스피200,003090
20240902,코스피200,004170
20240902,코스피200,005850
20240902,코스피200,007310
20240902,코스피200,457190
20240902,코스피200,017800
20240902,코스피200,111770
20240902,코스피200,161890
20240902,코스피200,185750
20240902,코스피200,204320
20240902,코스피200,014680
20240902,코스피200,004490
20240902,코스피200,009240
20240902,코스피200,010060
20240902,코스피200,011210
20240902,코스피200,042670
20240902,코스피200,298020
20240902,코스피200,137310
20240902,코스피200,139130
20240902,코스피200,192820
20240902,코스피200,280360
20240902,코스피200,073240
20240902,코스피200,001120
20240902,코스피200,001740
20240902,코스피200,003620
20240902,코스피200,004000
20240902,코스피200,005300
20240902,코스피200,375500
20240902,코스피200,014820
20240902,코스피200,069960
20240902,코스피200,192080
20240902,코스피200,298050
20240902,코스피200,336260
20240902,코스피200,009970
20240902,코스피200,000210
20240902,코스피200,001800
20240902,코스피200,300720
20240902,코스피200,120110
20240902,코스피200,002710
20240902,코스피200,001430
20240902,코스피200,285130
20240902,코스피200,003030
20240902,코스피200,004800
20240902,코스피200,005250
20240902,코스피200,005420
20240902,코스피200,006110
20240902,코스피200,032350
20240902,코스피200,039130
20240902,코스피200,069260
20240902,코스피200,093370
20240902,코스피200,114090
20240902,코스피200,145720
20240902,코스피200,178920
20240902,코스피200,271940
20240902,코스피200,001680
20240902,코스피200,000670
20240902,코스피200,006650
20240902,코스피200,105630
20240902,코스피200,009900
20240902,코스피200,016380
20240902,코스피200,008730
20240902,코스닥150,247540
20240902,코스닥150,196170
20240902,코스닥150,086520
20240902,코스닥150,028300
20240902,코스닥150,348370
20240902,코스닥150,000250
20240902,코스닥150,141080
20240902,코스닥150,145020
20240902,코스닥150,214150
20240902,코스닥150,058470
20240902,코스닥150,068760
20240902,코스닥150,277810
20240902,코스닥150,257720
20240902,코스닥150,403870
20240902,코스닥150,237690
20240902,코스닥150,263750
20240902,코스닥150,039030
20240902,코스닥150,214450
20240902,코스닥150,357780
20240902,코스닥150,035900
20240902,코스닥150,078600
20240902,코스닥150,240810
20240902,코스닥150,298380
20240902,코스닥150,005290
20240902,코스닥150,039200
20240902,코스닥150,035760
20240902,코스닥150,293490
20240902,코스닥150,041510
20240902,코스닥150,310210
20240902,코스닥150,089030
20240902,코스닥150,178320
20240902,코스닥150,086900
20240902,코스닥150,067630
20240902,코스닥150,137400
20240902,코스닥150,195940
20240902,코스닥150,140860
20240902,코스닥150,096530
20240902,코스닥150,417200
20240902,코스닥150,036930
20240902,코스닥150,225570
20240902,코스닥150,067160
20240902,코스닥150,328130
20240902,코스닥150,121600
20240902,코스닥150,036830
20240902,코스닥150,281740
20240902,코스닥150,112040
20240902,코스닥150,095340
20240902,코스닥150,064760
20240902,코스닥150,018290
20240902,코스닥150,253450
20240902,코스닥150,204270
20240902,코스닥150,031980
20240902,코스닥150,352480
20240902,코스닥150,087010
20240902,코스닥150,084370
20240902,코스닥150,140410
20240902,코스닥150,085660
20240902,코스닥150,287410
20240902,코스닥150,214370
20240902,코스닥150,056190
20240902,코스닥150,033100
20240902,코스닥150,213420
20240902,코스닥150,086450
20240902,코스닥150,009520
20240902,코스닥150,048410
20240902,코스닥150,222080
20240902,코스닥150,383310
20240902,코스닥150,319660
20240902,코스닥150,098460
20240902,코스닥150,074600
20240902,코스닥150,064550
20240902,코스닥150,393890
20240902,코스닥150,067310
20240902,코스닥150,365340
20240902,코스닥150,222800
20240902,코스닥150,183300
20240902,코스닥150,166090
20240902,코스닥150,036540
20240902,코스닥150,025320
20240902,코스닥150,007390
20240902,코스닥150,122870
20240902,코스닥150,101360
20240902,코스닥150,003380
20240902,코스닥150,278280
20240902,코스닥150,358570
20240902,코스닥150,025900
20240902,코스닥150,069080
20240902,코스닥150,058970
20240902,코스닥150,058610
20240902,코스닥150,418550
20240902,코스닥150,189300
20240902,코스닥150,041190
20240902,코스닥150,036810
20240902,코스닥150,272290
20240902,코스닥150,101490
20240902,코스닥150,046890
20240902,코스닥150,015750
20240902,코스닥150,215200
20240902,코스닥150,399720
20240902,코스닥150,131290
20240902,코스닥150,131970
20240902,코스닥150,144510
20240902,코스닥150,336570
20240902,코스닥150,053800
20240902,코스닥150,420770
20240902,코스닥150,078340
20240902,코스닥150,348210
20240902,코스닥150,194480
20240902,코스닥150,095660
20240902,코스닥150,376300
20240902,코스닥150,084850
20240902,코스닥150,099190
20240902,코스닥150,030520
20240902,코스닥150,200130
20240902,코스닥150,091700
20240902,코스닥150,080220
20240902,코스닥150,025980
20240902,코스닥150,091120
20240902,코스닥150,049070
20240902,코스닥150,372170
20240902,코스닥150,032190
20240902,코스닥150,290650
20240902,코스닥150,215000
20240902,코스닥150,082270
20240902,코스닥150,215600
20240902,코스닥150,108860
20240902,코스닥150,006730
20240902,코스닥150,068240
20240902,코스닥150,095500
20240902,코스닥150,095610
20240902,코스닥150,179900
20240902,코스닥150,043150
20240902,코스닥150,360070
20240902,코스닥150,114190
20240902,코스닥150,323990
20240902,코스닥150,094360
20240902,코스닥150,394280
20240902,코스닥150,060250
20240902,코스닥150,060280
20240902,코스닥150,025770
20240902,코스닥150,218410
20240902,코스닥150,267980
20240902,코스닥150,053610
20240902,코스닥150,032500
20240902,코스닥150,118990
20240902,코스닥150,035600
20240902,코스닥150,060720
20240902,코스닥150,425040
20240902,코스닥150,299030
20240902,코스닥150,033640
20241002,코스피200,005930
20241002,코스피200,000660
20241002,코스피200,373220
20241002,코스피200,207940
20241002,코스피200,005380
20241002,코스피200,068270
20241002,코스피200,000270
20241002,코스피200,105560
20241002,코스피200,005490
20241002,코스피200,055550
20241002,코스피200,035420
20241002,코스피200,006400
20241002,코스피200,051910
20241002,코스피200,028260
20241002,코스피200,012330
20241002,코스피200,003670
20241002,코스피200,138040
20241002,코스피200,032830
20241002,코스피200,086790
20241002,코스피200,066570
20241002,코스피200,329180
20241002,코스피200,259960
20241002,코스피200,035720
20241002,코스피200,000810
20241002,코스피200,010130
20241002,코스피200,012450
20241002,코스피200,033780
20241002,코스피200,011200
20241002,코스피200,009540
20241002,코스피200,015760
20241002,코스피200,003550
20241002,코스피200,017670
20241002,코스피200,018260
20241002,코스피200,267260
20241002,코스피200,316140
20241002,코스피200,000100
20241002,코스피200,024110
20241002,코스피200,034020
20241002,코스피200,096770
20241002,코스피200,034730
20241002,코스피200,402340
20241002,코스피200,042700
20241002,코스피200,323410
20241002,코스피200,030200
20241002,코스피200,009150
20241002,코스피200,047050
20241002,코스피200,042660
20241002,코스피200,450080
20241002,코스피200,086280
20241002,코스피200,010140
20241002,코스피200,003490
20241002,코스피200,326030
20241002,코스피200,090430
20241002,코스피200,005830
20241002,코스피200,352820
20241002,코스피200,010950
20241002,코스피200,267250
20241002,코스피200,051900
20241002,코스피200,064350
20241002,코스피200,011790
20241002,코스피200,034220
20241002,코스피200,180640
20241002,코스피200,011070
20241002,코스피200,006800
20241002,코스피200,251270
20241002,코스피200,047810
20241002,코스피200,021240
20241002,코스피200,161390
20241002,코스피200,010120
20241002,코스피200,079550
20241002,코스피200,029780
20241002,코스피200,022100
20241002,코스피200,011780
20241002,코스피200,097950
20241002,코스피200,005940
20241002,코스피200,036570
20241002,코스피200,028050
20241002,코스피200,071050
20241002,코스피200,011170
20241002,코스피200,009830
20241002,코스피200,032640
20241002,코스피200,036460
20241002,코스피200,066970
20241002,코스피200,128940
20241002,코스피200,241560
20241002,코스피200,302440
20241002,코스피200,454910
20241002,코스피200,005070
20241002,코스피200,006260
20241002,코스피200,010620
20241002,코스피200,003230
20241002,코스피200,016360
20241002,코스피200,078930
20241002,코스피200,271560
20241002,코스피200,035250
20241002,코스피200,004020
20241002,코스피200,272210
20241002,코스피200,039490
20241002,코스피200,000720
20241002,코스피200,001040
20241002,코스피200,377300
20241002,코스피200,112610
20241002,코스피200,175330
20241002,코스피200,138930
20241002,코스피200,001570
20241002,코스피200,000150
20241002,코스피200,383220
20241002,코스피200,001450
20241002,코스피200,361610
20241002,코스피200,004990
20241002,코스피200,002380
20241002,코스피200,088350
20241002,코스피200,004370
20241002,코스피200,081660
20241002,코스피200,052690
20241002,코스피200,008930
20241002,코스피200,000880
20241002,코스피200,012750
20241002,코스피200,007070
20241002,코스피200,000120
20241002,코스피200,001440
20241002,코스피200,002790
20241002,코스피200,282330
20241002,코스피200,030000
20241002,코스피200,028670
20241002,코스피200,018880
20241002,코스피200,009420
20241002,코스피200,051600
20241002,코스피200,103140
20241002,코스피200,111770
20241002,코스피200,026960
20241002,코스피200,008770
20241002,코스피200,000240
20241002,코스피200,005850
20241002,코스피200,006280
20241002,코스피200,007310
20241002,코스피200,017800
20241002,코스피200,023530
20241002,코스피200,047040
20241002,코스피200,069620
20241002,코스피200,139480
20241002,코스피200,161890
20241002,코스피200,192820
20241002,코스피200,204320
20241002,코스피200,489790
20241002,코스피200,014680
20241002,코스피200,006360
20241002,코스피200,042670
20241002,코스피200,185750
20241002,코스피200,000080
20241002,코스피200,004170
20241002,코스피200,011210
20241002,코스피200,457190
20241002,코스피200,073240
20241002,코스피200,298050
20241002,코스피200,014820
20241002,코스피200,004000
20241002,코스피200,336260
20241002,코스피200,003090
20241002,코스피200,139130
20241002,코스피200,280360
20241002,코스피200,298020
20241002,코스피200,010060
20241002,코스피200,009970
20241002,코스피200,009240
20241002,코스피200,005300
20241002,코스피200,004490
20241002,코스피200,003620
20241002,코스피200,001740
20241002,코스피200,001120
20241002,코스피200,375500
20241002,코스피200,192080
20241002,코스피200,137310
20241002,코스피200,069960
20241002,코스피200,285130
20241002,코스피200,000210
20241002,코스피200,002710
20241002,코스피200,001800
20241002,코스피200,300720
20241002,코스피200,005420
20241002,코스피200,004800
20241002,코스피200,120110
20241002,코스피200,145720
20241002,코스피200,271940
20241002,코스피200,003030
20241002,코스피200,000670
20241002,코스피200,114090
20241002,코스피200,093370
20241002,코스피200,069260
20241002,코스피200,005250
20241002,코스피200,039130
20241002,코스피200,032350
20241002,코스피200,009900
20241002,코스피200,016380
20241002,코스피200,006650
20241002,코스피200,006110
20241002,코스피200,001680
20241002,코스피200,001430
20241002,코스피200,008730
20241002,코스피200,105630
20241002,코스피200,178920
20241002,코스닥150,247540
20241002,코스닥150,196170
20241002,코스닥150,086520
20241002,코스닥150,028300
20241002,코스닥150,348370
20241002,코스닥150,141080
20241002,코스닥150,214150
20241002,코스닥150,000250
20241002,코스닥150,145020
20241002,코스닥150,058470
20241002,코스닥150,068760
20241002,코스닥150,277810
20241002,코스닥150,403870
20241002,코스닥150,257720
20241002,코스닥150,263750
20241002,코스닥150,237690
20241002,코스닥150,214450
20241002,코스닥150,039030
20241002,코스닥150,035900
20241002,코스닥150,078600
20241002,코스닥150,357780
20241002,코스닥150,310210
20241002,코스닥150,178320
20241002,코스닥150,240810
20241002,코스닥150,041510
20241002,코스닥150,005290
20241002,코스닥150,035760
20241002,코스닥150,298380
20241002,코스닥150,293490
20241002,코스닥150,195940
20241002,코스닥150,137400
20241002,코스닥150,140860
20241002,코스닥150,089030
20241002,코스닥150,086900
20241002,코스닥150,039200
20241002,코스닥150,204270
20241002,코스닥150,036930
20241002,코스닥150,067630
20241002,코스닥150,328130
20241002,코스닥150,096530
20241002,코스닥150,417200
20241002,코스닥150,036830
20241002,코스닥150,095340
20241002,코스닥150,112040
20241002,코스닥150,067160
20241002,코스닥150,018290
20241002,코스닥150,253450
20241002,코스닥150,121600
20241002,코스닥150,281740
20241002,코스닥150,087010
20241002,코스닥150,064760
20241002,코스닥150,214370
20241002,코스닥150,225570
20241002,코스닥150,031980
20241002,코스닥150,085660
20241002,코스닥150,383310
20241002,코스닥150,033100
20241002,코스닥150,056190
20241002,코스닥150,352480
20241002,코스닥150,084370
20241002,코스닥150,140410
20241002,코스닥150,101360
20241002,코스닥150,067310
20241002,코스닥150,086450
20241002,코스닥150,082270
20241002,코스닥150,009520
20241002,코스닥150,213420
20241002,코스닥150,115450
20241002,코스닥150,048410
20241002,코스닥150,365340
20241002,코스닥150,098460
20241002,코스닥150,064550
20241002,코스닥150,222080
20241002,코스닥150,122870
20241002,코스닥150,393890
20241002,코스닥150,074600
20241002,코스닥150,319660
20241002,코스닥150,278280
20241002,코스닥150,007390
20241002,코스닥150,003380
20241002,코스닥150,025900
20241002,코스닥150,336570
20241002,코스닥150,222800
20241002,코스닥150,166090
20241002,코스닥150,025320
20241002,코스닥150,036540
20241002,코스닥150,183300
20241002,코스닥150,058970
20241002,코스닥150,069080
20241002,코스닥150,041190
20241002,코스닥150,418550
20241002,코스닥150,189300
20241002,코스닥150,078340
20241002,코스닥150,101490
20241002,코스닥150,348210
20241002,코스닥150,272290
20241002,코스닥150,131290
20241002,코스닥150,015750
20241002,코스닥150,358570
20241002,코스닥150,053800
20241002,코스닥150,058610
20241002,코스닥150,215200
20241002,코스닥150,131970
20241002,코스닥150,046890
20241002,코스닥150,420770
20241002,코스닥150,144510
20241002,코스닥150,036810
20241002,코스닥150,091120
20241002,코스닥150,399720
20241002,코스닥150,099190
20241002,코스닥150,376300
20241002,코스닥150,095660
20241002,코스닥150,080220
20241002,코스닥150,084850
20241002,코스닥150,372170
20241002,코스닥150,290650
20241002,코스닥150,194480
20241002,코스닥150,025980
20241002,코스닥150,030520
20241002,코스닥150,215000
20241002,코스닥150,200130
20241002,코스닥150,032190
20241002,코스닥150,091700
20241002,코스닥150,006730
20241002,코스닥150,049070
20241002,코스닥150,179900
20241002,코스닥150,068240
20241002,코스닥150,215600
20241002,코스닥150,095500
20241002,코스닥150,043150
20241002,코스닥150,053610
20241002,코스닥150,323990
20241002,코스닥150,095610
20241002,코스닥150,025770
20241002,코스닥150,060280
20241002,코스닥150,094360
20241002,코스닥150,360070
20241002,코스닥150,218410
20241002,코스닥150,267980
20241002,코스닥150,114190
20241002,코스닥150,032500
20241002,코스닥150,118990
20241002,코스닥150,108860
20241002,코스닥150,060250
20241002,코스닥150,394280
20241002,코스닥150,035600
20241002,코스닥150,299030
20241002,코스닥150,060720
20241002,코스닥150,425040
20241002,코스닥150,033640
20241101,코스피200,005930
20241101,코스피200,000660
20241101,코스피200,373220
20241101,코스피200,207940
20241101,코스피200,005380
20241101,코스피200,068270
20241101,코스피200,000270
20241101,코스피200,105560
20241101,코스피200,005490
20241101,코스피200,055550
20241101,코스피200,035420
20241101,코스피200,012330
20241101,코스피200,006400
20241101,코스피200,051910
20241101,코스피200,028260
20241101,코스피200,010130
20241101,코스피200,032830
20241101,코스피200,138040
20241101,코스피200,003670
20241101,코스피200,086790
20241101,코스피200,012450
20241101,코스피200,000810
20241101,코스피200,035720
20241101,코스피200,259960
20241101,코스피200,329180
20241101,코스피200,066570
20241101,코스피200,015760
20241101,코스피200,033780
20241101,코스피200,011200
20241101,코스피200,034020
20241101,코스피200,009540
20241101,코스피200,017670
20241101,코스피200,003550
20241101,코스피200,316140
20241101,코스피200,267260
20241101,코스피200,096770
20241101,코스피200,024110
20241101,코스피200,402340
20241101,코스피200,030200
20241101,코스피200,018260
20241101,코스피200,000100
20241101,코스피200,034730
20241101,코스피200,323410
20241101,코스피200,086280
20241101,코스피200,326030
20241101,코스피200,042700
20241101,코스피200,047050
20241101,코스피200,003490
20241101,코스피200,009150
20241101,코스피200,010140
20241101,코스피200,042660
20241101,코스피200,352820
20241101,코스피200,005830
20241101,코스피200,450080
20241101,코스피200,090430
20241101,코스피200,064350
20241101,코스피200,010950
20241101,코스피200,267250
20241101,코스피200,180640
20241101,코스피200,047810
20241101,코스피200,011790
20241101,코스피200,006800
20241101,코스피200,079550
20241101,코스피200,051900
20241101,코스피200,034220
20241101,코스피200,036570
20241101,코스피200,251270
20241101,코스피200,029780
20241101,코스피200,021240
20241101,코스피200,071050
20241101,코스피200,161390
20241101,코스피200,032640
20241101,코스피200,005940
20241101,코스피200,454910
20241101,코스피200,097950
20241101,코스피200,302440
20241101,코스피200,010120
20241101,코스피200,010620
20241101,코스피200,011070
20241101,코스피200,022100
20241101,코스피200,066970
20241101,코스피200,128940
20241101,코스피200,016360
20241101,코스피200,011170
20241101,코스피200,271560
20241101,코스피200,078930
20241101,코스피200,003230
20241101,코스피200,241560
20241101,코스피200,011780
20241101,코스피200,035250
20241101,코스피200,009830
20241101,코스피200,036460
20241101,코스피200,039490
20241101,코스피200,028050
20241101,코스피200,175330
20241101,코스피200,006260
20241101,코스피200,272210
20241101,코스피200,377300
20241101,코스피200,005070
20241101,코스피200,004020
20241101,코스피200,000150
20241101,코스피200,138930
20241101,코스피200,000720
20241101,코스피200,001040
20241101,코스피200,001450
20241101,코스피200,008930
20241101,코스피200,004990
20241101,코스피200,052690
20241101,코스피200,112610
20241101,코스피200,088350
20241101,코스피200,001570
20241101,코스피200,026960
20241101,코스피200,002380
20241101,코스피200,383220
20241101,코스피200,361610
20241101,코스피200,081660
20241101,코스피200,012750
20241101,코스피200,001440
20241101,코스피200,004370
20241101,코스피200,007070
20241101,코스피200,009420
20241101,코스피200,018880
20241101,코스피200,030000
20241101,코스피200,489790
20241101,코스피200,000120
20241101,코스피200,282330
20241101,코스피200,051600
20241101,코스피200,000880
20241101,코스피200,002790
20241101,코스피200,006280
20241101,코스피200,017800
20241101,코스피200,023530
20241101,코스피200,028670
20241101,코스피200,204320
20241101,코스피200,103140
20241101,코스피200,111770
20241101,코스피200,139480
20241101,코스피200,192820
20241101,코스피200,069620
20241101,코스피200,000240
20241101,코스피200,161890
20241101,코스피200,008770
20241101,코스피200,007310
20241101,코스피200,000080
20241101,코스피200,003090
20241101,코스피200,004170
20241101,코스피200,005850
20241101,코스피200,139130
20241101,코스피200,014680
20241101,코스피200,014820
20241101,코스피200,047040
20241101,코스피200,006360
20241101,코스피200,009240
20241101,코스피200,009970
20241101,코스피200,010060
20241101,코스피200,042670
20241101,코스피200,457190
20241101,코스피200,185750
20241101,코스피200,280360
20241101,코스피200,298020
20241101,코스피200,375500
20241101,코스피200,073240
20241101,코스피200,001120
20241101,코스피200,001740
20241101,코스피200,001800
20241101,코스피200,002710
20241101,코스피200,004000
20241101,코스피200,336260
20241101,코스피200,011210
20241101,코스피200,069960
20241101,코스피200,137310
20241101,코스피200,192080
20241101,코스피200,298050
20241101,코스피200,005300
20241101,코스피200,000210
20241101,코스피200,003620
20241101,코스피200,004490
20241101,코스피200,300720
20241101,코스피200,120110
20241101,코스피200,285130
20241101,코스피200,004800
20241101,코스피200,000670
20241101,코스피200,271940
20241101,코스피200,001680
20241101,코스피200,003030
20241101,코스피200,005250
20241101,코스피200,005420
20241101,코스피200,006110
20241101,코스피200,006650
20241101,코스피200,008730
20241101,코스피200,009900
20241101,코스피200,016380
20241101,코스피200,032350
20241101,코스피200,039130
20241101,코스피200,069260
20241101,코스피200,093370
20241101,코스피200,114090
20241101,코스피200,145720
20241101,코스피200,001430
20241101,코스피200,178920
20241101,코스피200,105630
20241101,코스닥150,196170
20241101,코스닥150,247540
20241101,코스닥150,086520
20241101,코스닥150,028300
20241101,코스닥150,141080
20241101,코스닥150,348370
20241101,코스닥150,145020
20241101,코스닥150,000250
20241101,코스닥150,214150
20241101,코스닥150,403870
20241101,코스닥150,058470
20241101,코스닥150,068760
20241101,코스닥150,263750
20241101,코스닥150,277810
20241101,코스닥150,257720
20241101,코스닥150,214450
20241101,코스닥150,310210
20241101,코스닥150,039030
20241101,코스닥150,237690
20241101,코스닥150,087010
20241101,코스닥150,035900
20241101,코스닥150,298380
20241101,코스닥150,089030
20241101,코스닥150,041510
20241101,코스닥150,178320
20241101,코스닥150,078600
20241101,코스닥150,036930
20241101,코스닥150,357780
20241101,코스닥150,140860
20241101,코스닥150,293490
20241101,코스닥150,095340
20241101,코스닥150,005290
20241101,코스닥150,035760
20241101,코스닥150,240810
20241101,코스닥150,195940
20241101,코스닥150,112040
20241101,코스닥150,253450
20241101,코스닥150,137400
20241101,코스닥150,086900
20241101,코스닥150,096530
20241101,코스닥150,328130
20241101,코스닥150,018290
20241101,코스닥150,204270
20241101,코스닥150,031980
20241101,코스닥150,067160
20241101,코스닥150,039200
20241101,코스닥150,007390
20241101,코스닥150,036830
20241101,코스닥150,067630
20241101,코스닥150,121600
20241101,코스닥150,417200
20241101,코스닥150,281740
20241101,코스닥150,140410
20241101,코스닥150,064760
20241101,코스닥150,085660
20241101,코스닥150,225570
20241101,코스닥150,214370
20241101,코스닥150,084370
20241101,코스닥150,376300
20241101,코스닥150,033100
20241101,코스닥150,086450
20241101,코스닥150,122870
20241101,코스닥150,098460
20241101,코스닥150,115450
20241101,코스닥150,056190
20241101,코스닥150,067310
20241101,코스닥150,041190
20241101,코스닥150,383310
20241101,코스닥150,101360
20241101,코스닥150,048410
20241101,코스닥150,348210
20241101,코스닥150,213420
20241101,코스닥150,365340
20241101,코스닥150,009520
20241101,코스닥150,352480
20241101,코스닥150,053800
20241101,코스닥150,222080
20241101,코스닥150,074600
20241101,코스닥150,058970
20241101,코스닥150,003380
20241101,코스닥150,418550
20241101,코스닥150,319660
20241101,코스닥150,064550
20241101,코스닥150,025320
20241101,코스닥150,358570
20241101,코스닥150,069080
20241101,코스닥150,036540
20241101,코스닥150,078340
20241101,코스닥150,393890
20241101,코스닥150,166090
20241101,코스닥150,025900
20241101,코스닥150,278280
20241101,코스닥150,131290
20241101,코스닥150,082270
20241101,코스닥150,144510
20241101,코스닥150,046890
20241101,코스닥150,099190
20241101,코스닥150,183300
20241101,코스닥150,336570
20241101,코스닥150,222800
20241101,코스닥150,189300
20241101,코스닥150,015750
20241101,코스닥150,101490
20241101,코스닥150,272290
20241101,코스닥150,215200
20241101,코스닥150,131970
20241101,코스닥150,030520
20241101,코스닥150,058610
20241101,코스닥150,420770
20241101,코스닥150,399720
20241101,코스닥150,095660
20241101,코스닥150,025980
20241101,코스닥150,372170
20241101,코스닥150,194480
20241101,코스닥150,091120
20241101,코스닥150,006730
20241101,코스닥150,032190
20241101,코스닥150,215000
20241101,코스닥150,091700
20241101,코스닥150,200130
20241101,코스닥150,084850
20241101,코스닥150,036810
20241101,코스닥150,290650
20241101,코스닥150,080220
20241101,코스닥150,068240
20241101,코스닥150,053610
20241101,코스닥150,215600
20241101,코스닥150,179900
20241101,코스닥150,049070
20241101,코스닥150,043150
20241101,코스닥150,095500
20241101,코스닥150,218410
20241101,코스닥150,114190
20241101,코스닥150,095610
20241101,코스닥150,025770
20241101,코스닥150,323990
20241101,코스닥150,267980
20241101,코스닥150,032500
20241101,코스닥150,060250
20241101,코스닥150,060280
20241101,코스닥150,360070
20241101,코스닥150,108860
20241101,코스닥150,094360
20241101,코스닥150,035600
20241101,코스닥150,394280
20241101,코스닥150,118990
20241101,코스닥150,299030
20241101,코스닥150,060720
20241101,코스닥150,425040
20241101,코스닥150,033640
20241202,코스피200,005930
20241202,코스피200,000660
20241202,코스피200,373220
20241202,코스피200,207940
20241202,코스피200,005380
20241202,코스피200,068270
20241202,코스피200,105560
20241202,코스피200,000270
20241202,코스피200,035420
20241202,코스피200,010130
20241202,코스피200,055550
20241202,코스피200,005490
20241202,코스피200,012330
20241202,코스피200,028260
20241202,코스피200,032830
20241202,코스피200,051910
20241202,코스피200,138040
20241202,코스피200,035720
20241202,코스피200,000810
20241202,코스피200,329180
20241202,코스피200,086790
20241202,코스피200,006400
20241202,코스피200,096770
20241202,코스피200,259960
20241202,코스피200,011200
20241202,코스피200,015760
20241202,코스피200,033780
20241202,코스피200,012450
20241202,코스피200,066570
20241202,코스피200,009540
20241202,코스피200,003670
20241202,코스피200,034020
20241202,코스피200,017670
20241202,코스피200,316140
20241202,코스피200,030200
20241202,코스피200,267260
20241202,코스피200,024110
20241202,코스피200,003550
20241202,코스피200,018260
20241202,코스피200,323410
20241202,코스피200,042660
20241202,코스피200,034730
20241202,코스피200,402340
20241202,코스피200,010140
20241202,코스피200,003490
20241202,코스피200,000100
20241202,코스피200,086280
20241202,코스피200,047050
20241202,코스피200,326030
20241202,코스피200,009150
20241202,코스피200,352820
20241202,코스피200,005830
20241202,코스피200,042700
20241202,코스피200,010950
20241202,코스피200,267250
20241202,코스피200,090430
20241202,코스피200,047810
20241202,코스피200,450080
20241202,코스피200,064350
20241202,코스피200,036570
20241202,코스피200,180640
20241202,코스피200,021240
20241202,코스피200,006800
20241202,코스피200,051900
20241202,코스피200,032640
20241202,코스피200,029780
20241202,코스피200,161390
20241202,코스피200,034220
20241202,코스피200,010620
20241202,코스피200,251270
20241202,코스피200,005940
20241202,코스피200,010120
20241202,코스피200,079550
20241202,코스피200,071050
20241202,코스피200,016360
20241202,코스피200,454910
20241202,코스피200,272210
20241202,코스피200,241560
20241202,코스피200,003230
20241202,코스피200,271560
20241202,코스피200,078930
20241202,코스피200,035250
20241202,코스피200,011070
20241202,코스피200,097950
20241202,코스피200,175330
20241202,코스피200,036460
20241202,코스피200,011790
20241202,코스피200,302440
20241202,코스피200,066970
20241202,코스피200,128940
20241202,코스피200,028050
20241202,코스피200,377300
20241202,코스피200,138930
20241202,코스피200,039490
20241202,코스피200,022100
20241202,코스피200,000150
20241202,코스피200,000720
20241202,코스피200,001040
20241202,코스피200,004020
20241202,코스피200,026960
20241202,코스피200,009830
20241202,코스피200,006260
20241202,코스피200,011170
20241202,코스피200,052690
20241202,코스피200,011780
20241202,코스피200,007070
20241202,코스피200,081660
20241202,코스피200,088350
20241202,코스피200,012750
20241202,코스피200,001450
20241202,코스피200,000880
20241202,코스피200,051600
20241202,코스피200,001440
20241202,코스피200,002380
20241202,코스피200,030000
20241202,코스피200,008930
20241202,코스피200,018880
20241202,코스피200,004990
20241202,코스피200,361610
20241202,코스피200,383220
20241202,코스피200,000120
20241202,코스피200,017800
20241202,코스피200,004370
20241202,코스피200,005070
20241202,코스피200,001570
20241202,코스피200,002790
20241202,코스피200,006280
20241202,코스피200,009420
20241202,코스피200,028670
20241202,코스피200,111770
20241202,코스피200,112610
20241202,코스피200,139480
20241202,코스피200,204320
20241202,코스피200,282330
20241202,코스피200,000240
20241202,코스피200,006360
20241202,코스피200,007310
20241202,코스피200,489790
20241202,코스피200,023530
20241202,코스피200,047040
20241202,코스피200,139130
20241202,코스피200,008770
20241202,코스피200,000080
20241202,코스피200,005850
20241202,코스피200,042670
20241202,코스피200,192820
20241202,코스피200,073240
20241202,코스피200,103140
20241202,코스피200,137310
20241202,코스피200,069620
20241202,코스피200,003090
20241202,코스피200,004170
20241202,코스피200,009240
20241202,코스피200,375500
20241202,코스피200,161890
20241202,코스피200,185750
20241202,코스피200,014820
20241202,코스피200,001120
20241202,코스피200,001800
20241202,코스피200,004490
20241202,코스피200,005300
20241202,코스피200,009970
20241202,코스피200,010060
20241202,코스피200,457190
20241202,코스피200,014680
20241202,코스피200,069960
20241202,코스피200,192080
20241202,코스피200,280360
20241202,코스피200,300720
20241202,코스피200,336260
20241202,코스피200,011210
20241202,코스피200,000670
20241202,코스피200,001430
20241202,코스피200,001740
20241202,코스피200,298020
20241202,코스피200,004000
20241202,코스피200,039130
20241202,코스피200,002710
20241202,코스피200,000210
20241202,코스피200,298050
20241202,코스피200,003030
20241202,코스피200,003620
20241202,코스피200,004800
20241202,코스피200,005250
20241202,코스피200,005420
20241202,코스피200,016380
20241202,코스피200,032350
20241202,코스피200,069260
20241202,코스피200,114090
20241202,코스피200,120110
20241202,코스피200,145720
20241202,코스피200,271940
20241202,코스피200,285130
20241202,코스피200,001680
20241202,코스피200,006110
20241202,코스피200,006650
20241202,코스피200,008730
20241202,코스피200,178920
20241202,코스피200,093370
20241202,코스피200,105630
20241202,코스피200,009900
20241202,코스닥150,196170
20241202,코스닥150,247540
20241202,코스닥150,086520
20241202,코스닥150,028300
20241202,코스닥150,141080
20241202,코스닥150,145020
20241202,코스닥150,214150
20241202,코스닥150,348370
20241202,코스닥150,277810
20241202,코스닥150,035900
20241202,코스닥150,263750
20241202,코스닥150,058470
20241202,코스닥150,068760
20241202,코스닥150,000250
20241202,코스닥150,214450
20241202,코스닥150,403870
20241202,코스닥150,041510
20241202,코스닥150,328130
20241202,코스닥150,237690
20241202,코스닥150,087010
20241202,코스닥150,293490
20241202,코스닥150,112040
20241202,코스닥150,257720
20241202,코스닥150,253450
20241202,코스닥150,178320
20241202,코스닥150,007390
20241202,코스닥150,039030
20241202,코스닥150,140860
20241202,코스닥150,035760
20241202,코스닥150,310210
20241202,코스닥150,357780
20241202,코스닥150,298380
20241202,코스닥150,078600
20241202,코스닥150,214370
20241202,코스닥150,089030
20241202,코스닥150,067160
20241202,코스닥150,204270
20241202,코스닥150,096530
20241202,코스닥150,036930
20241202,코스닥150,067630
20241202,코스닥150,240810
20241202,코스닥150,005290
20241202,코스닥150,095340
20241202,코스닥150,195940
20241202,코스닥150,137400
20241202,코스닥150,018290
20241202,코스닥150,122870
20241202,코스닥150,086900
20241202,코스닥150,039200
20241202,코스닥150,225570
20241202,코스닥150,140410
20241202,코스닥150,085660
20241202,코스닥150,376300
20241202,코스닥150,115450
20241202,코스닥150,121600
20241202,코스닥150,064760
20241202,코스닥150,058970
20241202,코스닥150,041190
20241202,코스닥150,056190
20241202,코스닥150,417200
20241202,코스닥150,281740
20241202,코스닥150,036830
20241202,코스닥150,086450
20241202,코스닥150,082270
20241202,코스닥150,084370
20241202,코스닥150,003380
20241202,코스닥150,078340
20241202,코스닥150,053800
20241202,코스닥150,031980
20241202,코스닥150,033100
20241202,코스닥150,213420
20241202,코스닥150,067310
20241202,코스닥150,030520
20241202,코스닥150,348210
20241202,코스닥150,222080
20241202,코스닥150,383310
20241202,코스닥150,009520
20241202,코스닥150,098460
20241202,코스닥150,048410
20241202,코스닥150,365340
20241202,코스닥150,069080
20241202,코스닥150,025320
20241202,코스닥150,358570
20241202,코스닥150,036540
20241202,코스닥150,418550
20241202,코스닥150,064550
20241202,코스닥150,319660
20241202,코스닥150,058610
20241202,코스닥150,025980
20241202,코스닥150,215200
20241202,코스닥150,101490
20241202,코스닥150,074600
20241202,코스닥150,025900
20241202,코스닥150,099190
20241202,코스닥150,215000
20241202,코스닥150,131970
20241202,코스닥150,166090
20241202,코스닥150,101360
20241202,코스닥150,278280
20241202,코스닥150,095660
20241202,코스닥150,015750
20241202,코스닥150,032190
20241202,코스닥150,393890
20241202,코스닥150,091700
20241202,코스닥150,272290
20241202,코스닥150,091120
20241202,코스닥150,006730
20241202,코스닥150,046890
20241202,코스닥150,352480
20241202,코스닥150,215600
20241202,코스닥150,131290
20241202,코스닥150,068240
20241202,코스닥150,108860
20241202,코스닥150,144510
20241202,코스닥150,336570
20241202,코스닥150,183300
20241202,코스닥150,189300
20241202,코스닥150,290650
20241202,코스닥150,179900
20241202,코스닥150,036810
20241202,코스닥150,200130
20241202,코스닥150,194480
20241202,코스닥150,399720
20241202,코스닥150,222800
20241202,코스닥150,372170
20241202,코스닥150,084850
20241202,코스닥150,025770
20241202,코스닥150,032500
20241202,코스닥150,420770
20241202,코스닥150,060250
20241202,코스닥150,218410
20241202,코스닥150,049070
20241202,코스닥150,043150
20241202,코스닥150,267980
20241202,코스닥150,080220
20241202,코스닥150,060280
20241202,코스닥150,094360
20241202,코스닥150,323990
20241202,코스닥150,114190
20241202,코스닥150,095610
20241202,코스닥150,118990
20241202,코스닥150,035600
20241202,코스닥150,095500
20241202,코스닥150,053610
20241202,코스닥150,394280
20241202,코스닥150,360070
20241202,코스닥150,060720
20241202,코스닥150,033640
20241202,코스닥150,425040
20241202,코스닥150,299030
20250102,코스피200,005930
20250102,코스피200,000660
20250102,코스피200,373220
20250102,코스피200,207940
20250102,코스피200,005380
20250102,코스피200,000270
20250102,코스피200,068270
20250102,코스피200,105560
20250102,코스피200,035420
20250102,코스피200,329180
20250102,코스피200,055550
20250102,코스피200,012330
20250102,코스피200,005490
20250102,코스피200,028260
20250102,코스피200,138040
20250102,코스피200,010130
20250102,코스피200,032830
20250102,코스피200,051910
20250102,코스피200,000810
20250102,코스피200,096770
20250102,코스피200,006400
20250102,코스피200,035720
20250102,코스피200,012450
20250102,코스피200,009540
20250102,코스피200,086790
20250102,코스피200,011200
20250102,코스피200,259960
20250102,코스피200,267260
20250102,코스피200,066570
20250102,코스피200,033780
20250102,코스피200,015760
20250102,코스피200,017670
20250102,코스피200,042660
20250102,코스피200,034020
20250102,코스피200,024110
20250102,코스피200,003550
20250102,코스피200,316140
20250102,코스피200,030200
20250102,코스피200,003670
20250102,코스피200,402340
20250102,코스피200,010140
20250102,코스피200,323410
20250102,코스피200,086280
20250102,코스피200,034730
20250102,코스피200,018260
20250102,코스피200,000100
20250102,코스피200,009150
20250102,코스피200,003490
20250102,코스피200,326030
20250102,코스피200,042700
20250102,코스피200,352820
20250102,코스피200,005830
20250102,코스피200,047050
20250102,코스피200,267250
20250102,코스피200,010950
20250102,코스피200,090430
20250102,코스피200,064350
20250102,코스피200,047810
20250102,코스피200,003230
20250102,코스피200,079550
20250102,코스피200,010620
20250102,코스피200,010120
20250102,코스피200,021240
20250102,코스피200,180640
20250102,코스피200,051900
20250102,코스피200,161390
20250102,코스피200,006800
20250102,코스피200,005940
20250102,코스피200,272210
20250102,코스피200,034220
20250102,코스피200,032640
20250102,코스피200,029780
20250102,코스피200,241560
20250102,코스피200,251270
20250102,코스피200,000150
20250102,코스피200,454910
20250102,코스피200,450080
20250102,코스피200,011790
20250102,코스피200,271560
20250102,코스피200,071050
20250102,코스피200,036570
20250102,코스피200,097950
20250102,코스피200,298040
20250102,코스피200,016360
20250102,코스피200,011070
20250102,코스피200,302440
20250102,코스피200,128940
20250102,코스피200,078930
20250102,코스피200,138930
20250102,코스피200,035250
20250102,코스피200,377300
20250102,코스피200,028050
20250102,코스피200,175330
20250102,코스피200,006260
20250102,코스피200,036460
20250102,코스피200,039490
20250102,코스피200,001040
20250102,코스피200,022100
20250102,코스피200,009830
20250102,코스피200,004020
20250102,코스피200,066970
20250102,코스피200,000720
20250102,코스피200,026960
20250102,코스피200,011170
20250102,코스피200,081660
20250102,코스피200,011780
20250102,코스피200,004370
20250102,코스피200,001440
20250102,코스피200,001450
20250102,코스피200,004990
20250102,코스피200,002380
20250102,코스피200,000880
20250102,코스피200,383220
20250102,코스피200,088350
20250102,코스피200,052690
20250102,코스피200,051600
20250102,코스피200,018880
20250102,코스피200,017800
20250102,코스피200,012750
20250102,코스피200,009420
20250102,코스피200,008930
20250102,코스피200,006280
20250102,코스피200,000120
20250102,코스피200,204320
20250102,코스피200,278470
20250102,코스피200,030000
20250102,코스피200,005070
20250102,코스피200,282330
20250102,코스피200,002790
20250102,코스피200,112610
20250102,코스피200,139480
20250102,코스피200,028670
20250102,코스피200,111770
20250102,코스피200,000240
20250102,코스피200,006360
20250102,코스피200,007310
20250102,코스피200,023530
20250102,코스피200,069620
20250102,코스피200,192820
20250102,코스피200,361610
20250102,코스피200,489790
20250102,코스피200,161890
20250102,코스피200,073240
20250102,코스피200,000080
20250102,코스피200,042670
20250102,코스피200,103140
20250102,코스피200,137310
20250102,코스피200,008770
20250102,코스피200,007070
20250102,코스피200,005850
20250102,코스피200,139130
20250102,코스피200,001570
20250102,코스피200,003090
20250102,코스피200,185750
20250102,코스피200,192080
20250102,코스피200,047040
20250102,코스피200,014820
20250102,코스피200,009240
20250102,코스피200,375500
20250102,코스피200,004170
20250102,코스피200,280360
20250102,코스피200,004000
20250102,코스피200,300720
20250102,코스피200,336260
20250102,코스피200,004490
20250102,코스피200,005300
20250102,코스피200,298020
20250102,코스피200,069960
20250102,코스피200,014680
20250102,코스피200,001120
20250102,코스피200,009970
20250102,코스피200,010060
20250102,코스피200,011210
20250102,코스피200,002840
20250102,코스피200,457190
20250102,코스피200,001740
20250102,코스피200,039130
20250102,코스피200,298050
20250102,코스피200,001800
20250102,코스피200,145720
20250102,코스피200,120110
20250102,코스피200,114090
20250102,코스피200,069260
20250102,코스피200,005250
20250102,코스피200,003620
20250102,코스피200,003030
20250102,코스피200,002710
20250102,코스피200,001680
20250102,코스피200,001430
20250102,코스피200,000210
20250102,코스피200,285130
20250102,코스피200,105630
20250102,코스피200,456040
20250102,코스피200,093370
20250102,코스피200,008730
20250102,코스피200,178920
20250102,코스피200,006110
20250102,코스피200,005420
20250102,코스피200,271940
20250102,코스피200,006650
20250102,코스닥150,196170
20250102,코스닥150,247540
20250102,코스닥150,028300
20250102,코스닥150,086520
20250102,코스닥150,277810
20250102,코스닥150,141080
20250102,코스닥150,000250
20250102,코스닥150,214150
20250102,코스닥150,145020
20250102,코스닥150,058470
20250102,코스닥150,065350
20250102,코스닥150,348370
20250102,코스닥150,214450
20250102,코스닥150,035900
20250102,코스닥150,087010
20250102,코스닥150,068760
20250102,코스닥150,403870
20250102,코스닥150,257720
20250102,코스닥150,328130
20250102,코스닥150,263750
20250102,코스닥150,039030
20250102,코스닥150,237690
20250102,코스닥150,041510
20250102,코스닥150,214370
20250102,코스닥150,140860
20250102,코스닥150,178320
20250102,코스닥150,095340
20250102,코스닥150,310210
20250102,코스닥150,018290
20250102,코스닥150,298380
20250102,코스닥150,089030
20250102,코스닥150,036930
20250102,코스닥150,293490
20250102,코스닥150,007390
20250102,코스닥150,253450
20250102,코스닥150,357780
20250102,코스닥150,096530
20250102,코스닥150,067630
20250102,코스닥150,035760
20250102,코스닥150,112040
20250102,코스닥150,204270
20250102,코스닥150,078600
20250102,코스닥150,240810
20250102,코스닥150,005290
20250102,코스닥150,067160
20250102,코스닥150,195940
20250102,코스닥150,115450
20250102,코스닥150,039200
20250102,코스닥150,140410
20250102,코스닥150,137400
20250102,코스닥150,086900
20250102,코스닥150,225570
20250102,코스닥150,042000
20250102,코스닥150,232140
20250102,코스닥150,122870
20250102,코스닥150,064760
20250102,코스닥150,031980
20250102,코스닥150,417200
20250102,코스닥150,376300
20250102,코스닥150,058970
20250102,코스닥150,033100
20250102,코스닥150,053800
20250102,코스닥150,036830
20250102,코스닥150,281740
20250102,코스닥150,086450
20250102,코스닥150,121600
20250102,코스닥150,084370
20250102,코스닥150,383310
20250102,코스닥150,056190
20250102,코스닥150,213420
20250102,코스닥150,058610
20250102,코스닥150,085660
20250102,코스닥150,003380
20250102,코스닥150,317330
20250102,코스닥150,098460
20250102,코스닥150,067310
20250102,코스닥150,041190
20250102,코스닥150,241710
20250102,코스닥150,101490
20250102,코스닥150,048410
20250102,코스닥150,078340
20250102,코스닥150,290650
20250102,코스닥150,222080
20250102,코스닥150,082270
20250102,코스닥150,348210
20250102,코스닥150,030520
20250102,코스닥150,036540
20250102,코스닥150,025320
20250102,코스닥150,009520
20250102,코스닥150,091120
20250102,코스닥150,064550
20250102,코스닥150,025980
20250102,코스닥150,069080
20250102,코스닥150,399720
20250102,코스닥150,215200
20250102,코스닥150,319660
20250102,코스닥150,131970
20250102,코스닥150,074600
20250102,코스닥150,179900
20250102,코스닥150,166090
20250102,코스닥150,131290
20250102,코스닥150,171090
20250102,코스닥150,418550
20250102,코스닥150,352480
20250102,코스닥150,025900
20250102,코스닥150,099190
20250102,코스닥150,365340
20250102,코스닥150,336570
20250102,코스닥150,189300
20250102,코스닥150,015750
20250102,코스닥150,046890
20250102,코스닥150,358570
20250102,코스닥150,095660
20250102,코스닥150,215000
20250102,코스닥150,091700
20250102,코스닥150,032190
20250102,코스닥150,101360
20250102,코스닥150,272290
20250102,코스닥150,253590
20250102,코스닥150,183300
20250102,코스닥150,006730
20250102,코스닥150,393890
20250102,코스닥150,144510
20250102,코스닥150,032500
20250102,코스닥150,068240
20250102,코스닥150,278280
20250102,코스닥150,222800
20250102,코스닥150,114840
20250102,코스닥150,036810
20250102,코스닥150,049070
20250102,코스닥150,094360
20250102,코스닥150,218410
20250102,코스닥150,194480
20250102,코스닥150,200130
20250102,코스닥150,108860
20250102,코스닥150,060280
20250102,코스닥150,420770
20250102,코스닥150,394280
20250102,코스닥150,080220
20250102,코스닥150,095610
20250102,코스닥150,060250
20250102,코스닥150,372170
20250102,코스닥150,084850
20250102,코스닥150,267980
20250102,코스닥150,035600
20250102,코스닥150,118990
20250102,코스닥150,053610
20250102,코스닥150,095500
20250102,코스닥150,425040
20250102,코스닥150,033640
20250203,코스피200,005930
20250203,코스피200,000660
20250203,코스피200,373220
20250203,코스피200,207940
20250203,코스피200,005380
20250203,코스피200,000270
20250203,코스피200,068270
20250203,코스피200,105560
20250203,코스피200,035420
20250203,코스피200,329180
20250203,코스피200,055550
20250203,코스피200,012330
20250203,코스피200,138040
20250203,코스피200,028260
20250203,코스피200,005490
20250203,코스피200,035720
20250203,코스피200,032830
20250203,코스피200,096770
20250203,코스피200,012450
20250203,코스피200,000810
20250203,코스피200,042660
20250203,코스피200,259960
20250203,코스피200,086790
20250203,코스피200,011200
20250203,코스피200,010130
20250203,코스피200,009540
20250203,코스피200,051910
20250203,코스피200,034020
20250203,코스피200,267260
20250203,코스피200,006400
20250203,코스피200,033780
20250203,코스피200,015760
20250203,코스피200,066570
20250203,코스피200,024110
20250203,코스피200,017670
20250203,코스피200,030200
20250203,코스피200,402340
20250203,코스피200,316140
20250203,코스피200,010140
20250203,코스피200,003550
20250203,코스피200,086280
20250203,코스피200,042700
20250203,코스피200,323410
20250203,코스피200,034730
20250203,코스피200,003670
20250203,코스피200,000100
20250203,코스피200,009150
20250203,코스피200,018260
20250203,코스피200,352820
20250203,코스피200,003490
20250203,코스피200,326030
20250203,코스피200,090430
20250203,코스피200,047050
20250203,코스피200,005830
20250203,코스피200,010950
20250203,코스피200,010120
20250203,코스피200,267250
20250203,코스피200,064350
20250203,코스피200,021240
20250203,코스피200,011790
20250203,코스피200,003230
20250203,코스피200,180640
20250203,코스피200,047810
20250203,코스피200,029780
20250203,코스피200,010620
20250203,코스피200,079550
20250203,코스피200,051900
20250203,코스피200,006800
20250203,코스피200,241560
20250203,코스피200,161390
20250203,코스피200,272210
20250203,코스피200,005940
20250203,코스피200,450080
20250203,코스피200,071050
20250203,코스피200,034220
20250203,코스피200,032640
20250203,코스피200,000150
20250203,코스피200,454910
20250203,코스피200,298040
20250203,코스피200,016360
20250203,코스피200,271560
20250203,코스피200,175330
20250203,코스피200,138930
20250203,코스피200,036570
20250203,코스피200,377300
20250203,코스피200,302440
20250203,코스피200,251270
20250203,코스피200,078930
20250203,코스피200,097950
20250203,코스피200,035250
20250203,코스피200,028050
20250203,코스피200,006260
20250203,코스피200,000720
20250203,코스피200,009830
20250203,코스피200,011070
20250203,코스피200,036460
20250203,코스피200,039490
20250203,코스피200,004020
20250203,코스피200,011780
20250203,코스피200,128940
20250203,코스피200,066970
20250203,코스피200,001040
20250203,코스피200,018880
20250203,코스피200,022100
20250203,코스피200,052690
20250203,코스피200,383220
20250203,코스피200,001440
20250203,코스피200,011170
20250203,코스피200,012750
20250203,코스피200,081660
20250203,코스피200,026960
20250203,코스피200,088350
20250203,코스피200,051600
20250203,코스피200,004990
20250203,코스피200,004370
20250203,코스피200,002380
20250203,코스피200,001450
20250203,코스피200,000880
20250203,코스피200,204320
20250203,코스피200,030000
20250203,코스피200,111770
20250203,코스피200,009420
20250203,코스피200,002790
20250203,코스피200,017800
20250203,코스피200,028670
20250203,코스피200,192820
20250203,코스피200,282330
20250203,코스피200,000120
20250203,코스피200,139480
20250203,코스피200,008930
20250203,코스피200,069620
20250203,코스피200,489790
20250203,코스피200,139130
20250203,코스피200,112610
20250203,코스피200,005070
20250203,코스피200,000240
20250203,코스피200,361610
20250203,코스피200,007310
20250203,코스피200,006280
20250203,코스피200,278470
20250203,코스피200,000080
20250203,코스피200,005850
20250203,코스피200,006360
20250203,코스피200,008770
20250203,코스피200,010060
20250203,코스피200,023530
20250203,코스피200,042670
20250203,코스피200,047040
20250203,코스피200,073240
20250203,코스피200,103140
20250203,코스피200,137310
20250203,코스피200,161890
20250203,코스피200,003090
20250203,코스피200,375500
20250203,코스피200,004170
20250203,코스피200,007070
20250203,코스피200,069960
20250203,코스피200,192080
20250203,코스피200,185750
20250203,코스피200,001570
20250203,코스피200,004000
20250203,코스피200,004490
20250203,코스피200,014820
20250203,코스피200,336260
20250203,코스피200,014680
20250203,코스피200,011210
20250203,코스피200,300720
20250203,코스피200,009240
20250203,코스피200,009970
20250203,코스피200,005420
20250203,코스피200,005300
20250203,코스피200,003030
20250203,코스피200,001800
20250203,코스피200,001740
20250203,코스피200,457190
20250203,코스피200,001120
20250203,코스피200,298020
20250203,코스피200,280360
20250203,코스피200,039130
20250203,코스피200,001430
20250203,코스피200,008730
20250203,코스피200,003620
20250203,코스피200,069260
20250203,코스피200,005250
20250203,코스피200,001680
20250203,코스피200,298050
20250203,코스피200,285130
20250203,코스피200,000210
20250203,코스피200,002710
20250203,코스피200,114090
20250203,코스피200,120110
20250203,코스피200,145720
20250203,코스피200,002840
20250203,코스피200,006110
20250203,코스피200,178920
20250203,코스피200,006650
20250203,코스피200,271940
20250203,코스피200,456040
20250203,코스피200,105630
20250203,코스피200,093370
20250203,코스닥150,196170
20250203,코스닥150,247540
20250203,코스닥150,028300
20250203,코스닥150,086520
20250203,코스닥150,277810
20250203,코스닥150,141080
20250203,코스닥150,000250
20250203,코스닥150,214150
20250203,코스닥150,058470
20250203,코스닥150,145020
20250203,코스닥150,035900
20250203,코스닥150,214450
20250203,코스닥150,348370
20250203,코스닥150,403870
20250203,코스닥150,065350
20250203,코스닥150,087010
20250203,코스닥150,068760
20250203,코스닥150,041510
20250203,코스닥150,263750
20250203,코스닥150,328130
20250203,코스닥150,257720
20250203,코스닥150,298380
20250203,코스닥150,039030
20250203,코스닥150,237690
20250203,코스닥150,140860
20250203,코스닥150,214370
20250203,코스닥150,089030
20250203,코스닥150,310210
20250203,코스닥150,078600
20250203,코스닥150,036930
20250203,코스닥150,293490
20250203,코스닥150,112040
20250203,코스닥150,178320
20250203,코스닥150,067630
20250203,코스닥150,095340
20250203,코스닥150,357780
20250203,코스닥150,096530
20250203,코스닥150,035760
20250203,코스닥150,007390
20250203,코스닥150,042000
20250203,코스닥150,018290
20250203,코스닥150,098460
20250203,코스닥150,253450
20250203,코스닥150,204270
20250203,코스닥150,005290
20250203,코스닥150,031980
20250203,코스닥150,240810
20250203,코스닥150,039200
20250203,코스닥150,067160
20250203,코스닥150,195940
20250203,코스닥150,122870
20250203,코스닥150,115450
20250203,코스닥150,140410
20250203,코스닥150,058970
20250203,코스닥150,137400
20250203,코스닥150,376300
20250203,코스닥150,417200
20250203,코스닥150,053800
20250203,코스닥150,225570
20250203,코스닥150,086900
20250203,코스닥150,232140
20250203,코스닥150,064760
20250203,코스닥150,084370
20250203,코스닥150,033100
20250203,코스닥150,082270
20250203,코스닥150,121600
20250203,코스닥150,058610
20250203,코스닥150,281740
20250203,코스닥150,036830
20250203,코스닥150,213420
20250203,코스닥150,056190
20250203,코스닥150,317330
20250203,코스닥150,086450
20250203,코스닥150,085660
20250203,코스닥150,067310
20250203,코스닥150,003380
20250203,코스닥150,383310
20250203,코스닥150,101490
20250203,코스닥150,078340
20250203,코스닥150,030520
20250203,코스닥150,348210
20250203,코스닥150,041190
20250203,코스닥150,272290
20250203,코스닥150,241710
20250203,코스닥150,036540
20250203,코스닥150,131970
20250203,코스닥150,319660
20250203,코스닥150,290650
20250203,코스닥150,222080
20250203,코스닥150,009520
20250203,코스닥150,099190
20250203,코스닥150,048410
20250203,코스닥150,025980
20250203,코스닥150,358570
20250203,코스닥150,336570
20250203,코스닥150,069080
20250203,코스닥150,025320
20250203,코스닥150,074600
20250203,코스닥150,399720
20250203,코스닥150,166090
20250203,코스닥150,365340
20250203,코스닥150,080220
20250203,코스닥150,064550
20250203,코스닥150,131290
20250203,코스닥150,218410
20250203,코스닥150,215200
20250203,코스닥150,171090
20250203,코스닥150,091120
20250203,코스닥150,418550
20250203,코스닥150,114840
20250203,코스닥150,091700
20250203,코스닥150,025900
20250203,코스닥150,189300
20250203,코스닥150,101360
20250203,코스닥150,046890
20250203,코스닥150,015750
20250203,코스닥150,094360
20250203,코스닥150,183300
20250203,코스닥150,108860
20250203,코스닥150,179900
20250203,코스닥150,095660
20250203,코스닥150,006730
20250203,코스닥150,032190
20250203,코스닥150,032500
20250203,코스닥150,253590
20250203,코스닥150,068240
20250203,코스닥150,215000
20250203,코스닥150,060280
20250203,코스닥150,036810
20250203,코스닥150,049070
20250203,코스닥150,200130
20250203,코스닥150,420770
20250203,코스닥150,278280
20250203,코스닥150,352480
20250203,코스닥150,222800
20250203,코스닥150,095610
20250203,코스닥150,393890
20250203,코스닥150,194480
20250203,코스닥150,144510
20250203,코스닥150,394280
20250203,코스닥150,084850
20250203,코스닥150,060250
20250203,코스닥150,053610
20250203,코스닥150,372170
20250203,코스닥150,267980
20250203,코스닥150,118990
20250203,코스닥150,035600
20250203,코스닥150,095500
20250203,코스닥150,425040
20250203,코스닥150,033640
20250304,코스피200,005930
20250304,코스피200,000660
20250304,코스피200,207940
20250304,코스피200,373220
20250304,코스피200,005380
20250304,코스피200,068270
20250304,코스피200,000270
20250304,코스피200,035420
20250304,코스피200,012450
20250304,코스피200,105560
20250304,코스피200,329180
20250304,코스피200,042660
20250304,코스피200,055550
20250304,코스피200,012330
20250304,코스피200,138040
20250304,코스피200,005490
20250304,코스피200,028260
20250304,코스피200,096770
20250304,코스피200,035720
20250304,코스피200,011200
20250304,코스피200,000810
20250304,코스피200,032830
20250304,코스피200,086790
20250304,코스피200,009540
20250304,코스피200,034020
20250304,코스피200,259960
20250304,코스피200,051910
20250304,코스피200,010130
20250304,코스피200,006400
20250304,코스피200,015760
20250304,코스피200,066570
20250304,코스피200,010140
20250304,코스피200,033780
20250304,코스피200,024110
20250304,코스피200,017670
20250304,코스피200,030200
20250304,코스피200,316140
20250304,코스피200,267260
20250304,코스피200,402340
20250304,코스피200,323410
20250304,코스피200,003550
20250304,코스피200,000100
20250304,코스피200,352820
20250304,코스피200,009150
20250304,코스피200,034730
20250304,코스피200,003670
20250304,코스피200,086280
20250304,코스피200,064350
20250304,코스피200,018260
20250304,코스피200,047050
20250304,코스피200,326030
20250304,코스피200,003490
20250304,코스피200,042700
20250304,코스피200,010120
20250304,코스피200,090430
20250304,코스피200,005830
20250304,코스피200,047810
20250304,코스피200,003230
20250304,코스피200,079550
20250304,코스피200,272210
20250304,코스피200,010950
20250304,코스피200,021240
20250304,코스피200,267250
20250304,코스피200,450080
20250304,코스피200,180640
20250304,코스피200,000150
20250304,코스피200,029780
20250304,코스피200,006800
20250304,코스피200,051900
20250304,코스피200,005940
20250304,코스피200,161390
20250304,코스피200,011790
20250304,코스피200,032640
20250304,코스피200,034220
20250304,코스피200,241560
20250304,코스피200,010620
20250304,코스피200,298040
20250304,코스피200,071050
20250304,코스피200,377300
20250304,코스피200,454910
20250304,코스피200,016360
20250304,코스피200,271560
20250304,코스피200,011070
20250304,코스피200,036570
20250304,코스피200,097950
20250304,코스피200,000720
20250304,코스피200,006260
20250304,코스피200,138930
20250304,코스피200,009830
20250304,코스피200,004020
20250304,코스피200,251270
20250304,코스피200,175330
20250304,코스피200,035250
20250304,코스피200,078930
20250304,코스피200,000880
20250304,코스피200,028050
20250304,코스피200,022100
20250304,코스피200,036460
20250304,코스피200,302440
20250304,코스피200,128940
20250304,코스피200,011780
20250304,코스피200,018880
20250304,코스피200,001040
20250304,코스피200,039490
20250304,코스피200,026960
20250304,코스피200,011170
20250304,코스피200,066970
20250304,코스피200,383220
20250304,코스피200,002380
20250304,코스피200,052690
20250304,코스피200,489790
20250304,코스피200,012750
20250304,코스피200,088350
20250304,코스피200,004990
20250304,코스피200,139480
20250304,코스피200,017800
20250304,코스피200,001440
20250304,코스피200,081660
20250304,코스피200,278470
20250304,코스피200,004370
20250304,코스피200,001450
20250304,코스피200,028670
20250304,코스피200,000120
20250304,코스피200,204320
20250304,코스피200,051600
20250304,코스피200,111770
20250304,코스피200,030000
20250304,코스피200,023530
20250304,코스피200,008930
20250304,코스피200,009420
20250304,코스피200,192820
20250304,코스피200,361610
20250304,코스피200,103140
20250304,코스피200,282330
20250304,코스피200,112610
20250304,코스피200,007310
20250304,코스피200,375500
20250304,코스피200,457190
20250304,코스피200,002790
20250304,코스피200,005070
20250304,코스피200,005850
20250304,코스피200,042670
20250304,코스피200,000240
20250304,코스피200,004170
20250304,코스피200,006280
20250304,코스피200,006360
20250304,코스피200,008770
20250304,코스피200,010060
20250304,코스피200,047040
20250304,코스피200,069620
20250304,코스피200,073240
20250304,코스피200,139130
20250304,코스피200,161890
20250304,코스피200,007070
20250304,코스피200,137310
20250304,코스피200,069960
20250304,코스피200,014680
20250304,코스피200,000080
20250304,코스피200,009970
20250304,코스피200,001570
20250304,코스피200,336260
20250304,코스피200,300720
20250304,코스피200,280360
20250304,코스피200,192080
20250304,코스피200,185750
20250304,코스피200,014820
20250304,코스피200,011210
20250304,코스피200,009240
20250304,코스피200,004490
20250304,코스피200,003090
20250304,코스피200,003030
20250304,코스피200,004000
20250304,코스피200,001680
20250304,코스피200,003620
20250304,코스피200,120110
20250304,코스피200,001800
20250304,코스피200,001120
20250304,코스피200,298050
20250304,코스피200,298020
20250304,코스피200,001740
20250304,코스피200,039130
20250304,코스피200,002840
20250304,코스피200,005300
20250304,코스피200,005420
20250304,코스피200,145720
20250304,코스피200,000210
20250304,코스피200,069260
20250304,코스피200,285130
20250304,코스피200,001430
20250304,코스피200,008730
20250304,코스피200,114090
20250304,코스피200,002710
20250304,코스피200,005250
20250304,코스피200,456040
20250304,코스피200,271940
20250304,코스피200,006650
20250304,코스피200,178920
20250304,코스피200,093370
20250304,코스피200,105630
20250304,코스피200,006110
20250304,코스닥150,196170
20250304,코스닥150,028300
20250304,코스닥150,247540
20250304,코스닥150,086520
20250304,코스닥150,277810
20250304,코스닥150,000250
20250304,코스닥150,141080
20250304,코스닥150,145020
20250304,코스닥150,214150
20250304,코스닥150,214450
20250304,코스닥150,058470
20250304,코스닥150,035900
20250304,코스닥150,310210
20250304,코스닥150,041510
20250304,코스닥150,068760
20250304,코스닥150,403870
20250304,코스닥150,087010
20250304,코스닥150,348370
20250304,코스닥150,263750
20250304,코스닥150,298380
20250304,코스닥150,065350
20250304,코스닥150,328130
20250304,코스닥150,036930
20250304,코스닥150,078600
20250304,코스닥150,039030
20250304,코스닥150,237690
20250304,코스닥150,257720
20250304,코스닥150,042000
20250304,코스닥150,082270
20250304,코스닥150,253450
20250304,코스닥150,357780
20250304,코스닥150,214370
20250304,코스닥150,140860
20250304,코스닥150,089030
20250304,코스닥150,095340
20250304,코스닥150,067630
20250304,코스닥150,005290
20250304,코스닥150,035760
20250304,코스닥150,293490
20250304,코스닥150,096530
20250304,코스닥150,178320
20250304,코스닥150,240810
20250304,코스닥150,122870
20250304,코스닥150,018290
20250304,코스닥150,204270
20250304,코스닥150,039200
20250304,코스닥150,112040
20250304,코스닥150,098460
20250304,코스닥150,067160
20250304,코스닥150,281740
20250304,코스닥150,007390
20250304,코스닥150,195940
20250304,코스닥150,137400
20250304,코스닥150,376300
20250304,코스닥150,064760
20250304,코스닥150,084370
20250304,코스닥150,086900
20250304,코스닥150,232140
20250304,코스닥150,225570
20250304,코스닥150,115450
20250304,코스닥150,140410
20250304,코스닥150,121600
20250304,코스닥150,031980
20250304,코스닥150,053800
20250304,코스닥150,213420
20250304,코스닥150,417200
20250304,코스닥150,058970
20250304,코스닥150,056190
20250304,코스닥150,085660
20250304,코스닥150,067310
20250304,코스닥150,358570
20250304,코스닥150,086450
20250304,코스닥150,222800
20250304,코스닥150,036830
20250304,코스닥150,101490
20250304,코스닥150,317330
20250304,코스닥150,033100
20250304,코스닥150,003380
20250304,코스닥150,048410
20250304,코스닥150,078340
20250304,코스닥150,383310
20250304,코스닥150,222080
20250304,코스닥150,336570
20250304,코스닥150,131970
20250304,코스닥150,272290
20250304,코스닥150,058610
20250304,코스닥150,399720
20250304,코스닥150,166090
20250304,코스닥150,009520
20250304,코스닥150,025900
20250304,코스닥150,041190
20250304,코스닥150,348210
20250304,코스닥150,290650
20250304,코스닥150,319660
20250304,코스닥150,080220
20250304,코스닥150,025980
20250304,코스닥150,101360
20250304,코스닥150,036540
20250304,코스닥150,030520
20250304,코스닥150,131290
20250304,코스닥150,074600
20250304,코스닥150,036810
20250304,코스닥150,253590
20250304,코스닥150,095660
20250304,코스닥150,025320
20250304,코스닥150,069080
20250304,코스닥150,099190
20250304,코스닥150,171090
20250304,코스닥150,241710
20250304,코스닥150,183300
20250304,코스닥150,215200
20250304,코스닥150,218410
20250304,코스닥150,179900
20250304,코스닥150,015750
20250304,코스닥150,032190
20250304,코스닥150,365340
20250304,코스닥150,194480
20250304,코스닥150,095610
20250304,코스닥150,046890
20250304,코스닥150,091700
20250304,코스닥150,068240
20250304,코스닥150,006730
20250304,코스닥150,094360
20250304,코스닥150,114840
20250304,코스닥150,189300
20250304,코스닥150,420770
20250304,코스닥150,215000
20250304,코스닥150,278280
20250304,코스닥150,418550
20250304,코스닥150,200130
20250304,코스닥150,060280
20250304,코스닥150,144510
20250304,코스닥150,108860
20250304,코스닥150,064550
20250304,코스닥150,352480
20250304,코스닥150,060250
20250304,코스닥150,032500
20250304,코스닥150,049070
20250304,코스닥150,394280
20250304,코스닥150,393890
20250304,코스닥150,091120
20250304,코스닥150,372170
20250304,코스닥150,053610
20250304,코스닥150,267980
20250304,코스닥150,084850
20250304,코스닥150,095500
20250304,코스닥150,118990
20250304,코스닥150,035600
20250304,코스닥150,425040
20250304,코스닥150,033640
20250401,코스피200,005930
20250401,코스피200,000660
20250401,코스피200,373220
20250401,코스피200,207940
20250401,코스피200,005380
20250401,코스피200,068270
20250401,코스피200,000270
20250401,코스피200,105560
20250401,코스피200,035420
20250401,코스피200,012450
20250401,코스피200,329180
20250401,코스피200,012330
20250401,코스피200,055550
20250401,코스피200,138040
20250401,코스피200,005490
20250401,코스피200,042660
20250401,코스피200,028260
20250401,코스피200,035720
20250401,코스피200,011200
20250401,코스피200,086790
20250401,코스피200,051910
20250401,코스피200,000810
20250401,코스피200,032830
20250401,코스피200,096770
20250401,코스피200,259960
20250401,코스피200,010130
20250401,코스피200,034020
20250401,코스피200,009540
20250401,코스피200,015760
20250401,코스피200,006400
20250401,코스피200,066570
20250401,코스피200,033780
20250401,코스피200,316140
20250401,코스피200,402340
20250401,코스피200,030200
20250401,코스피200,010140
20250401,코스피200,017670
20250401,코스피200,024110
20250401,코스피200,064350
20250401,코스피200,267260
20250401,코스피200,323410
20250401,코스피200,003550
20250401,코스피200,352820
20250401,코스피200,009150
20250401,코스피200,034730
20250401,코스피200,003670
20250401,코스피200,018260
20250401,코스피200,000100
20250401,코스피200,086280
20250401,코스피200,047050
20250401,코스피200,003490
20250401,코스피200,326030
20250401,코스피200,047810
20250401,코스피200,042700
20250401,코스피200,272210
20250401,코스피200,010950
20250401,코스피200,005830
20250401,코스피200,003230
20250401,코스피200,090430
20250401,코스피200,021240
20250401,코스피200,267250
20250401,코스피200,079550
20250401,코스피200,180640
20250401,코스피200,010120
20250401,코스피200,006800
20250401,코스피200,051900
20250401,코스피200,000150
20250401,코스피200,161390
20250401,코스피200,029780
20250401,코스피200,271560
20250401,코스피200,241560
20250401,코스피200,032640
20250401,코스피200,010620
20250401,코스피200,005940
20250401,코스피200,034220
20250401,코스피200,377300
20250401,코스피200,071050
20250401,코스피200,298040
20250401,코스피200,450080
20250401,코스피200,028050
20250401,코스피200,011790
20250401,코스피200,016360
20250401,코스피200,000720
20250401,코스피200,011070
20250401,코스피200,097950
20250401,코스피200,035250
20250401,코스피200,022100
20250401,코스피200,078930
20250401,코스피200,175330
20250401,코스피200,036460
20250401,코스피200,001040
20250401,코스피200,009830
20250401,코스피200,251270
20250401,코스피200,138930
20250401,코스피200,000880
20250401,코스피200,004020
20250401,코스피200,006260
20250401,코스피200,011780
20250401,코스피200,036570
20250401,코스피200,302440
20250401,코스피200,454910
20250401,코스피200,039490
20250401,코스피200,489790
20250401,코스피200,128940
20250401,코스피200,011170
20250401,코스피200,278470
20250401,코스피200,026960
20250401,코스피200,004370
20250401,코스피200,018880
20250401,코스피200,012750
20250401,코스피200,081660
20250401,코스피200,002380
20250401,코스피200,383220
20250401,코스피200,052690
20250401,코스피200,066970
20250401,코스피200,139480
20250401,코스피200,111770
20250401,코스피200,001440
20250401,코스피200,088350
20250401,코스피200,004990
20250401,코스피200,017800
20250401,코스피200,001450
20250401,코스피200,000120
20250401,코스피200,192820
20250401,코스피200,030000
20250401,코스피200,008930
20250401,코스피200,005850
20250401,코스피200,282330
20250401,코스피200,204320
20250401,코스피200,103140
20250401,코스피200,051600
20250401,코스피200,028670
20250401,코스피200,002790
20250401,코스피200,375500
20250401,코스피200,023530
20250401,코스피200,361610
20250401,코스피200,042670
20250401,코스피200,007310
20250401,코스피200,000240
20250401,코스피200,006280
20250401,코스피200,006360
20250401,코스피200,008770
20250401,코스피200,009420
20250401,코스피200,073240
20250401,코스피200,112610
20250401,코스피200,139130
20250401,코스피200,161890
20250401,코스피200,000080
20250401,코스피200,005070
20250401,코스피200,047040
20250401,코스피200,014680
20250401,코스피200,011210
20250401,코스피200,010060
20250401,코스피200,009970
20250401,코스피200,004170
20250401,코스피200,457190
20250401,코스피200,069620
20250401,코스피200,069960
20250401,코스피200,185750
20250401,코스피200,137310
20250401,코스피200,001800
20250401,코스피200,300720
20250401,코스피200,003090
20250401,코스피200,007070
20250401,코스피200,192080
20250401,코스피200,280360
20250401,코스피200,002840
20250401,코스피200,009240
20250401,코스피200,120110
20250401,코스피200,145720
20250401,코스피200,001740
20250401,코스피200,003030
20250401,코스피200,014820
20250401,코스피200,298020
20250401,코스피200,336260
20250401,코스피200,004490
20250401,코스피200,039130
20250401,코스피200,004000
20250401,코스피200,001120
20250401,코스피200,005300
20250401,코스피200,114090
20250401,코스피200,069260
20250401,코스피200,003620
20250401,코스피200,003240
20250401,코스피200,001680
20250401,코스피200,000210
20250401,코스피200,298050
20250401,코스피200,285130
20250401,코스피200,178920
20250401,코스피200,006650
20250401,코스피200,001430
20250401,코스피200,093370
20250401,코스피200,271940
20250401,코스피200,005420
20250401,코스피200,005250
20250401,코스피200,456040
20250401,코스피200,002710
20250401,코스피200,008730
20250401,코스피200,105630
20250401,코스피200,006110
20250401,코스닥150,196170
20250401,코스닥150,247540
20250401,코스닥150,028300
20250401,코스닥150,086520
20250401,코스닥150,277810
20250401,코스닥150,145020
20250401,코스닥150,000250
20250401,코스닥150,214150
20250401,코스닥150,214450
20250401,코스닥150,141080
20250401,코스닥150,058470
20250401,코스닥150,087010
20250401,코스닥150,041510
20250401,코스닥150,403870
20250401,코스닥150,035900
20250401,코스닥150,068760
20250401,코스닥150,310210
20250401,코스닥150,263750
20250401,코스닥150,007390
20250401,코스닥150,036930
20250401,코스닥150,298380
20250401,코스닥150,039030
20250401,코스닥150,065350
20250401,코스닥150,257720
20250401,코스닥150,005290
20250401,코스닥150,357780
20250401,코스닥150,237690
20250401,코스닥150,253450
20250401,코스닥150,140860
20250401,코스닥150,328130
20250401,코스닥150,348370
20250401,코스닥150,214370
20250401,코스닥150,082270
20250401,코스닥150,035760
20250401,코스닥150,078600
20250401,코스닥150,042000
20250401,코스닥150,089030
20250401,코스닥150,293490
20250401,코스닥150,178320
20250401,코스닥150,096530
20250401,코스닥150,018290
20250401,코스닥150,240810
20250401,코스닥150,039200
20250401,코스닥150,122870
20250401,코스닥150,095340
20250401,코스닥150,140410
20250401,코스닥150,195940
20250401,코스닥150,086900
20250401,코스닥150,112040
20250401,코스닥150,064760
20250401,코스닥150,067160
20250401,코스닥150,098460
20250401,코스닥150,137400
20250401,코스닥150,281740
20250401,코스닥150,232140
20250401,코스닥150,376300
20250401,코스닥150,084370
20250401,코스닥150,204270
20250401,코스닥150,053800
20250401,코스닥150,225570
20250401,코스닥150,067310
20250401,코스닥150,031980
20250401,코스닥150,056190
20250401,코스닥150,417200
20250401,코스닥150,115450
20250401,코스닥150,101490
20250401,코스닥150,213420
20250401,코스닥150,121600
20250401,코스닥150,086450
20250401,코스닥150,166090
20250401,코스닥150,058970
20250401,코스닥150,003380
20250401,코스닥150,085660
20250401,코스닥150,358570
20250401,코스닥150,336570
20250401,코스닥150,348210
20250401,코스닥150,222800
20250401,코스닥150,036830
20250401,코스닥150,319660
20250401,코스닥150,183300
20250401,코스닥150,025320
20250401,코스닥150,222080
20250401,코스닥150,131290
20250401,코스닥150,383310
20250401,코스닥150,194480
20250401,코스닥150,009520
20250401,코스닥150,033100
20250401,코스닥150,078340
20250401,코스닥150,048410
20250401,코스닥150,041190
20250401,코스닥150,025980
20250401,코스닥150,241710
20250401,코스닥150,053030
20250401,코스닥150,036540
20250401,코스닥150,058610
20250401,코스닥150,131970
20250401,코스닥150,095660
20250401,코스닥150,074600
20250401,코스닥150,069080
20250401,코스닥150,399720
20250401,코스닥150,215200
20250401,코스닥150,015750
20250401,코스닥150,030520
20250401,코스닥150,290650
20250401,코스닥150,101360
20250401,코스닥150,272290
20250401,코스닥150,080220
20250401,코스닥150,025900
20250401,코스닥150,032190
20250401,코스닥150,099190
20250401,코스닥150,095610
20250401,코스닥150,036810
20250401,코스닥150,317330
20250401,코스닥150,253590
20250401,코스닥150,091700
20250401,코스닥150,365340
20250401,코스닥150,352480
20250401,코스닥150,189300
20250401,코스닥150,006730
20250401,코스닥150,046890
20250401,코스닥150,064550
20250401,코스닥150,218410
20250401,코스닥150,179900
20250401,코스닥150,200130
20250401,코스닥150,215000
20250401,코스닥150,171090
20250401,코스닥150,068240
20250401,코스닥150,144510
20250401,코스닥150,094360
20250401,코스닥150,060280
20250401,코스닥150,108860
20250401,코스닥150,420770
20250401,코스닥150,278280
20250401,코스닥150,418550
20250401,코스닥150,114840
20250401,코스닥150,060250
20250401,코스닥150,032500
20250401,코스닥150,394280
20250401,코스닥150,267980
20250401,코스닥150,393890
20250401,코스닥150,049070
20250401,코스닥150,053610
20250401,코스닥150,372170
20250401,코스닥150,084850
20250401,코스닥150,095500
20250401,코스닥150,035600
20250401,코스닥150,118990
20250401,코스닥150,091120
20250401,코스닥150,425040
20250401,코스닥150,033640
20250502,코스피200,005930
20250502,코스피200,000660
20250502,코스피200,207940
20250502,코스피200,373220
20250502,코스피200,005380
20250502,코스피200,012450
20250502,코스피200,105560
20250502,코스피200,329180
20250502,코스피200,068270
20250502,코스피200,000270
20250502,코스피200,035420
20250502,코스피200,055550
20250502,코스피200,042660
20250502,코스피200,012330
20250502,코스피200,138040
20250502,코스피200,028260
20250502,코스피200,005490
20250502,코스피200,009540
20250502,코스피200,086790
20250502,코스피200,259960
20250502,코스피200,034020
20250502,코스피200,000810
20250502,코스피200,032830
20250502,코스피200,035720
20250502,코스피200,015760
20250502,코스피200,011200
20250502,코스피200,010130
20250502,코스피200,051910
20250502,코스피200,033780
20250502,코스피200,096770
20250502,코스피200,030200
20250502,코스피200,316140
20250502,코스피200,010140
20250502,코스피200,064350
20250502,코스피200,024110
20250502,코스피200,402340
20250502,코스피200,006400
20250502,코스피200,066570
20250502,코스피200,017670
20250502,코스피200,267260
20250502,코스피200,352820
20250502,코스피200,003550
20250502,코스피200,323410
20250502,코스피200,018260
20250502,코스피200,003670
20250502,코스피200,034730
20250502,코스피200,000100
20250502,코스피200,009150
20250502,코스피200,047050
20250502,코스피200,326030
20250502,코스피200,047810
20250502,코스피200,086280
20250502,코스피200,272210
20250502,코스피200,003490
20250502,코스피200,003230
20250502,코스피200,042700
20250502,코스피200,090430
20250502,코스피200,079550
20250502,코스피200,010620
20250502,코스피200,006800
20250502,코스피200,005830
20250502,코스피200,267250
20250502,코스피200,021240
20250502,코스피200,010120
20250502,코스피200,010950
20250502,코스피200,000150
20250502,코스피200,051900
20250502,코스피200,032640
20250502,코스피200,180640
20250502,코스피200,009830
20250502,코스피200,161390
20250502,코스피200,005940
20250502,코스피200,271560
20250502,코스피200,029780
20250502,코스피200,016360
20250502,코스피200,298040
20250502,코스피200,071050
20250502,코스피200,000720
20250502,코스피200,241560
20250502,코스피200,034220
20250502,코스피200,377300
20250502,코스피200,006260
20250502,코스피200,251270
20250502,코스피200,011790
20250502,코스피200,450080
20250502,코스피200,097950
20250502,코스피200,000880
20250502,코스피200,028050
20250502,코스피200,022100
20250502,코스피200,001040
20250502,코스피200,078930
20250502,코스피200,128940
20250502,코스피200,035250
20250502,코스피200,036460
20250502,코스피200,454910
20250502,코스피200,011070
20250502,코스피200,039490
20250502,코스피200,175330
20250502,코스피200,004020
20250502,코스피200,138930
20250502,코스피200,036570
20250502,코스피200,011780
20250502,코스피200,302440
20250502,코스피200,489790
20250502,코스피200,017800
20250502,코스피200,278470
20250502,코스피200,383220
20250502,코스피200,139480
20250502,코스피200,011170
20250502,코스피200,052690
20250502,코스피200,026960
20250502,코스피200,012750
20250502,코스피200,004990
20250502,코스피200,066970
20250502,코스피200,088350
20250502,코스피200,004370
20250502,코스피200,018880
20250502,코스피200,002380
20250502,코스피200,030000
20250502,코스피200,081660
20250502,코스피200,001440
20250502,코스피200,051600
20250502,코스피200,111770
20250502,코스피200,192820
20250502,코스피200,008930
20250502,코스피200,001450
20250502,코스피200,002790
20250502,코스피200,000120
20250502,코스피200,282330
20250502,코스피200,204320
20250502,코스피200,161890
20250502,코스피200,028670
20250502,코스피200,023530
20250502,코스피200,375500
20250502,코스피200,361610
20250502,코스피200,139130
20250502,코스피200,112610
20250502,코스피200,008770
20250502,코스피200,042670
20250502,코스피200,069620
20250502,코스피200,007310
20250502,코스피200,103140
20250502,코스피200,000240
20250502,코스피200,004170
20250502,코스피200,005850
20250502,코스피200,006280
20250502,코스피200,006360
20250502,코스피200,009420
20250502,코스피200,047040
20250502,코스피200,005070
20250502,코스피200,000080
20250502,코스피200,073240
20250502,코스피200,192080
20250502,코스피200,069960
20250502,코스피200,014680
20250502,코스피200,010060
20250502,코스피200,300720
20250502,코스피200,457190
20250502,코스피200,007070
20250502,코스피200,009970
20250502,코스피200,298020
20250502,코스피200,003090
20250502,코스피200,001800
20250502,코스피200,137310
20250502,코스피200,001120
20250502,코스피200,011210
20250502,코스피200,185750
20250502,코스피200,280360
20250502,코스피200,005300
20250502,코스피200,014820
20250502,코스피200,003030
20250502,코스피200,002840
20250502,코스피200,009240
20250502,코스피200,001740
20250502,코스피200,004490
20250502,코스피200,003240
20250502,코스피200,001680
20250502,코스피200,336260
20250502,코스피200,004000
20250502,코스피200,120110
20250502,코스피200,114090
20250502,코스피200,069260
20250502,코스피200,039130
20250502,코스피200,008730
20250502,코스피200,005250
20250502,코스피200,000210
20250502,코스피200,298050
20250502,코스피200,285130
20250502,코스피200,145720
20250502,코스피200,006650
20250502,코스피200,003620
20250502,코스피200,093370
20250502,코스피200,271940
20250502,코스피200,005420
20250502,코스피200,001430
20250502,코스피200,456040
20250502,코스피200,178920
20250502,코스피200,002710
20250502,코스피200,105630
20250502,코스피200,006110
20250502,코스닥150,196170
20250502,코스닥150,247540
20250502,코스닥150,028300
20250502,코스닥150,086520
20250502,코스닥150,277810
20250502,코스닥150,145020
20250502,코스닥150,214150
20250502,코스닥150,214450
20250502,코스닥150,141080
20250502,코스닥150,087010
20250502,코스닥150,000250
20250502,코스닥150,298380
20250502,코스닥150,041510
20250502,코스닥150,058470
20250502,코스닥150,035900
20250502,코스닥150,263750
20250502,코스닥150,257720
20250502,코스닥150,068760
20250502,코스닥150,403870
20250502,코스닥150,310210
20250502,코스닥150,007390
20250502,코스닥150,348370
20250502,코스닥150,065350
20250502,코스닥150,036930
20250502,코스닥150,237690
20250502,코스닥150,253450
20250502,코스닥150,005290
20250502,코스닥150,328130
20250502,코스닥150,042000
20250502,코스닥150,082270
20250502,코스닥150,039030
20250502,코스닥150,140860
20250502,코스닥150,096530
20250502,코스닥150,018290
20250502,코스닥150,035760
20250502,코스닥150,357780
20250502,코스닥150,089030
20250502,코스닥150,086900
20250502,코스닥150,078600
20250502,코스닥150,122870
20250502,코스닥150,214370
20250502,코스닥150,140410
20250502,코스닥150,293490
20250502,코스닥150,178320
20250502,코스닥150,195940
20250502,코스닥150,240810
20250502,코스닥150,376300
20250502,코스닥150,095340
20250502,코스닥150,039200
20250502,코스닥150,064760
20250502,코스닥150,098460
20250502,코스닥150,137400
20250502,코스닥150,067160
20250502,코스닥150,358570
20250502,코스닥150,225570
20250502,코스닥150,281740
20250502,코스닥150,112040
20250502,코스닥150,204270
20250502,코스닥150,232140
20250502,코스닥150,084370
20250502,코스닥150,417200
20250502,코스닥150,031980
20250502,코스닥150,053800
20250502,코스닥150,336570
20250502,코스닥150,101490
20250502,코스닥150,056190
20250502,코스닥150,213420
20250502,코스닥150,067310
20250502,코스닥150,086450
20250502,코스닥150,003380
20250502,코스닥150,121600
20250502,코스닥150,115450
20250502,코스닥150,036830
20250502,코스닥150,058970
20250502,코스닥150,183300
20250502,코스닥150,085660
20250502,코스닥150,383310
20250502,코스닥150,025980
20250502,코스닥150,348210
20250502,코스닥150,041190
20250502,코스닥150,025320
20250502,코스닥150,222080
20250502,코스닥150,166090
20250502,코스닥150,058610
20250502,코스닥150,215200
20250502,코스닥150,030520
20250502,코스닥150,048410
20250502,코스닥150,319660
20250502,코스닥150,095660
20250502,코스닥150,222800
20250502,코스닥150,053030
20250502,코스닥150,009520
20250502,코스닥150,033100
20250502,코스닥150,290650
20250502,코스닥150,078340
20250502,코스닥150,036540
20250502,코스닥150,069080
20250502,코스닥150,399720
20250502,코스닥150,194480
20250502,코스닥150,131970
20250502,코스닥150,099190
20250502,코스닥150,131290
20250502,코스닥150,317330
20250502,코스닥150,272290
20250502,코스닥150,241710
20250502,코스닥150,015750
20250502,코스닥150,032190
20250502,코스닥150,218410
20250502,코스닥150,080220
20250502,코스닥150,101360
20250502,코스닥150,074600
20250502,코스닥150,025900
20250502,코스닥150,253590
20250502,코스닥150,189300
20250502,코스닥150,064550
20250502,코스닥150,365340
20250502,코스닥150,215000
20250502,코스닥150,095610
20250502,코스닥150,006730
20250502,코스닥150,036810
20250502,코스닥150,200130
20250502,코스닥150,091700
20250502,코스닥150,046890
20250502,코스닥150,060280
20250502,코스닥150,171090
20250502,코스닥150,114840
20250502,코스닥150,094360
20250502,코스닥150,278280
20250502,코스닥150,179900
20250502,코스닥150,108860
20250502,코스닥150,032500
20250502,코스닥150,068240
20250502,코스닥150,420770
20250502,코스닥150,352480
20250502,코스닥150,144510
20250502,코스닥150,393890
20250502,코스닥150,060250
20250502,코스닥150,418550
20250502,코스닥150,267980
20250502,코스닥150,049070
20250502,코스닥150,394280
20250502,코스닥150,084850
20250502,코스닥150,053610
20250502,코스닥150,372170
20250502,코스닥150,095500
20250502,코스닥150,035600
20250502,코스닥150,118990
20250502,코스닥150,091120
20250502,코스닥150,425040
20250502,코스닥150,033640
20250602,코스피200,005930
20250602,코스피200,000660
20250602,코스피200,207940
20250602,코스피200,373220
20250602,코스피200,012450
20250602,코스피200,105560
20250602,코스피200,329180
20250602,코스피200,005380
20250602,코스피200,068270
20250602,코스피200,000270
20250602,코스피200,035420
20250602,코스피200,055550
20250602,코스피200,034020
20250602,코스피200,028260
20250602,코스피200,042660
20250602,코스피200,012330
20250602,코스피200,011200
20250602,코스피200,009540
20250602,코스피200,086790
20250602,코스피200,032830
20250602,코스피200,138040
20250602,코스피200,005490
20250602,코스피200,015760
20250602,코스피200,035720
20250602,코스피200,000810
20250602,코스피200,259960
20250602,코스피200,064350
20250602,코스피200,010130
20250602,코스피200,010140
20250602,코스피200,033780
20250602,코스피200,402340
20250602,코스피200,316140
20250602,코스피200,051910
20250602,코스피200,267260
20250602,코스피200,096770
20250602,코스피200,024110
20250602,코스피200,030200
20250602,코스피200,006400
20250602,코스피200,034730
20250602,코스피200,066570
20250602,코스피200,323410
20250602,코스피200,352820
20250602,코스피200,017670
20250602,코스피200,003550
20250602,코스피200,018260
20250602,코스피200,079550
20250602,코스피200,180640
20250602,코스피200,009150
20250602,코스피200,003670
20250602,코스피200,006800
20250602,코스피200,267250
20250602,코스피200,047050
20250602,코스피200,086280
20250602,코스피200,003490
20250602,코스피200,000100
20250602,코스피200,272210
20250602,코스피200,047810
20250602,코스피200,003230
20250602,코스피200,000150
20250602,코스피200,090430
20250602,코스피200,042700
20250602,코스피200,010620
20250602,코스피200,010120
20250602,코스피200,000720
20250602,코스피200,326030
20250602,코스피200,005830
20250602,코스피200,021240
20250602,코스피200,010950
20250602,코스피200,298040
20250602,코스피200,000880
20250602,코스피200,071050
20250602,코스피200,032640
20250602,코스피200,005940
20250602,코스피200,377300
20250602,코스피200,016360
20250602,코스피200,009830
20250602,코스피200,006260
20250602,코스피200,051900
20250602,코스피200,029780
20250602,코스피200,161390
20250602,코스피200,278470
20250602,코스피200,251270
20250602,코스피200,271560
20250602,코스피200,241560
20250602,코스피200,028050
20250602,코스피200,078930
20250602,코스피200,039490
20250602,코스피200,034220
20250602,코스피200,001040
20250602,코스피200,128940
20250602,코스피200,004020
20250602,코스피200,036570
20250602,코스피200,036460
20250602,코스피200,035250
20250602,코스피200,097950
20250602,코스피200,302440
20250602,코스피200,175330
20250602,코스피200,138930
20250602,코스피200,011070
20250602,코스피200,022100
20250602,코스피200,011790
20250602,코스피200,450080
20250602,코스피200,011780
20250602,코스피200,004990
20250602,코스피200,454910
20250602,코스피200,017800
20250602,코스피200,383220
20250602,코스피200,002380
20250602,코스피200,111770
20250602,코스피200,088350
20250602,코스피200,192820
20250602,코스피200,489790
20250602,코스피200,026960
20250602,코스피200,011170
20250602,코스피200,012750
20250602,코스피200,004370
20250602,코스피200,139480
20250602,코스피200,052690
20250602,코스피200,008930
20250602,코스피200,001440
20250602,코스피200,081660
20250602,코스피200,112610
20250602,코스피200,030000
20250602,코스피200,002790
20250602,코스피200,023530
20250602,코스피200,001450
20250602,코스피200,006360
20250602,코스피200,008770
20250602,코스피200,018880
20250602,코스피200,028670
20250602,코스피200,051600
20250602,코스피200,066970
20250602,코스피200,069620
20250602,코스피200,161890
20250602,코스피200,375500
20250602,코스피200,000120
20250602,코스피200,000240
20250602,코스피200,004170
20250602,코스피200,282330
20250602,코스피200,047040
20250602,코스피200,103140
20250602,코스피200,139130
20250602,코스피200,042670
20250602,코스피200,003090
20250602,코스피200,006280
20250602,코스피200,007310
20250602,코스피200,361610
20250602,코스피200,014680
20250602,코스피200,069960
20250602,코스피200,204320
20250602,코스피200,009970
20250602,코스피200,000080
20250602,코스피200,005850
20250602,코스피200,137310
20250602,코스피200,010060
20250602,코스피200,073240
20250602,코스피200,009420
20250602,코스피200,001120
20250602,코스피200,001800
20250602,코스피200,005070
20250602,코스피200,007070
20250602,코스피200,011210
20250602,코스피200,457190
20250602,코스피200,192080
20250602,코스피200,280360
20250602,코스피200,300720
20250602,코스피200,336260
20250602,코스피200,185750
20250602,코스피200,000210
20250602,코스피200,001740
20250602,코스피200,002840
20250602,코스피200,003030
20250602,코스피200,003240
20250602,코스피200,004000
20250602,코스피200,298020
20250602,코스피200,005300
20250602,코스피200,009240
20250602,코스피200,014820
20250602,코스피200,114090
20250602,코스피200,120110
20250602,코스피200,285130
20250602,코스피200,004490
20250602,코스피200,001430
20250602,코스피200,001680
20250602,코스피200,003620
20250602,코스피200,298050
20250602,코스피200,008730
20250602,코스피200,039130
20250602,코스피200,005250
20250602,코스피200,005420
20250602,코스피200,006650
20250602,코스피200,456040
20250602,코스피200,145720
20250602,코스피200,178920
20250602,코스피200,069260
20250602,코스피200,002710
20250602,코스피200,271940
20250602,코스피200,105630
20250602,코스피200,093370
20250602,코스피200,006110
20250602,코스닥150,196170
20250602,코스닥150,247540
20250602,코스닥150,028300
20250602,코스닥150,086520
20250602,코스닥150,087010
20250602,코스닥150,277810
20250602,코스닥150,214450
20250602,코스닥150,141080
20250602,코스닥150,145020
20250602,코스닥150,298380
20250602,코스닥150,214150
20250602,코스닥150,000250
20250602,코스닥150,257720
20250602,코스닥150,058470
20250602,코스닥150,041510
20250602,코스닥150,035900
20250602,코스닥150,263750
20250602,코스닥150,068760
20250602,코스닥150,082270
20250602,코스닥150,310210
20250602,코스닥150,403870
20250602,코스닥150,140860
20250602,코스닥150,039030
20250602,코스닥150,214370
20250602,코스닥150,096530
20250602,코스닥150,007390
20250602,코스닥150,237690
20250602,코스닥150,122870
20250602,코스닥150,018290
20250602,코스닥150,065350
20250602,코스닥150,036930
20250602,코스닥150,253450
20250602,코스닥150,005290
20250602,코스닥150,348370
20250602,코스닥150,293490
20250602,코스닥150,328130
20250602,코스닥150,035760
20250602,코스닥150,089030
20250602,코스닥150,357780
20250602,코스닥150,376300
20250602,코스닥150,086900
20250602,코스닥150,178320
20250602,코스닥150,140410
20250602,코스닥150,358570
20250602,코스닥150,195940
20250602,코스닥150,078600
20250602,코스닥150,240810
20250602,코스닥150,039200
20250602,코스닥150,042000
20250602,코스닥150,098460
20250602,코스닥150,095340
20250602,코스닥150,064760
20250602,코스닥150,067160
20250602,코스닥150,204270
20250602,코스닥150,003380
20250602,코스닥150,336570
20250602,코스닥150,213420
20250602,코스닥150,225570
20250602,코스닥150,112040
20250602,코스닥150,232140
20250602,코스닥150,281740
20250602,코스닥150,056190
20250602,코스닥150,137400
20250602,코스닥150,086450
20250602,코스닥150,084370
20250602,코스닥150,101490
20250602,코스닥150,067310
20250602,코스닥150,053800
20250602,코스닥150,417200
20250602,코스닥150,025980
20250602,코스닥150,115450
20250602,코스닥150,031980
20250602,코스닥150,290650
20250602,코스닥150,032190
20250602,코스닥150,036830
20250602,코스닥150,121600
20250602,코스닥150,058970
20250602,코스닥150,030520
20250602,코스닥150,183300
20250602,코스닥150,053030
20250602,코스닥150,025320
20250602,코스닥150,041190
20250602,코스닥150,241710
20250602,코스닥150,215200
20250602,코스닥150,222800
20250602,코스닥150,095660
20250602,코스닥150,006730
20250602,코스닥150,058610
20250602,코스닥150,348210
20250602,코스닥150,218410
20250602,코스닥150,222080
20250602,코스닥150,085660
20250602,코스닥150,033100
20250602,코스닥150,319660
20250602,코스닥150,194480
20250602,코스닥150,131970
20250602,코스닥150,166090
20250602,코스닥150,048410
20250602,코스닥150,036540
20250602,코스닥150,383310
20250602,코스닥150,189300
20250602,코스닥150,078340
20250602,코스닥150,069080
20250602,코스닥150,009520
20250602,코스닥150,399720
20250602,코스닥150,200130
20250602,코스닥150,080220
20250602,코스닥150,015750
20250602,코스닥150,032500
20250602,코스닥150,074600
20250602,코스닥150,272290
20250602,코스닥150,099190
20250602,코스닥150,131290
20250602,코스닥150,095610
20250602,코스닥150,025900
20250602,코스닥150,253590
20250602,코스닥150,215000
20250602,코스닥150,064550
20250602,코스닥150,101360
20250602,코스닥150,365340
20250602,코스닥150,179900
20250602,코스닥150,036810
20250602,코스닥150,091700
20250602,코스닥150,060280
20250602,코스닥150,046890
20250602,코스닥150,108860
20250602,코스닥150,171090
20250602,코스닥150,352480
20250602,코스닥150,317330
20250602,코스닥150,278280
20250602,코스닥150,144510
20250602,코스닥150,094360
20250602,코스닥150,420770
20250602,코스닥150,114840
20250602,코스닥150,068240
20250602,코스닥150,060250
20250602,코스닥150,418550
20250602,코스닥150,267980
20250602,코스닥150,049070
20250602,코스닥150,394280
20250602,코스닥150,393890
20250602,코스닥150,084850
20250602,코스닥150,053610
20250602,코스닥150,035600
20250602,코스닥150,095500
20250602,코스닥150,372170
20250602,코스닥150,118990
20250602,코스닥150,091120
20250602,코스닥150,033640
20250602,코스닥150,425040
20250701,코스피200,005930
20250701,코스피200,000660
20250701,코스피200,207940
20250701,코스피200,373220
20250701,코스피200,005380
20250701,코스피200,105560
20250701,코스피200,035420
20250701,코스피200,034020
20250701,코스피200,012450
20250701,코스피200,000270
20250701,코스피200,329180
20250701,코스피200,068270
20250701,코스피200,055550
20250701,코스피200,028260
20250701,코스피200,035720
20250701,코스피200,012330
20250701,코스피200,032830
20250701,코스피200,009540
20250701,코스피200,086790
20250701,코스피200,402340
20250701,코스피200,015760
20250701,코스피200,042660
20250701,코스피200,011200
20250701,코스피200,005490
20250701,코스피200,064350
20250701,코스피200,138040
20250701,코스피200,000810
20250701,코스피200,096770
20250701,코스피200,267260
20250701,코스피200,259960
20250701,코스피200,316140
20250701,코스피200,034730
20250701,코스피200,010130
20250701,코스피200,051910
20250701,코스피200,033780
20250701,코스피200,024110
20250701,코스피200,010140
20250701,코스피200,030200
20250701,코스피200,323410
20250701,코스피200,006400
20250701,코스피200,003550
20250701,코스피200,018260
20250701,코스피200,352820
20250701,코스피200,017670
20250701,코스피200,006800
20250701,코스피200,066570
20250701,코스피200,079550
20250701,코스피200,272210
20250701,코스피200,086280
20250701,코스피200,267250
20250701,코스피200,377300
20250701,코스피200,003230
20250701,코스피200,009150
20250701,코스피200,000150
20250701,코스피200,003670
20250701,코스피200,443060
20250701,코스피200,042700
20250701,코스피200,010120
20250701,코스피200,005830
20250701,코스피200,047810
20250701,코스피200,047050
20250701,코스피200,298040
20250701,코스피200,003490
20250701,코스피200,000720
20250701,코스피200,000100
20250701,코스피200,010620
20250701,코스피200,000880
20250701,코스피200,090430
20250701,코스피200,071050
20250701,코스피200,180640
20250701,코스피200,326030
20250701,코스피200,021240
20250701,코스피200,010950
20250701,코스피200,006260
20250701,코스피200,016360
20250701,코스피200,005940
20250701,코스피200,032640
20250701,코스피200,278470
20250701,코스피200,039490
20250701,코스피200,029780
20250701,코스피200,009830
20250701,코스피200,241560
20250701,코스피200,251270
20250701,코스피200,161390
20250701,코스피200,051900
20250701,코스피200,001040
20250701,코스피200,271560
20250701,코스피200,028050
20250701,코스피200,078930
20250701,코스피200,036570
20250701,코스피200,034220
20250701,코스피200,138930
20250701,코스피200,175330
20250701,코스피200,035250
20250701,코스피200,004020
20250701,코스피200,011790
20250701,코스피200,454910
20250701,코스피200,097950
20250701,코스피200,052690
20250701,코스피200,036460
20250701,코스피200,302440
20250701,코스피200,103140
20250701,코스피200,022100
20250701,코스피200,011070
20250701,코스피200,128940
20250701,코스피200,017800
20250701,코스피200,450080
20250701,코스피200,192820
20250701,코스피200,383220
20250701,코스피200,011780
20250701,코스피200,004990
20250701,코스피200,008930
20250701,코스피200,001440
20250701,코스피200,088350
20250701,코스피200,026960
20250701,코스피200,002380
20250701,코스피200,111770
20250701,코스피200,139480
20250701,코스피200,002790
20250701,코스피200,051600
20250701,코스피200,012750
20250701,코스피200,011170
20250701,코스피200,001450
20250701,코스피200,004370
20250701,코스피200,042670
20250701,코스피200,161890
20250701,코스피200,489790
20250701,코스피200,018880
20250701,코스피200,023530
20250701,코스피200,282330
20250701,코스피200,081660
20250701,코스피200,139130
20250701,코스피200,030000
20250701,코스피200,000120
20250701,코스피200,006040
20250701,코스피200,008770
20250701,코스피200,375500
20250701,코스피200,028670
20250701,코스피200,112610
20250701,코스피200,361610
20250701,코스피200,009970
20250701,코스피200,000240
20250701,코스피200,004170
20250701,코스피200,006360
20250701,코스피200,069960
20250701,코스피200,047040
20250701,코스피200,066970
20250701,코스피200,069620
20250701,코스피200,014680
20250701,코스피200,005850
20250701,코스피200,006280
20250701,코스피200,204320
20250701,코스피200,012630
20250701,코스피200,007310
20250701,코스피200,000080
20250701,코스피200,457190
20250701,코스피200,003090
20250701,코스피200,007070
20250701,코스피200,007340
20250701,코스피200,009420
20250701,코스피200,010060
20250701,코스피200,011210
20250701,코스피200,017960
20250701,코스피200,073240
20250701,코스피200,120110
20250701,코스피200,137310
20250701,코스피200,192080
20250701,코스피200,285130
20250701,코스피200,300720
20250701,코스피200,001800
20250701,코스피200,000210
20250701,코스피200,001430
20250701,코스피200,003240
20250701,코스피200,004000
20250701,코스피200,298020
20250701,코스피200,009240
20250701,코스피200,185750
20250701,코스피200,280360
20250701,코스피200,005300
20250701,코스피200,000670
20250701,코스피200,001680
20250701,코스피200,002840
20250701,코스피200,003030
20250701,코스피200,298050
20250701,코스피200,014820
20250701,코스피200,039130
20250701,코스피200,071320
20250701,코스피200,114090
20250701,코스피200,004490
20250701,코스피200,003620
20250701,코스피200,005250
20250701,코스피200,005420
20250701,코스피200,268280
20250701,코스피200,069260
20250701,코스피200,145720
20250701,코스피200,008730
20250701,코스피200,002710
20250701,코스피200,456040
20250701,코스피200,093370
20250701,코스피200,006650
20250701,코스닥150,196170
20250701,코스닥150,247540
20250701,코스닥150,028300
20250701,코스닥150,086520
20250701,코스닥150,277810
20250701,코스닥150,214450
20250701,코스닥150,087010
20250701,코스닥150,145020
20250701,코스닥150,141080
20250701,코스닥150,214150
20250701,코스닥150,058470
20250701,코스닥150,257720
20250701,코스닥150,000250
20250701,코스닥150,041510
20250701,코스닥150,298380
20250701,코스닥150,263750
20250701,코스닥150,035900
20250701,코스닥150,082270
20250701,코스닥150,403870
20250701,코스닥150,068760
20250701,코스닥150,039030
20250701,코스닥150,310210
20250701,코스닥150,140860
20250701,코스닥150,214370
20250701,코스닥150,065350
20250701,코스닥150,007390
20250701,코스닥150,122870
20250701,코스닥150,237690
20250701,코스닥150,096530
20250701,코스닥150,005290
20250701,코스닥150,328130
20250701,코스닥150,035760
20250701,코스닥150,293490
20250701,코스닥150,253450
20250701,코스닥150,036930
20250701,코스닥150,376300
20250701,코스닥150,357780
20250701,코스닥150,240810
20250701,코스닥150,086900
20250701,코스닥150,095340
20250701,코스닥150,358570
20250701,코스닥150,018290
20250701,코스닥150,064760
20250701,코스닥150,089030
20250701,코스닥150,195940
20250701,코스닥150,178320
20250701,코스닥150,348370
20250701,코스닥150,042000
20250701,코스닥150,003380
20250701,코스닥150,160190
20250701,코스닥150,112040
20250701,코스닥150,140410
20250701,코스닥150,039200
20250701,코스닥150,078600
20250701,코스닥150,098460
20250701,코스닥150,067160
20250701,코스닥150,336570
20250701,코스닥150,204270
20250701,코스닥150,025980
20250701,코스닥150,225570
20250701,코스닥150,084370
20250701,코스닥150,213420
20250701,코스닥150,036830
20250701,코스닥150,101490
20250701,코스닥150,085660
20250701,코스닥150,056190
20250701,코스닥150,161580
20250701,코스닥150,232140
20250701,코스닥150,323280
20250701,코스닥150,014620
20250701,코스닥150,281740
20250701,코스닥150,086450
20250701,코스닥150,067310
20250701,코스닥150,033500
20250701,코스닥150,417200
20250701,코스닥150,041190
20250701,코스닥150,222800
20250701,코스닥150,053800
20250701,코스닥150,031980
20250701,코스닥150,032190
20250701,코스닥150,137400
20250701,코스닥150,218410
20250701,코스닥150,183300
20250701,코스닥150,030520
20250701,코스닥150,033100
20250701,코스닥150,025320
20250701,코스닥150,101730
20250701,코스닥150,290650
20250701,코스닥150,241710
20250701,코스닥150,058970
20250701,코스닥150,006730
20250701,코스닥150,058610
20250701,코스닥150,121600
20250701,코스닥150,319660
20250701,코스닥150,215200
20250701,코스닥150,095660
20250701,코스닥150,032500
20250701,코스닥150,189300
20250701,코스닥150,222080
20250701,코스닥150,348210
20250701,코스닥150,383310
20250701,코스닥150,399720
20250701,코스닥150,078340
20250701,코스닥150,166090
20250701,코스닥150,194480
20250701,코스닥150,080220
20250701,코스닥150,069080
20250701,코스닥150,053030
20250701,코스닥150,036540
20250701,코스닥150,099190
20250701,코스닥150,095610
20250701,코스닥150,131970
20250701,코스닥150,009520
20250701,코스닥150,015750
20250701,코스닥150,060250
20250701,코스닥150,074600
20250701,코스닥150,272290
20250701,코스닥150,034950
20250701,코스닥150,215000
20250701,코스닥150,048410
20250701,코스닥150,050890
20250701,코스닥150,131290
20250701,코스닥150,179900
20250701,코스닥150,025900
20250701,코스닥150,200130
20250701,코스닥150,253590
20250701,코스닥150,278280
20250701,코스닥150,115450
20250701,코스닥150,108860
20250701,코스닥150,036810
20250701,코스닥150,046890
20250701,코스닥150,365340
20250701,코스닥150,060280
20250701,코스닥150,079370
20250701,코스닥150,101360
20250701,코스닥150,064550
20250701,코스닥150,091700
20250701,코스닥150,171090
20250701,코스닥150,094360
20250701,코스닥150,352480
20250701,코스닥150,420770
20250701,코스닥150,394280
20250701,코스닥150,114840
20250701,코스닥150,317330
20250701,코스닥150,049070
20250701,코스닥150,267980
20250701,코스닥150,084850
20250701,코스닥150,053610
20250701,코스닥150,095500
20250701,코스닥150,091120
20250801,코스피200,005930
20250801,코스피200,000660
20250801,코스피200,373220
20250801,코스피200,207940
20250801,코스피200,012450
20250801,코스피200,005380
20250801,코스피200,329180
20250801,코스피200,105560
20250801,코스피200,000270
20250801,코스피200,068270
20250801,코스피200,034020
20250801,코스피200,042660
20250801,코스피200,035420
20250801,코스피200,055550
20250801,코스피200,028260
20250801,코스피200,012330
20250801,코스피200,035720
20250801,코스피200,009540
20250801,코스피200,032830
20250801,코스피200,005490
20250801,코스피200,011200
20250801,코스피200,086790
20250801,코스피200,015760
20250801,코스피200,064350
20250801,코스피200,051910
20250801,코스피200,138040
20250801,코스피200,000810
20250801,코스피200,402340
20250801,코스피200,316140
20250801,코스피200,267260
20250801,코스피200,010140
20250801,코스피200,033780
20250801,코스피200,096770
20250801,코스피200,010130
20250801,코스피200,006400
20250801,코스피200,024110
20250801,코스피200,259960
20250801,코스피200,030200
20250801,코스피200,034730
20250801,코스피200,323410
20250801,코스피200,079550
20250801,코스피200,066570
20250801,코스피200,017670
20250801,코스피200,003550
20250801,코스피200,018260
20250801,코스피200,272210
20250801,코스피200,086280
20250801,코스피200,298040
20250801,코스피200,003230
20250801,코스피200,003670
20250801,코스피200,009150
20250801,코스피200,352820
20250801,코스피200,006800
20250801,코스피200,267250
20250801,코스피200,000150
20250801,코스피200,000100
20250801,코스피200,010120
20250801,코스피200,047810
20250801,코스피200,005830
20250801,코스피200,003490
20250801,코스피200,443060
20250801,코스피200,047050
20250801,코스피200,042700
20250801,코스피200,377300
20250801,코스피200,090430
20250801,코스피200,010620
20250801,코스피200,021240
20250801,코스피200,071050
20250801,코스피200,000720
20250801,코스피200,326030
20250801,코스피200,180640
20250801,코스피200,010950
20250801,코스피200,000880
20250801,코스피200,278470
20250801,코스피200,032640
20250801,코스피200,005940
20250801,코스피200,016360
20250801,코스피200,029780
20250801,코스피200,161390
20250801,코스피200,039490
20250801,코스피200,034220
20250801,코스피200,009830
20250801,코스피200,006260
20250801,코스피200,251270
20250801,코스피200,028050
20250801,코스피200,241560
20250801,코스피200,004020
20250801,코스피200,051900
20250801,코스피200,271560
20250801,코스피200,138930
20250801,코스피200,078930
20250801,코스피200,001040
20250801,코스피200,175330
20250801,코스피200,036570
20250801,코스피200,454910
20250801,코스피200,103140
20250801,코스피200,036460
20250801,코스피200,035250
20250801,코스피200,097950
20250801,코스피200,011070
20250801,코스피200,011790
20250801,코스피200,450080
20250801,코스피200,302440
20250801,코스피200,022100
20250801,코스피200,128940
20250801,코스피200,008930
20250801,코스피200,011780
20250801,코스피200,017800
20250801,코스피200,002380
20250801,코스피200,052690
20250801,코스피200,026960
20250801,코스피200,042670
20250801,코스피200,088350
20250801,코스피200,489790
20250801,코스피200,001440
20250801,코스피200,004990
20250801,코스피200,192820
20250801,코스피200,012750
20250801,코스피200,011170
20250801,코스피200,066970
20250801,코스피200,383220
20250801,코스피200,139480
20250801,코스피200,111770
20250801,코스피200,000240
20250801,코스피200,001450
20250801,코스피200,002790
20250801,코스피200,161890
20250801,코스피200,030000
20250801,코스피200,051600
20250801,코스피200,139130
20250801,코스피200,004370
20250801,코스피200,000120
20250801,코스피200,014680
20250801,코스피200,018880
20250801,코스피200,282330
20250801,코스피200,028670
20250801,코스피200,081660
20250801,코스피200,023530
20250801,코스피200,006040
20250801,코스피200,008770
20250801,코스피200,361610
20250801,코스피200,010060
20250801,코스피200,112610
20250801,코스피200,009970
20250801,코스피200,004170
20250801,코스피200,005850
20250801,코스피200,006280
20250801,코스피200,006360
20250801,코스피200,007310
20250801,코스피200,375500
20250801,코스피200,017960
20250801,코스피200,047040
20250801,코스피200,069620
20250801,코스피200,069960
20250801,코스피200,204320
20250801,코스피200,007340
20250801,코스피200,000080
20250801,코스피200,001800
20250801,코스피200,003090
20250801,코스피200,007070
20250801,코스피200,457190
20250801,코스피200,011210
20250801,코스피200,012630
20250801,코스피200,073240
20250801,코스피200,300720
20250801,코스피200,009420
20250801,코스피200,001430
20250801,코스피200,003240
20250801,코스피200,004000
20250801,코스피200,005300
20250801,코스피200,009240
20250801,코스피200,285130
20250801,코스피200,137310
20250801,코스피200,185750
20250801,코스피200,192080
20250801,코스피200,280360
20250801,코스피200,120110
20250801,코스피200,000210
20250801,코스피200,003030
20250801,코스피200,004490
20250801,코스피200,008730
20250801,코스피200,298050
20250801,코스피200,039130
20250801,코스피200,071320
20250801,코스피200,114090
20250801,코스피200,298020
20250801,코스피200,014820
20250801,코스피200,000670
20250801,코스피200,001680
20250801,코스피200,002840
20250801,코스피200,003620
20250801,코스피200,268280
20250801,코스피200,005420
20250801,코스피200,006650
20250801,코스피200,069260
20250801,코스피200,145720
20250801,코스피200,005250
20250801,코스피200,002710
20250801,코스피200,456040
20250801,코스피200,093370
20250801,코스닥150,196170
20250801,코스닥150,247540
20250801,코스닥150,087010
20250801,코스닥150,086520
20250801,코스닥150,028300
20250801,코스닥150,214450
20250801,코스닥150,277810
20250801,코스닥150,141080
20250801,코스닥150,000250
20250801,코스닥150,145020
20250801,코스닥150,298380
20250801,코스닥150,214150
20250801,코스닥150,058470
20250801,코스닥150,257720
20250801,코스닥150,041510
20250801,코스닥150,214370
20250801,코스닥150,039030
20250801,코스닥150,035900
20250801,코스닥150,263750
20250801,코스닥150,007390
20250801,코스닥150,068760
20250801,코스닥150,082270
20250801,코스닥150,403870
20250801,코스닥150,310210
20250801,코스닥150,140860
20250801,코스닥150,065350
20250801,코스닥150,357780
20250801,코스닥150,237690
20250801,코스닥150,005290
20250801,코스닥150,240810
20250801,코스닥150,096530
20250801,코스닥150,122870
20250801,코스닥150,035760
20250801,코스닥150,348370
20250801,코스닥150,293490
20250801,코스닥150,253450
20250801,코스닥150,328130
20250801,코스닥150,018290
20250801,코스닥150,195940
20250801,코스닥150,095340
20250801,코스닥150,036930
20250801,코스닥150,064760
20250801,코스닥150,039200
20250801,코스닥150,178320
20250801,코스닥150,140410
20250801,코스닥150,336570
20250801,코스닥150,358570
20250801,코스닥150,376300
20250801,코스닥150,078600
20250801,코스닥150,101490
20250801,코스닥150,086900
20250801,코스닥150,112040
20250801,코스닥150,003380
20250801,코스닥150,089030
20250801,코스닥150,042000
20250801,코스닥150,098460
20250801,코스닥150,213420
20250801,코스닥150,084370
20250801,코스닥150,323280
20250801,코스닥150,160190
20250801,코스닥150,025980
20250801,코스닥150,204270
20250801,코스닥150,232140
20250801,코스닥150,225570
20250801,코스닥150,067160
20250801,코스닥150,036830
20250801,코스닥150,014620
20250801,코스닥150,085660
20250801,코스닥150,056190
20250801,코스닥150,067310
20250801,코스닥150,033500
20250801,코스닥150,086450
20250801,코스닥150,137400
20250801,코스닥150,281740
20250801,코스닥150,290650
20250801,코스닥150,041190
20250801,코스닥150,161580
20250801,코스닥150,053800
20250801,코스닥150,417200
20250801,코스닥150,218410
20250801,코스닥150,183300
20250801,코스닥150,241710
20250801,코스닥150,222800
20250801,코스닥150,031980
20250801,코스닥150,121600
20250801,코스닥150,101730
20250801,코스닥150,033100
20250801,코스닥150,030520
20250801,코스닥150,131970
20250801,코스닥150,032190
20250801,코스닥150,060250
20250801,코스닥150,025320
20250801,코스닥150,009520
20250801,코스닥150,058970
20250801,코스닥150,222080
20250801,코스닥150,319660
20250801,코스닥150,058610
20250801,코스닥150,006730
20250801,코스닥150,383310
20250801,코스닥150,215200
20250801,코스닥150,189300
20250801,코스닥150,095660
20250801,코스닥150,053030
20250801,코스닥150,272290
20250801,코스닥150,032500
20250801,코스닥150,399720
20250801,코스닥150,036540
20250801,코스닥150,095610
20250801,코스닥150,194480
20250801,코스닥150,080220
20250801,코스닥150,069080
20250801,코스닥150,099190
20250801,코스닥150,036810
20250801,코스닥150,348210
20250801,코스닥150,078340
20250801,코스닥150,166090
20250801,코스닥150,074600
20250801,코스닥150,025900
20250801,코스닥150,034950
20250801,코스닥150,015750
20250801,코스닥150,365340
20250801,코스닥150,278280
20250801,코스닥150,200130
20250801,코스닥150,352480
20250801,코스닥150,131290
20250801,코스닥150,179900
20250801,코스닥150,215000
20250801,코스닥150,046890
20250801,코스닥150,101360
20250801,코스닥150,095500
20250801,코스닥150,171090
20250801,코스닥150,079370
20250801,코스닥150,091700
20250801,코스닥150,064550
20250801,코스닥150,050890
20250801,코스닥150,108860
20250801,코스닥150,253590
20250801,코스닥150,420770
20250801,코스닥150,094360
20250801,코스닥150,060280
20250801,코스닥150,317330
20250801,코스닥150,084850
20250801,코스닥150,115450
20250801,코스닥150,053610
20250801,코스닥150,267980
20250801,코스닥150,114840
20250801,코스닥150,394280
20250801,코스닥150,048410
20250801,코스닥150,049070
20250801,코스닥150,091120
20250901,코스피200,005930
20250901,코스피200,000660
20250901,코스피200,373220
20250901,코스피200,207940
20250901,코스피200,012450
20250901,코스피200,005380
20250901,코스피200,329180
20250901,코스피200,000270
20250901,코스피200,105560
20250901,코스피200,068270
20250901,코스피200,034020
20250901,코스피200,042660
20250901,코스피200,035420
20250901,코스피200,055550
20250901,코스피200,012330
20250901,코스피200,009540
20250901,코스피200,032830
20250901,코스피200,028260
20250901,코스피200,035720
20250901,코스피200,015760
20250901,코스피200,086790
20250901,코스피200,011200
20250901,코스피200,005490
20250901,코스피200,138040
20250901,코스피200,064350
20250901,코스피200,000810
20250901,코스피200,402340
20250901,코스피200,051910
20250901,코스피200,010140
20250901,코스피200,316140
20250901,코스피200,267260
20250901,코스피200,033780
20250901,코스피200,010130
20250901,코스피200,006400
20250901,코스피200,259960
20250901,코스피200,096770
20250901,코스피200,024110
20250901,코스피200,034730
20250901,코스피200,086280
20250901,코스피200,030200
20250901,코스피200,003670
20250901,코스피200,009150
20250901,코스피200,003550
20250901,코스피200,003230
20250901,코스피200,352820
20250901,코스피200,066570
20250901,코스피200,017670
20250901,코스피200,323410
20250901,코스피200,298040
20250901,코스피200,018260
20250901,코스피200,267250
20250901,코스피200,079550
20250901,코스피200,006800
20250901,코스피200,005830
20250901,코스피200,272210
20250901,코스피200,443060
20250901,코스피200,047810
20250901,코스피200,000150
20250901,코스피200,000100
20250901,코스피200,003490
20250901,코스피200,278470
20250901,코스피200,010120
20250901,코스피200,047050
20250901,코스피200,010620
20250901,코스피200,326030
20250901,코스피200,042700
20250901,코스피200,377300
20250901,코스피200,021240
20250901,코스피200,180640
20250901,코스피200,071050
20250901,코스피200,090430
20250901,코스피200,000720
20250901,코스피200,005940
20250901,코스피200,010950
20250901,코스피200,000880
20250901,코스피200,016360
20250901,코스피200,032640
20250901,코스피200,034220
20250901,코스피200,029780
20250901,코스피200,006260
20250901,코스피200,028050
20250901,코스피200,039490
20250901,코스피200,251270
20250901,코스피200,241560
20250901,코스피200,161390
20250901,코스피200,001040
20250901,코스피200,009830
20250901,코스피200,138930
20250901,코스피200,051900
20250901,코스피200,175330
20250901,코스피200,004020
20250901,코스피200,271560
20250901,코스피200,078930
20250901,코스피200,036570
20250901,코스피200,011070
20250901,코스피200,035250
20250901,코스피200,128940
20250901,코스피200,454910
20250901,코스피200,302440
20250901,코스피200,036460
20250901,코스피200,450080
20250901,코스피200,002380
20250901,코스피200,011790
20250901,코스피200,052690
20250901,코스피200,097950
20250901,코스피200,103140
20250901,코스피200,004990
20250901,코스피200,022100
20250901,코스피200,017800
20250901,코스피200,012750
20250901,코스피200,088350
20250901,코스피200,001440
20250901,코스피200,011780
20250901,코스피200,011170
20250901,코스피200,008930
20250901,코스피200,026960
20250901,코스피200,001450
20250901,코스피200,004370
20250901,코스피200,018880
20250901,코스피200,042670
20250901,코스피200,081660
20250901,코스피200,111770
20250901,코스피200,383220
20250901,코스피200,489790
20250901,코스피200,000240
20250901,코스피200,030000
20250901,코스피200,051600
20250901,코스피200,361610
20250901,코스피200,139130
20250901,코스피200,192820
20250901,코스피200,066970
20250901,코스피200,002790
20250901,코스피200,282330
20250901,코스피200,139480
20250901,코스피200,028670
20250901,코스피200,000120
20250901,코스피200,006040
20250901,코스피200,008770
20250901,코스피200,161890
20250901,코스피200,014680
20250901,코스피200,023530
20250901,코스피200,112610
20250901,코스피200,009970
20250901,코스피200,004170
20250901,코스피200,005850
20250901,코스피200,006280
20250901,코스피200,006360
20250901,코스피200,007310
20250901,코스피200,007340
20250901,코스피200,375500
20250901,코스피200,010060
20250901,코스피200,017960
20250901,코스피200,047040
20250901,코스피200,069620
20250901,코스피200,069960
20250901,코스피200,204320
20250901,코스피200,009420
20250901,코스피200,000080
20250901,코스피200,001800
20250901,코스피200,003090
20250901,코스피200,007070
20250901,코스피200,457190
20250901,코스피200,012630
20250901,코스피200,073240
20250901,코스피200,300720
20250901,코스피200,011210
20250901,코스피200,004000
20250901,코스피200,005300
20250901,코스피200,280360
20250901,코스피200,185750
20250901,코스피200,192080
20250901,코스피200,137310
20250901,코스피200,001430
20250901,코스피200,003240
20250901,코스피200,004490
20250901,코스피200,009240
20250901,코스피200,014820
20250901,코스피200,298050
20250901,코스피200,114090
20250901,코스피200,120110
20250901,코스피200,285130
20250901,코스피200,298020
20250901,코스피200,071320
20250901,코스피200,000210
20250901,코스피200,268280
20250901,코스피200,001680
20250901,코스피200,002840
20250901,코스피200,003030
20250901,코스피200,003620
20250901,코스피200,005250
20250901,코스피200,005420
20250901,코스피200,006650
20250901,코스피200,008730
20250901,코스피200,039130
20250901,코스피200,069260
20250901,코스피200,093370
20250901,코스피200,145720
20250901,코스피200,000670
20250901,코스피200,456040
20250901,코스피200,002710
20250901,코스닥150,196170
20250901,코스닥150,247540
20250901,코스닥150,087010
20250901,코스닥150,214450
20250901,코스닥150,086520
20250901,코스닥150,277810
20250901,코스닥150,141080
20250901,코스닥150,028300
20250901,코스닥150,298380
20250901,코스닥150,000250
20250901,코스닥150,145020
20250901,코스닥150,058470
20250901,코스닥150,214150
20250901,코스닥150,041510
20250901,코스닥150,214370
20250901,코스닥150,257720
20250901,코스닥150,035900
20250901,코스닥150,039030
20250901,코스닥150,068760
20250901,코스닥150,310210
20250901,코스닥150,403870
20250901,코스닥150,263750
20250901,코스닥150,240810
20250901,코스닥150,122870
20250901,코스닥150,237690
20250901,코스닥150,082270
20250901,코스닥150,140860
20250901,코스닥150,065350
20250901,코스닥150,035760
20250901,코스닥150,357780
20250901,코스닥150,348370
20250901,코스닥150,005290
20250901,코스닥150,039200
20250901,코스닥150,253450
20250901,코스닥150,195940
20250901,코스닥150,096530
20250901,코스닥150,089030
20250901,코스닥150,007390
20250901,코스닥150,293490
20250901,코스닥150,140410
20250901,코스닥150,036930
20250901,코스닥150,095340
20250901,코스닥150,018290
20250901,코스닥150,376300
20250901,코스닥150,064760
20250901,코스닥150,213420
20250901,코스닥150,101490
20250901,코스닥150,328130
20250901,코스닥150,178320
20250901,코스닥150,078600
20250901,코스닥150,160190
20250901,코스닥150,084370
20250901,코스닥150,204270
20250901,코스닥150,098460
20250901,코스닥150,033500
20250901,코스닥150,358570
20250901,코스닥150,042000
20250901,코스닥150,336570
20250901,코스닥150,003380
20250901,코스닥150,112040
20250901,코스닥150,225570
20250901,코스닥150,067310
20250901,코스닥150,137400
20250901,코스닥150,067160
20250901,코스닥150,014620
20250901,코스닥150,086900
20250901,코스닥150,041190
20250901,코스닥150,025980
20250901,코스닥150,232140
20250901,코스닥150,183300
20250901,코스닥150,036830
20250901,코스닥150,323280
20250901,코스닥150,056190
20250901,코스닥150,085660
20250901,코스닥150,222800
20250901,코스닥150,281740
20250901,코스닥150,031980
20250901,코스닥150,086450
20250901,코스닥150,290650
20250901,코스닥150,161580
20250901,코스닥150,319660
20250901,코스닥150,241710
20250901,코스닥150,417200
20250901,코스닥150,053800
20250901,코스닥150,218410
20250901,코스닥150,131970
20250901,코스닥150,121600
20250901,코스닥150,032190
20250901,코스닥150,030520
20250901,코스닥150,006730
20250901,코스닥150,194480
20250901,코스닥150,058610
20250901,코스닥150,101730
20250901,코스닥150,095610
20250901,코스닥150,048410
20250901,코스닥150,025320
20250901,코스닥150,080220
20250901,코스닥150,166090
20250901,코스닥150,009520
20250901,코스닥150,033100
20250901,코스닥150,060250
20250901,코스닥150,053030
20250901,코스닥150,095660
20250901,코스닥150,036540
20250901,코스닥150,058970
20250901,코스닥150,222080
20250901,코스닥150,383310
20250901,코스닥150,399720
20250901,코스닥150,078340
20250901,코스닥150,189300
20250901,코스닥150,032500
20250901,코스닥150,015750
20250901,코스닥150,069080
20250901,코스닥150,215200
20250901,코스닥150,114840
20250901,코스닥150,099190
20250901,코스닥150,272290
20250901,코스닥150,036810
20250901,코스닥150,034950
20250901,코스닥150,025900
20250901,코스닥150,200130
20250901,코스닥150,179900
20250901,코스닥150,074600
20250901,코스닥150,348210
20250901,코스닥150,352480
20250901,코스닥150,365340
20250901,코스닥150,278280
20250901,코스닥150,131290
20250901,코스닥150,079370
20250901,코스닥150,317330
20250901,코스닥150,046890
20250901,코스닥150,215000
20250901,코스닥150,050890
20250901,코스닥150,064550
20250901,코스닥150,101360
20250901,코스닥150,091700
20250901,코스닥150,171090
20250901,코스닥150,060280
20250901,코스닥150,108860
20250901,코스닥150,253590
20250901,코스닥150,420770
20250901,코스닥150,095500
20250901,코스닥150,094360
20250901,코스닥150,053610
20250901,코스닥150,084850
20250901,코스닥150,267980
20250901,코스닥150,394280
20250901,코스닥150,115450
20250901,코스닥150,049070
20250901,코스닥150,091120
20251001,코스피200,005930
20251001,코스피200,000660
20251001,코스피200,373220
20251001,코스피200,207940
20251001,코스피200,012450
20251001,코스피200,329180
20251001,코스피200,105560
20251001,코스피200,005380
20251001,코스피200,034020
20251001,코스피200,068270
20251001,코스피200,035420
20251001,코스피200,000270
20251001,코스피200,055550
20251001,코스피200,042660
20251001,코스피200,028260
20251001,코스피200,032830
20251001,코스피200,009540
20251001,코스피200,402340
20251001,코스피200,012330
20251001,코스피200,035720
20251001,코스피200,064350
20251001,코스피200,086790
20251001,코스피200,015760
20251001,코스피200,005490
20251001,코스피200,267260
20251001,코스피200,000810
20251001,코스피200,011200
20251001,코스피200,138040
20251001,코스피200,051910
20251001,코스피200,316140
20251001,코스피200,010140
20251001,코스피200,010130
20251001,코스피200,096770
20251001,코스피200,006400
20251001,코스피200,033780
20251001,코스피200,024110
20251001,코스피200,034730
20251001,코스피200,009150
20251001,코스피200,259960
20251001,코스피200,003670
20251001,코스피200,298040
20251001,코스피200,018260
20251001,코스피200,030200
20251001,코스피200,267250
20251001,코스피200,086280
20251001,코스피200,066570
20251001,코스피200,006800
20251001,코스피200,017670
20251001,코스피200,003230
20251001,코스피200,272210
20251001,코스피200,352820
20251001,코스피200,323410
20251001,코스피200,079550
20251001,코스피200,003550
20251001,코스피200,047810
20251001,코스피200,278470
20251001,코스피200,443060
20251001,코스피200,000100
20251001,코스피200,005830
20251001,코스피200,000150
20251001,코스피200,042700
20251001,코스피200,010120
20251001,코스피200,047050
20251001,코스피200,003490
20251001,코스피200,010620
20251001,코스피200,326030
20251001,코스피200,071050
20251001,코스피200,034220
20251001,코스피200,090430
20251001,코스피200,010950
20251001,코스피200,377300
20251001,코스피200,021240
20251001,코스피200,005940
20251001,코스피200,032640
20251001,코스피200,180640
20251001,코스피200,039490
20251001,코스피200,000720
20251001,코스피200,000880
20251001,코스피200,016360
20251001,코스피200,029780
20251001,코스피200,251270
20251001,코스피200,241560
20251001,코스피200,028050
20251001,코스피200,006260
20251001,코스피200,001040
20251001,코스피200,161390
20251001,코스피200,009830
20251001,코스피200,011070
20251001,코스피200,138930
20251001,코스피200,036570
20251001,코스피200,128940
20251001,코스피200,004020
20251001,코스피200,175330
20251001,코스피200,454910
20251001,코스피200,051900
20251001,코스피200,078930
20251001,코스피200,271560
20251001,코스피200,035250
20251001,코스피200,302440
20251001,코스피200,011790
20251001,코스피200,103140
20251001,코스피200,036460
20251001,코스피200,097950
20251001,코스피200,022100
20251001,코스피200,002380
20251001,코스피200,052690
20251001,코스피200,450080
20251001,코스피200,017800
20251001,코스피200,012750
20251001,코스피200,004990
20251001,코스피200,011780
20251001,코스피200,011170
20251001,코스피200,004370
20251001,코스피200,001440
20251001,코스피200,111770
20251001,코스피200,042670
20251001,코스피200,088350
20251001,코스피200,026960
20251001,코스피200,001450
20251001,코스피200,008930
20251001,코스피200,014680
20251001,코스피200,066970
20251001,코스피200,383220
20251001,코스피200,489790
20251001,코스피200,000240
20251001,코스피200,030000
20251001,코스피200,051600
20251001,코스피200,361610
20251001,코스피200,139130
20251001,코스피200,192820
20251001,코스피200,081660
20251001,코스피200,000120
20251001,코스피200,002790
20251001,코스피200,006040
20251001,코스피200,008770
20251001,코스피200,282330
20251001,코스피200,023530
20251001,코스피200,028670
20251001,코스피200,069960
20251001,코스피200,139480
20251001,코스피200,018880
20251001,코스피200,004170
20251001,코스피200,009420
20251001,코스피200,161890
20251001,코스피200,017960
20251001,코스피200,112610
20251001,코스피200,009970
20251001,코스피200,005850
20251001,코스피200,006280
20251001,코스피200,006360
20251001,코스피200,007070
20251001,코스피200,007310
20251001,코스피200,457190
20251001,코스피200,047040
20251001,코스피200,069620
20251001,코스피200,204320
20251001,코스피200,375500
20251001,코스피200,010060
20251001,코스피200,000080
20251001,코스피200,001800
20251001,코스피200,003090
20251001,코스피200,004000
20251001,코스피200,300720
20251001,코스피200,011210
20251001,코스피200,073240
20251001,코스피200,137310
20251001,코스피200,007340
20251001,코스피200,001430
20251001,코스피200,003240
20251001,코스피200,004490
20251001,코스피200,005300
20251001,코스피200,009240
20251001,코스피200,012630
20251001,코스피200,298020
20251001,코스피200,114090
20251001,코스피200,120110
20251001,코스피200,185750
20251001,코스피200,192080
20251001,코스피200,280360
20251001,코스피200,285130
20251001,코스피200,071320
20251001,코스피200,000210
20251001,코스피200,000670
20251001,코스피200,001680
20251001,코스피200,002840
20251001,코스피200,003030
20251001,코스피200,003620
20251001,코스피200,298050
20251001,코스피200,006650
20251001,코스피200,008730
20251001,코스피200,014820
20251001,코스피200,039130
20251001,코스피200,069260
20251001,코스피200,268280
20251001,코스피200,005250
20251001,코스피200,002710
20251001,코스피200,005420
20251001,코스피200,456040
20251001,코스피200,145720
20251001,코스피200,093370
20251001,코스닥150,196170
20251001,코스닥150,247540
20251001,코스닥150,087010
20251001,코스닥150,086520
20251001,코스닥150,277810
20251001,코스닥150,214450
20251001,코스닥150,141080
20251001,코스닥150,298380
20251001,코스닥150,028300
20251001,코스닥150,000250
20251001,코스닥150,058470
20251001,코스닥150,145020
20251001,코스닥150,214370
20251001,코스닥150,214150
20251001,코스닥150,310210
20251001,코스닥150,041510
20251001,코스닥150,257720
20251001,코스닥150,403870
20251001,코스닥150,039030
20251001,코스닥150,035900
20251001,코스닥150,240810
20251001,코스닥150,068760
20251001,코스닥150,357780
20251001,코스닥150,263750
20251001,코스닥150,089030
20251001,코스닥150,082270
20251001,코스닥150,005290
20251001,코스닥150,064760
20251001,코스닥150,122870
20251001,코스닥150,140410
20251001,코스닥150,140860
20251001,코스닥150,237690
20251001,코스닥150,039200
20251001,코스닥150,095340
20251001,코스닥150,084370
20251001,코스닥150,067310
20251001,코스닥150,222800
20251001,코스닥150,035760
20251001,코스닥150,065350
20251001,코스닥150,348370
20251001,코스닥150,036930
20251001,코스닥150,204270
20251001,코스닥150,253450
20251001,코스닥150,160190
20251001,코스닥150,293490
20251001,코스닥150,096530
20251001,코스닥150,007390
20251001,코스닥150,195940
20251001,코스닥150,290650
20251001,코스닥150,358570
20251001,코스닥150,328130
20251001,코스닥150,213420
20251001,코스닥150,178320
20251001,코스닥150,232140
20251001,코스닥150,101490
20251001,코스닥150,098460
20251001,코스닥150,018290
20251001,코스닥150,183300
20251001,코스닥150,078600
20251001,코스닥150,376300
20251001,코스닥150,031980
20251001,코스닥150,042000
20251001,코스닥150,319660
20251001,코스닥150,041190
20251001,코스닥150,033500
20251001,코스닥150,225570
20251001,코스닥150,014620
20251001,코스닥150,036830
20251001,코스닥150,112040
20251001,코스닥150,161580
20251001,코스닥150,025980
20251001,코스닥150,086450
20251001,코스닥150,095610
20251001,코스닥150,086900
20251001,코스닥150,085660
20251001,코스닥150,067160
20251001,코스닥150,056190
20251001,코스닥150,336570
20251001,코스닥150,166090
20251001,코스닥150,131970
20251001,코스닥150,137400
20251001,코스닥150,281740
20251001,코스닥150,003380
20251001,코스닥150,218410
20251001,코스닥150,241710
20251001,코스닥150,323280
20251001,코스닥150,060250
20251001,코스닥150,036540
20251001,코스닥150,074600
20251001,코스닥150,053800
20251001,코스닥150,032190
20251001,코스닥150,036810
20251001,코스닥150,006730
20251001,코스닥150,417200
20251001,코스닥150,080220
20251001,코스닥150,030520
20251001,코스닥150,058610
20251001,코스닥150,131290
20251001,코스닥150,194480
20251001,코스닥150,025320
20251001,코스닥150,121600
20251001,코스닥150,009520
20251001,코스닥150,399720
20251001,코스닥150,101730
20251001,코스닥150,348210
20251001,코스닥150,095660
20251001,코스닥150,033100
20251001,코스닥150,053030
20251001,코스닥150,099190
20251001,코스닥150,420770
20251001,코스닥150,215200
20251001,코스닥150,222080
20251001,코스닥150,189300
20251001,코스닥150,179900
20251001,코스닥150,058970
20251001,코스닥150,048410
20251001,코스닥150,079370
20251001,코스닥150,383310
20251001,코스닥150,032500
20251001,코스닥150,272290
20251001,코스닥150,069080
20251001,코스닥150,078340
20251001,코스닥150,171090
20251001,코스닥150,253590
20251001,코스닥150,034950
20251001,코스닥150,015750
20251001,코스닥150,025900
20251001,코스닥150,365340
20251001,코스닥150,200130
20251001,코스닥150,352480
20251001,코스닥150,278280
20251001,코스닥150,050890
20251001,코스닥150,215000
20251001,코스닥150,108860
20251001,코스닥150,114840
20251001,코스닥150,046890
20251001,코스닥150,064550
20251001,코스닥150,091700
20251001,코스닥150,053610
20251001,코스닥150,060280
20251001,코스닥150,101360
20251001,코스닥150,094360
20251001,코스닥150,317330
20251001,코스닥150,095500
20251001,코스닥150,084850
20251001,코스닥150,267980
20251001,코스닥150,049070
20251001,코스닥150,394280
20251001,코스닥150,115450
20251001,코스닥150,091120
20251103,코스피200,005930
20251103,코스피200,000660
20251103,코스피200,373220
20251103,코스피200,207940
20251103,코스피200,005380
20251103,코스피200,034020
20251103,코스피200,012450
20251103,코스피200,329180
20251103,코스피200,000270
20251103,코스피200,105560
20251103,코스피200,035420
20251103,코스피200,042660
20251103,코스피200,068270
20251103,코스피200,028260
20251103,코스피200,402340
20251103,코스피200,055550
20251103,코스피200,009540
20251103,코스피200,267260
20251103,코스피200,032830
20251103,코스피200,015760
20251103,코스피200,035720
20251103,코스피200,051910
20251103,코스피200,012330
20251103,코스피200,064350
20251103,코스피200,006400
20251103,코스피200,005490
20251103,코스피200,010140
20251103,코스피200,086790
20251103,코스피200,298040
20251103,코스피200,096770
20251103,코스피200,010130
20251103,코스피200,000810
20251103,코스피200,003670
20251103,코스피200,011200
20251103,코스피200,138040
20251103,코스피200,316140
20251103,코스피200,034730
20251103,코스피200,009150
20251103,코스피200,267250
20251103,코스피200,000150
20251103,코스피200,033780
20251103,코스피200,006800
20251103,코스피200,024110
20251103,코스피200,010120
20251103,코스피200,352820
20251103,코스피200,066570
20251103,코스피200,018260
20251103,코스피200,042700
20251103,코스피200,259960
20251103,코스피200,086280
20251103,코스피200,003550
20251103,코스피200,030200
20251103,코스피200,079550
20251103,코스피200,017670
20251103,코스피200,272210
20251103,코스피200,443060
20251103,코스피200,323410
20251103,코스피200,047810
20251103,코스피200,003230
20251103,코스피200,278470
20251103,코스피200,071050
20251103,코스피200,047050
20251103,코스피200,010620
20251103,코스피200,000100
20251103,코스피200,326030
20251103,코스피200,005830
20251103,코스피200,003490
20251103,코스피200,039490
20251103,코스피200,010950
20251103,코스피200,005940
20251103,코스피200,000720
20251103,코스피200,034220
20251103,코스피200,000880
20251103,코스피200,090430
20251103,코스피200,180640
20251103,코스피200,016360
20251103,코스피200,006260
20251103,코스피200,377300
20251103,코스피200,021240
20251103,코스피200,032640
20251103,코스피200,454910
20251103,코스피200,241560
20251103,코스피200,161390
20251103,코스피200,029780
20251103,코스피200,011070
20251103,코스피200,009830
20251103,코스피200,028050
20251103,코스피200,128940
20251103,코스피200,011790
20251103,코스피200,001040
20251103,코스피200,251270
20251103,코스피200,036570
20251103,코스피200,001440
20251103,코스피200,450080
20251103,코스피200,066970
20251103,코스피200,078930
20251103,코스피200,138930
20251103,코스피200,051900
20251103,코스피200,004020
20251103,코스피200,022100
20251103,코스피200,175330
20251103,코스피200,271560
20251103,코스피200,002380
20251103,코스피200,302440
20251103,코스피200,035250
20251103,코스피200,052690
20251103,코스피200,036460
20251103,코스피200,097950
20251103,코스피200,103140
20251103,코스피200,011780
20251103,코스피200,011170
20251103,코스피200,004990
20251103,코스피200,008930
20251103,코스피200,012750
20251103,코스피200,042670
20251103,코스피200,018880
20251103,코스피200,017800
20251103,코스피200,001450
20251103,코스피200,004370
20251103,코스피200,010060
20251103,코스피200,014680
20251103,코스피200,026960
20251103,코스피200,030000
20251103,코스피200,088350
20251103,코스피200,111770
20251103,코스피200,361610
20251103,코스피200,489790
20251103,코스피200,000240
20251103,코스피200,006040
20251103,코스피200,009420
20251103,코스피200,383220
20251103,코스피200,081660
20251103,코스피200,139130
20251103,코스피200,192820
20251103,코스피200,051600
20251103,코스피200,000120
20251103,코스피200,002790
20251103,코스피200,008770
20251103,코스피200,009970
20251103,코스피200,017960
20251103,코스피200,023530
20251103,코스피200,457190
20251103,코스피200,069960
20251103,코스피200,112610
20251103,코스피200,139480
20251103,코스피200,161890
20251103,코스피200,204320
20251103,코스피200,282330
20251103,코스피200,028670
20251103,코스피200,004170
20251103,코스피200,005850
20251103,코스피200,006280
20251103,코스피200,006360
20251103,코스피200,375500
20251103,코스피200,007310
20251103,코스피200,011210
20251103,코스피200,047040
20251103,코스피200,069620
20251103,코스피200,007070
20251103,코스피200,000080
20251103,코스피200,001800
20251103,코스피200,003090
20251103,코스피200,004000
20251103,코스피200,007340
20251103,코스피200,300720
20251103,코스피200,071320
20251103,코스피200,073240
20251103,코스피200,137310
20251103,코스피200,185750
20251103,코스피200,285130
20251103,코스피200,012630
20251103,코스피200,000210
20251103,코스피200,298050
20251103,코스피200,001430
20251103,코스피200,003240
20251103,코스피200,004490
20251103,코스피200,005300
20251103,코스피200,006650
20251103,코스피200,008730
20251103,코스피200,009240
20251103,코스피200,014820
20251103,코스피200,093370
20251103,코스피200,114090
20251103,코스피200,120110
20251103,코스피200,192080
20251103,코스피200,280360
20251103,코스피200,298020
20251103,코스피200,000670
20251103,코스피200,001680
20251103,코스피200,002710
20251103,코스피200,002840
20251103,코스피200,003030
20251103,코스피200,003620
20251103,코스피200,456040
20251103,코스피200,005420
20251103,코스피200,039130
20251103,코스피200,069260
20251103,코스피200,145720
20251103,코스피200,268280
20251103,코스피200,005250
20251103,코스닥150,196170
20251103,코스닥150,247540
20251103,코스닥150,086520
20251103,코스닥150,277810
20251103,코스닥150,028300
20251103,코스닥150,087010
20251103,코스닥150,298380
20251103,코스닥150,214450
20251103,코스닥150,000250
20251103,코스닥150,141080
20251103,코스닥150,058470
20251103,코스닥150,310210
20251103,코스닥150,214370
20251103,코스닥150,145020
20251103,코스닥150,240810
20251103,코스닥150,214150
20251103,코스닥150,035900
20251103,코스닥150,039030
20251103,코스닥150,403870
20251103,코스닥150,068760
20251103,코스닥150,257720
20251103,코스닥150,041510
20251103,코스닥150,089030
20251103,코스닥150,263750
20251103,코스닥150,222800
20251103,코스닥150,357780
20251103,코스닥150,005290
20251103,코스닥150,084370
20251103,코스닥150,237690
20251103,코스닥150,067310
20251103,코스닥150,348370
20251103,코스닥150,082270
20251103,코스닥150,160190
20251103,코스닥150,140410
20251103,코스닥150,064760
20251103,코스닥150,095340
20251103,코스닥150,204270
20251103,코스닥150,122870
20251103,코스닥150,140860
20251103,코스닥150,065350
20251103,코스닥150,007390
20251103,코스닥150,039200
20251103,코스닥150,293490
20251103,코스닥150,178320
20251103,코스닥150,035760
20251103,코스닥150,036930
20251103,코스닥150,195940
20251103,코스닥150,290650
20251103,코스닥150,096530
20251103,코스닥150,253450
20251103,코스닥150,328130
20251103,코스닥150,161580
20251103,코스닥150,078600
20251103,코스닥150,232140
20251103,코스닥150,101490
20251103,코스닥150,098460
20251103,코스닥150,183300
20251103,코스닥150,319660
20251103,코스닥150,031980
20251103,코스닥150,213420
20251103,코스닥150,417200
20251103,코스닥150,137400
20251103,코스닥150,131970
20251103,코스닥150,358570
20251103,코스닥150,085660
20251103,코스닥150,281740
20251103,코스닥150,218410
20251103,코스닥150,033500
20251103,코스닥150,112040
20251103,코스닥150,225570
20251103,코스닥150,018290
20251103,코스닥150,376300
20251103,코스닥150,036830
20251103,코스닥150,042000
20251103,코스닥150,056190
20251103,코스닥150,086900
20251103,코스닥150,014620
20251103,코스닥150,121600
20251103,코스닥150,067160
20251103,코스닥150,323280
20251103,코스닥150,095610
20251103,코스닥150,036810
20251103,코스닥150,003380
20251103,코스닥150,058610
20251103,코스닥150,166090
20251103,코스닥150,086450
20251103,코스닥150,336570
20251103,코스닥150,278280
20251103,코스닥150,041190
20251103,코스닥150,032500
20251103,코스닥150,036540
20251103,코스닥150,241710
20251103,코스닥150,080220
20251103,코스닥150,025980
20251103,코스닥150,032190
20251103,코스닥150,348210
20251103,코스닥150,009520
20251103,코스닥150,399720
20251103,코스닥150,053800
20251103,코스닥150,033100
20251103,코스닥150,074600
20251103,코스닥150,006730
20251103,코스닥150,030520
20251103,코스닥150,060250
20251103,코스닥150,222080
20251103,코스닥150,383310
20251103,코스닥150,058970
20251103,코스닥150,025320
20251103,코스닥150,131290
20251103,코스닥150,101730
20251103,코스닥150,015750
20251103,코스닥150,095660
20251103,코스닥150,365340
20251103,코스닥150,253590
20251103,코스닥150,179900
20251103,코스닥150,050890
20251103,코스닥150,053030
20251103,코스닥150,171090
20251103,코스닥150,025900
20251103,코스닥150,352480
20251103,코스닥150,272290
20251103,코스닥150,189300
20251103,코스닥150,194480
20251103,코스닥150,079370
20251103,코스닥150,048410
20251103,코스닥150,099190
20251103,코스닥150,060280
20251103,코스닥150,420770
20251103,코스닥150,078340
20251103,코스닥150,215200
20251103,코스닥150,317330
20251103,코스닥150,034950
20251103,코스닥150,200130
20251103,코스닥150,101360
20251103,코스닥150,069080
20251103,코스닥150,091700
20251103,코스닥150,064550
20251103,코스닥150,108860
20251103,코스닥150,046890
20251103,코스닥150,095500
20251103,코스닥150,215000
20251103,코스닥150,094360
20251103,코스닥150,053610
20251103,코스닥150,394280
20251103,코스닥150,114840
20251103,코스닥150,049070
20251103,코스닥150,115450
20251103,코스닥150,084850
20251103,코스닥150,267980
20251103,코스닥150,091120
20251201,코스피200,005930
20251201,코스피200,000660
20251201,코스피200,373220
20251201,코스피200,207940
20251201,코스피200,005380
20251201,코스피200,105560
20251201,코스피200,034020
20251201,코스피200,329180
20251201,코스피200,000270
20251201,코스피200,068270
20251201,코스피200,012450
20251201,코스피200,402340
20251201,코스피200,055550
20251201,코스피200,028260
20251201,코스피200,035420
20251201,코스피200,042660
20251201,코스피200,015760
20251201,코스피200,032830
20251201,코스피200,009540
20251201,코스피200,012330
20251201,코스피200,267260
20251201,코스피200,010130
20251201,코스피200,051910
20251201,코스피200,035720
20251201,코스피200,086790
20251201,코스피200,005490
20251201,코스피200,006400
20251201,코스피200,000810
20251201,코스피200,010140
20251201,코스피200,316140
20251201,코스피200,096770
20251201,코스피200,138040
20251201,코스피200,011200
20251201,코스피200,009150
20251201,코스피200,003670
20251201,코스피200,064350
20251201,코스피200,034730
20251201,코스피200,033780
20251201,코스피200,298040
20251201,코스피200,024110
20251201,코스피200,267250
20251201,코스피200,066570
20251201,코스피200,000150
20251201,코스피200,010120
20251201,코스피200,018260
20251201,코스피200,030200
20251201,코스피200,006800
20251201,코스피200,352820
20251201,코스피200,003550
20251201,코스피200,086280
20251201,코스피200,259960
20251201,코스피200,017670
20251201,코스피200,042700
20251201,코스피200,326030
20251201,코스피200,323410
20251201,코스피200,047810
20251201,코스피200,003230
20251201,코스피200,0126Z0
20251201,코스피200,000100
20251201,코스피200,278470
20251201,코스피200,047050
20251201,코스피200,005830
20251201,코스피200,071050
20251201,코스피200,010950
20251201,코스피200,272210
20251201,코스피200,079550
20251201,코스피200,003490
20251201,코스피200,443060
20251201,코스피200,161390
20251201,코스피200,090430
20251201,코스피200,000720
20251201,코스피200,039490
20251201,코스피200,016360
20251201,코스피200,005940
20251201,코스피200,180640
20251201,코스피200,032640
20251201,코스피200,377300
20251201,코스피200,029780
20251201,코스피200,034220
20251201,코스피200,021240
20251201,코스피200,000880
20251201,코스피200,128940
20251201,코스피200,241560
20251201,코스피200,011070
20251201,코스피200,006260
20251201,코스피200,066970
20251201,코스피200,001040
20251201,코스피200,078930
20251201,코스피200,138930
20251201,코스피200,028050
20251201,코스피200,454910
20251201,코스피200,175330
20251201,코스피200,009830
20251201,코스피200,251270
20251201,코스피200,051900
20251201,코스피200,036570
20251201,코스피200,450080
20251201,코스피200,271560
20251201,코스피200,111770
20251201,코스피200,302440
20251201,코스피200,022100
20251201,코스피200,004020
20251201,코스피200,011790
20251201,코스피200,001440
20251201,코스피200,002380
20251201,코스피200,035250
20251201,코스피200,036460
20251201,코스피200,052690
20251201,코스피200,017800
20251201,코스피200,011170
20251201,코스피200,011780
20251201,코스피200,097950
20251201,코스피200,012750
20251201,코스피200,009420
20251201,코스피200,004990
20251201,코스피200,014680
20251201,코스피200,026960
20251201,코스피200,030000
20251201,코스피200,018880
20251201,코스피200,008930
20251201,코스피200,004370
20251201,코스피200,001450
20251201,코스피200,000240
20251201,코스피200,383220
20251201,코스피200,103140
20251201,코스피200,088350
20251201,코스피200,042670
20251201,코스피200,081660
20251201,코스피200,002790
20251201,코스피200,004170
20251201,코스피200,009970
20251201,코스피200,051600
20251201,코스피200,069960
20251201,코스피200,139130
20251201,코스피200,139480
20251201,코스피200,204320
20251201,코스피200,361610
20251201,코스피200,489790
20251201,코스피200,282330
20251201,코스피200,000120
20251201,코스피200,069620
20251201,코스피200,028670
20251201,코스피200,023530
20251201,코스피200,010060
20251201,코스피200,006040
20251201,코스피200,011210
20251201,코스피200,192820
20251201,코스피200,112610
20251201,코스피200,073240
20251201,코스피200,008770
20251201,코스피200,007070
20251201,코스피200,006360
20251201,코스피200,006280
20251201,코스피200,005850
20251201,코스피200,161890
20251201,코스피200,457190
20251201,코스피200,017960
20251201,코스피200,003090
20251201,코스피200,007340
20251201,코스피200,000080
20251201,코스피200,047040
20251201,코스피200,000670
20251201,코스피200,007310
20251201,코스피200,375500
20251201,코스피200,009240
20251201,코스피200,285130
20251201,코스피200,004000
20251201,코스피200,280360
20251201,코스피200,001800
20251201,코스피200,192080
20251201,코스피200,185750
20251201,코스피200,137310
20251201,코스피200,120110
20251201,코스피200,300720
20251201,코스피200,071320
20251201,코스피200,005300
20251201,코스피200,012630
20251201,코스피200,000210
20251201,코스피200,004490
20251201,코스피200,003240
20251201,코스피200,093370
20251201,코스피200,069260
20251201,코스피200,006650
20251201,코스피200,001680
20251201,코스피200,298020
20251201,코스피200,001430
20251201,코스피200,008730
20251201,코스피200,014820
20251201,코스피200,005250
20251201,코스피200,298050
20251201,코스피200,114090
20251201,코스피200,003620
20251201,코스피200,268280
20251201,코스피200,456040
20251201,코스피200,145720
20251201,코스피200,039130
20251201,코스피200,005420
20251201,코스피200,003030
20251201,코스피200,002840
20251201,코스피200,002710
20251201,코스닥150,196170
20251201,코스닥150,247540
20251201,코스닥150,086520
20251201,코스닥150,298380
20251201,코스닥150,277810
20251201,코스닥150,087010
20251201,코스닥150,141080
20251201,코스닥150,028300
20251201,코스닥150,000250
20251201,코스닥150,058470
20251201,코스닥150,310210
20251201,코스닥150,214370
20251201,코스닥150,214450
20251201,코스닥150,214150
20251201,코스닥150,039030
20251201,코스닥150,240810
20251201,코스닥150,145020
20251201,코스닥150,068760
20251201,코스닥150,257720
20251201,코스닥150,403870
20251201,코스닥150,041510
20251201,코스닥150,263750
20251201,코스닥150,237690
20251201,코스닥150,035900
20251201,코스닥150,140410
20251201,코스닥150,095340
20251201,코스닥150,039200
20251201,코스닥150,357780
20251201,코스닥150,005290
20251201,코스닥150,222800
20251201,코스닥150,084370
20251201,코스닥150,089030
20251201,코스닥150,098460
20251201,코스닥150,064760
20251201,코스닥150,160190
20251201,코스닥150,067310
20251201,코스닥150,348370
20251201,코스닥150,140860
20251201,코스닥150,065350
20251201,코스닥150,290650
20251201,코스닥150,195940
20251201,코스닥150,007390
20251201,코스닥150,293490
20251201,코스닥150,178320
20251201,코스닥150,035760
20251201,코스닥150,058610
20251201,코스닥150,036930
20251201,코스닥150,082270
20251201,코스닥150,096530
20251201,코스닥150,323280
20251201,코스닥150,204270
20251201,코스닥150,358570
20251201,코스닥150,253450
20251201,코스닥150,122870
20251201,코스닥150,078600
20251201,코스닥150,101490
20251201,코스닥150,328130
20251201,코스닥150,085660
20251201,코스닥150,232140
20251201,코스닥150,213420
20251201,코스닥150,137400
20251201,코스닥150,031980
20251201,코스닥150,161580
20251201,코스닥150,112040
20251201,코스닥150,003380
20251201,코스닥150,183300
20251201,코스닥150,319660
20251201,코스닥150,281740
20251201,코스닥150,086900
20251201,코스닥150,166090
20251201,코스닥150,036830
20251201,코스닥150,131970
20251201,코스닥150,225570
20251201,코스닥150,042000
20251201,코스닥150,086450
20251201,코스닥150,067160
20251201,코스닥150,095610
20251201,코스닥150,056190
20251201,코스닥150,417200
20251201,코스닥150,376300
20251201,코스닥150,006730
20251201,코스닥150,218410
20251201,코스닥150,241710
20251201,코스닥150,033500
20251201,코스닥150,121600
20251201,코스닥150,036540
20251201,코스닥150,041190
20251201,코스닥150,025980
20251201,코스닥150,053800
20251201,코스닥150,009520
20251201,코스닥150,018290
20251201,코스닥150,014620
20251201,코스닥150,336570
20251201,코스닥150,348210
20251201,코스닥150,032190
20251201,코스닥150,131290
20251201,코스닥150,036810
20251201,코스닥150,060250
20251201,코스닥150,080220
20251201,코스닥150,399720
20251201,코스닥150,032500
20251201,코스닥150,030520
20251201,코스닥150,025320
20251201,코스닥150,095660
20251201,코스닥150,222080
20251201,코스닥150,278280
20251201,코스닥150,179900
20251201,코스닥150,033100
20251201,코스닥150,015750
20251201,코스닥150,074600
20251201,코스닥150,383310
20251201,코스닥150,101730
20251201,코스닥150,365340
20251201,코스닥150,099190
20251201,코스닥150,069080
20251201,코스닥150,272290
20251201,코스닥150,048410
20251201,코스닥150,060280
20251201,코스닥150,058970
20251201,코스닥150,053030
20251201,코스닥150,171090
20251201,코스닥150,050890
20251201,코스닥150,025900
20251201,코스닥150,215200
20251201,코스닥150,253590
20251201,코스닥150,352480
20251201,코스닥150,189300
20251201,코스닥150,034950
20251201,코스닥150,317330
20251201,코스닥150,079370
20251201,코스닥150,420770
20251201,코스닥150,101360
20251201,코스닥150,091700
20251201,코스닥150,078340
20251201,코스닥150,095500
20251201,코스닥150,215000
20251201,코스닥150,200130
20251201,코스닥150,194480
20251201,코스닥150,046890
20251201,코스닥150,053610
20251201,코스닥150,064550
20251201,코스닥150,108860
20251201,코스닥150,094360
20251201,코스닥150,049070
20251201,코스닥150,115450
20251201,코스닥150,114840
20251201,코스닥150,394280
20251201,코스닥150,267980
20251201,코스닥150,084850
20251201,코스닥150,091120
20260102,코스피200,005930
20260102,코스피200,000660
20260102,코스피200,373220
20260102,코스피200,207940
20260102,코스피200,005380
20260102,코스피200,329180
20260102,코스피200,402340
20260102,코스피200,012450
20260102,코스피200,034020
20260102,코스피200,000270
20260102,코스피200,068270
20260102,코스피200,105560
20260102,코스피200,028260
20260102,코스피200,035420
20260102,코스피200,055550
20260102,코스피200,042660
20260102,코스피200,012330
20260102,코스피200,032830
20260102,코스피200,015760
20260102,코스피200,267260
20260102,코스피200,009540
20260102,코스피200,035720
20260102,코스피200,086790
20260102,코스피200,005490
20260102,코스피200,010130
20260102,코스피200,000810
20260102,코스피200,051910
20260102,코스피200,010140
20260102,코스피200,064350
20260102,코스피200,006400
20260102,코스피200,316140
20260102,코스피200,009150
20260102,코스피200,138040
20260102,코스피200,011200
20260102,코스피200,034730
20260102,코스피200,0126Z0
20260102,코스피200,298040
20260102,코스피200,096770
20260102,코스피200,033780
20260102,코스피200,024110
20260102,코스피200,003670
20260102,코스피200,352820
20260102,코스피200,066570
20260102,코스피200,010120
20260102,코스피200,267250
20260102,코스피200,006800
20260102,코스피200,042700
20260102,코스피200,018260
20260102,코스피200,086280
20260102,코스피200,030200
20260102,코스피200,003550
20260102,코스피200,000150
20260102,코스피200,259960
20260102,코스피200,017670
20260102,코스피200,047810
20260102,코스피200,272210
20260102,코스피200,323410
20260102,코스피200,326030
20260102,코스피200,003230
20260102,코스피200,079550
20260102,코스피200,071050
20260102,코스피200,307950
20260102,코스피200,010950
20260102,코스피200,005830
20260102,코스피200,007660
20260102,코스피200,000100
20260102,코스피200,278470
20260102,코스피200,443060
20260102,코스피200,047050
20260102,코스피200,039490
20260102,코스피200,003490
20260102,코스피200,180640
20260102,코스피200,000720
20260102,코스피200,005940
20260102,코스피200,090430
20260102,코스피200,161390
20260102,코스피200,016360
20260102,코스피200,377300
20260102,코스피200,011070
20260102,코스피200,006260
20260102,코스피200,029780
20260102,코스피200,032640
20260102,코스피200,021240
20260102,코스피200,000880
20260102,코스피200,064400
20260102,코스피200,128940
20260102,코스피200,034220
20260102,코스피200,241560
20260102,코스피200,454910
20260102,코스피200,001040
20260102,코스피200,078930
20260102,코스피200,175330
20260102,코스피200,138930
20260102,코스피200,036570
20260102,코스피200,001440
20260102,코스피200,028050
20260102,코스피200,022100
20260102,코스피200,009830
20260102,코스피200,051900
20260102,코스피200,062040
20260102,코스피200,004020
20260102,코스피200,271560
20260102,코스피200,251270
20260102,코스피200,035250
20260102,코스피200,011790
20260102,코스피200,302440
20260102,코스피200,066970
20260102,코스피200,450080
20260102,코스피200,036460
20260102,코스피200,052690
20260102,코스피200,017800
20260102,코스피200,111770
20260102,코스피200,002380
20260102,코스피200,082740
20260102,코스피200,097950
20260102,코스피200,071970
20260102,코스피200,088350
20260102,코스피200,011780
20260102,코스피200,204320
20260102,코스피200,011170
20260102,코스피200,103140
20260102,코스피200,383220
20260102,코스피200,081660
20260102,코스피200,139130
20260102,코스피200,001450
20260102,코스피200,004370
20260102,코스피200,026960
20260102,코스피200,008930
20260102,코스피200,009970
20260102,코스피200,012750
20260102,코스피200,014680
20260102,코스피200,004990
20260102,코스피200,030000
20260102,코스피200,051600
20260102,코스피200,139480
20260102,코스피200,000120
20260102,코스피200,011210
20260102,코스피200,002790
20260102,코스피200,004170
20260102,코스피200,009420
20260102,코스피200,000240
20260102,코스피200,361610
20260102,코스피200,028670
20260102,코스피200,069620
20260102,코스피200,069960
20260102,코스피200,192820
20260102,코스피200,282330
20260102,코스피200,023530
20260102,코스피200,005850
20260102,코스피200,006040
20260102,코스피200,006280
20260102,코스피200,008770
20260102,코스피200,010060
20260102,코스피200,018880
20260102,코스피200,001430
20260102,코스피200,006360
20260102,코스피200,007070
20260102,코스피200,007310
20260102,코스피200,034230
20260102,코스피200,047040
20260102,코스피200,073240
20260102,코스피200,112610
20260102,코스피200,161890
20260102,코스피200,375500
20260102,코스피200,457190
20260102,코스피200,017960
20260102,코스피200,000080
20260102,코스피200,285130
20260102,코스피200,120110
20260102,코스피200,007340
20260102,코스피200,192080
20260102,코스피200,300720
20260102,코스피200,005300
20260102,코스피200,001800
20260102,코스피200,185750
20260102,코스피200,003090
20260102,코스피200,009240
20260102,코스피200,000670
20260102,코스피200,006650
20260102,코스피200,071320
20260102,코스피200,003240
20260102,코스피200,114090
20260102,코스피200,137310
20260102,코스피200,004000
20260102,코스피200,280360
20260102,코스피200,004490
20260102,코스피200,298020
20260102,코스피200,298050
20260102,코스피200,268280
20260102,코스피200,093370
20260102,코스피200,069260
20260102,코스피200,014820
20260102,코스피200,008730
20260102,코스피200,005420
20260102,코스피200,005250
20260102,코스피200,003030
20260102,코스피200,002840
20260102,코스피200,002030
20260102,코스피200,001680
20260102,코스피200,000210
20260102,코스닥150,196170
20260102,코스닥150,247540
20260102,코스닥150,086520
20260102,코스닥150,298380
20260102,코스닥150,277810
20260102,코스닥150,028300
20260102,코스닥150,141080
20260102,코스닥150,087010
20260102,코스닥150,000250
20260102,코스닥150,058470
20260102,코스닥150,214450
20260102,코스닥150,310210
20260102,코스닥150,214370
20260102,코스닥150,108490
20260102,코스닥150,240810
20260102,코스닥150,347850
20260102,코스닥150,214150
20260102,코스닥150,039030
20260102,코스닥150,041510
20260102,코스닥150,140410
20260102,코스닥150,145020
20260102,코스닥150,403870
20260102,코스닥150,226950
20260102,코스닥150,035900
20260102,코스닥150,068760
20260102,코스닥150,263750
20260102,코스닥150,095340
20260102,코스닥150,257720
20260102,코스닥150,237690
20260102,코스닥150,357780
20260102,코스닥150,005290
20260102,코스닥150,084370
20260102,코스닥150,089030
20260102,코스닥150,222800
20260102,코스닥150,098460
20260102,코스닥150,058610
20260102,코스닥150,160190
20260102,코스닥150,067310
20260102,코스닥150,064760
20260102,코스닥150,039200
20260102,코스닥150,083650
20260102,코스닥150,466100
20260102,코스닥150,140860
20260102,코스닥150,065350
20260102,코스닥150,060370
20260102,코스닥150,290650
20260102,코스닥150,035760
20260102,코스닥150,036930
20260102,코스닥150,178320
20260102,코스닥150,007390
20260102,코스닥150,195940
20260102,코스닥150,293490
20260102,코스닥150,348370
20260102,코스닥150,253450
20260102,코스닥150,082270
20260102,코스닥150,122870
20260102,코스닥150,323280
20260102,코스닥150,328130
20260102,코스닥150,232140
20260102,코스닥150,096530
20260102,코스닥150,003380
20260102,코스닥150,204270
20260102,코스닥150,085660
20260102,코스닥150,319660
20260102,코스닥150,101490
20260102,코스닥150,031980
20260102,코스닥150,358570
20260102,코스닥150,161580
20260102,코스닥150,080220
20260102,코스닥150,095610
20260102,코스닥150,131970
20260102,코스닥150,183300
20260102,코스닥150,388720
20260102,코스닥150,376300
20260102,코스닥150,078600
20260102,코스닥150,213420
20260102,코스닥150,281740
20260102,코스닥150,218410
20260102,코스닥150,112040
20260102,코스닥150,166090
20260102,코스닥150,086900
20260102,코스닥150,056190
20260102,코스닥150,137400
20260102,코스닥150,417200
20260102,코스닥150,006730
20260102,코스닥150,225570
20260102,코스닥150,036540
20260102,코스닥150,067160
20260102,코스닥150,036830
20260102,코스닥150,025980
20260102,코스닥150,086450
20260102,코스닥150,042000
20260102,코스닥150,348210
20260102,코스닥150,189300
20260102,코스닥150,241710
20260102,코스닥150,336570
20260102,코스닥150,032190
20260102,코스닥150,131290
20260102,코스닥150,033500
20260102,코스닥150,053800
20260102,코스닥150,014620
20260102,코스닥150,251970
20260102,코스닥150,036810
20260102,코스닥150,052400
20260102,코스닥150,018290
20260102,코스닥150,032500
20260102,코스닥150,211050
20260102,코스닥150,009520
20260102,코스닥150,060250
20260102,코스닥150,041190
20260102,코스닥150,032820
20260102,코스닥150,033100
20260102,코스닥150,399720
20260102,코스닥150,074600
20260102,코스닥150,030520
20260102,코스닥150,278280
20260102,코스닥150,121600
20260102,코스닥150,214430
20260102,코스닥150,095660
20260102,코스닥150,101730
20260102,코스닥150,056080
20260102,코스닥150,015750
20260102,코스닥150,060280
20260102,코스닥150,171090
20260102,코스닥150,222080
20260102,코스닥150,025320
20260102,코스닥150,053030
20260102,코스닥150,365340
20260102,코스닥150,036620
20260102,코스닥150,048410
20260102,코스닥150,383310
20260102,코스닥150,253590
20260102,코스닥150,179900
20260102,코스닥150,050890
20260102,코스닥150,058970
20260102,코스닥150,059090
20260102,코스닥150,079370
20260102,코스닥150,272290
20260102,코스닥150,352480
20260102,코스닥150,069080
20260102,코스닥150,215200
20260102,코스닥150,025900
20260102,코스닥150,194480
20260102,코스닥150,200130
20260102,코스닥150,046890
20260102,코스닥150,078340
20260102,코스닥150,304100
20260102,코스닥150,215000
20260102,코스닥150,108860
20260102,코스닥150,101360
20260202,코스피200,005930
20260202,코스피200,000660
20260202,코스피200,005380
20260202,코스피200,373220
20260202,코스피200,207940
20260202,코스피200,402340
20260202,코스피200,012450
20260202,코스피200,000270
20260202,코스피200,329180
20260202,코스피200,034020
20260202,코스피200,105560
20260202,코스피200,028260
20260202,코스피200,068270
20260202,코스피200,035420
20260202,코스피200,042660
20260202,코스피200,055550
20260202,코스피200,012330
20260202,코스피200,015760
20260202,코스피200,032830
20260202,코스피200,010130
20260202,코스피200,267260
20260202,코스피200,006400
20260202,코스피200,086790
20260202,코스피200,009540
20260202,코스피200,005490
20260202,코스피200,035720
20260202,코스피200,010140
20260202,코스피200,064350
20260202,코스피200,006800
20260202,코스피200,000810
20260202,코스피200,316140
20260202,코스피200,034730
20260202,코스피200,009150
20260202,코스피200,298040
20260202,코스피200,051910
20260202,코스피200,138040
20260202,코스피200,003670
20260202,코스피200,011200
20260202,코스피200,033780
20260202,코스피200,086280
20260202,코스피200,042700
20260202,코스피200,096770
20260202,코스피200,272210
20260202,코스피200,024110
20260202,코스피200,267250
20260202,코스피200,066570
20260202,코스피200,010120
20260202,코스피200,047810
20260202,코스피200,352820
20260202,코스피200,017670
20260202,코스피200,0126Z0
20260202,코스피200,030200
20260202,코스피200,003550
20260202,코스피200,000150
20260202,코스피200,018260
20260202,코스피200,307950
20260202,코스피200,259960
20260202,코스피200,071050
20260202,코스피200,039490
20260202,코스피200,010950
20260202,코스피200,047050
20260202,코스피200,000720
20260202,코스피200,323410
20260202,코스피200,278470
20260202,코스피200,079550
20260202,코스피200,005830
20260202,코스피200,005940
20260202,코스피200,377300
20260202,코스피200,326030
20260202,코스피200,090430
20260202,코스피200,000100
20260202,코스피200,007660
20260202,코스피200,003230
20260202,코스피200,003490
20260202,코스피200,000880
20260202,코스피200,443060
20260202,코스피200,161390
20260202,코스피200,016360
20260202,코스피200,180640
20260202,코스피200,454910
20260202,코스피200,032640
20260202,코스피200,006260
20260202,코스피200,064400
20260202,코스피200,029780
20260202,코스피200,078930
20260202,코스피200,128940
20260202,코스피200,028050
20260202,코스피200,021240
20260202,코스피200,001040
20260202,코스피200,241560
20260202,코스피200,034220
20260202,코스피200,022100
20260202,코스피200,011070
20260202,코스피200,138930
20260202,코스피200,066970
20260202,코스피200,175330
20260202,코스피200,052690
20260202,코스피200,036570
20260202,코스피200,001440
20260202,코스피200,082740
20260202,코스피200,251270
20260202,코스피200,009830
20260202,코스피200,450080
20260202,코스피200,271560
20260202,코스피200,002380
20260202,코스피200,004020
20260202,코스피200,062040
20260202,코스피200,051900
20260202,코스피200,011790
20260202,코스피200,111770
20260202,코스피200,302440
20260202,코스피200,036460
20260202,코스피200,017800
20260202,코스피200,035250
20260202,코스피200,011780
20260202,코스피200,103140
20260202,코스피200,018880
20260202,코스피200,011170
20260202,코스피200,004170
20260202,코스피200,004990
20260202,코스피200,012750
20260202,코스피200,014680
20260202,코스피200,071970
20260202,코스피200,088350
20260202,코스피200,097950
20260202,코스피200,204320
20260202,코스피200,457190
20260202,코스피200,000240
20260202,코스피200,383220
20260202,코스피200,001450
20260202,코스피200,004370
20260202,코스피200,005850
20260202,코스피200,008930
20260202,코스피200,009420
20260202,코스피200,009970
20260202,코스피200,026960
20260202,코스피200,028670
20260202,코스피200,051600
20260202,코스피200,081660
20260202,코스피200,139130
20260202,코스피200,139480
20260202,코스피200,001430
20260202,코스피200,000120
20260202,코스피200,002790
20260202,코스피200,010060
20260202,코스피200,011210
20260202,코스피200,361610
20260202,코스피200,030000
20260202,코스피200,069960
20260202,코스피200,192820
20260202,코스피200,282330
20260202,코스피200,023530
20260202,코스피200,006040
20260202,코스피200,006280
20260202,코스피200,007070
20260202,코스피200,375500
20260202,코스피200,047040
20260202,코스피200,069620
20260202,코스피200,008770
20260202,코스피200,003090
20260202,코스피200,006360
20260202,코스피200,007310
20260202,코스피200,007340
20260202,코스피200,017960
20260202,코스피200,298020
20260202,코스피200,073240
20260202,코스피200,112610
20260202,코스피200,120110
20260202,코스피200,161890
20260202,코스피200,034230
20260202,코스피200,000080
20260202,코스피200,300720
20260202,코스피200,001800
20260202,코스피200,003240
20260202,코스피200,004000
20260202,코스피200,005300
20260202,코스피200,006650
20260202,코스피200,009240
20260202,코스피200,071320
20260202,코스피200,137310
20260202,코스피200,185750
20260202,코스피200,192080
20260202,코스피200,280360
20260202,코스피200,285130
20260202,코스피200,298050
20260202,코스피200,000670
20260202,코스피200,000210
20260202,코스피200,001680
20260202,코스피200,002030
20260202,코스피200,002840
20260202,코스피200,004490
20260202,코스피200,005250
20260202,코스피200,268280
20260202,코스피200,008730
20260202,코스피200,014820
20260202,코스피200,069260
20260202,코스피200,093370
20260202,코스피200,114090
20260202,코스피200,005420
20260202,코스피200,003030
20260202,코스닥150,086520
20260202,코스닥150,196170
20260202,코스닥150,247540
20260202,코스닥150,277810
20260202,코스닥150,298380
20260202,코스닥150,000250
20260202,코스닥150,028300
20260202,코스닥150,058470
20260202,코스닥150,141080
20260202,코스닥150,087010
20260202,코스닥150,214370
20260202,코스닥150,240810
20260202,코스닥150,140410
20260202,코스닥150,214150
20260202,코스닥150,108490
20260202,코스닥150,214450
20260202,코스닥150,039030
20260202,코스닥150,310210
20260202,코스닥150,347850
20260202,코스닥150,403870
20260202,코스닥150,263750
20260202,코스닥150,058610
20260202,코스닥150,145020
20260202,코스닥150,357780
20260202,코스닥150,237690
20260202,코스닥150,257720
20260202,코스닥150,068760
20260202,코스닥150,095340
20260202,코스닥150,226950
20260202,코스닥150,005290
20260202,코스닥150,035900
20260202,코스닥150,041510
20260202,코스닥150,067310
20260202,코스닥150,064760
20260202,코스닥150,160190
20260202,코스닥150,084370
20260202,코스닥150,222800
20260202,코스닥150,323280
20260202,코스닥150,098460
20260202,코스닥150,083650
20260202,코스닥150,290650
20260202,코스닥150,065350
20260202,코스닥150,178320
20260202,코스닥150,039200
20260202,코스닥150,140860
20260202,코스닥150,036930
20260202,코스닥150,348370
20260202,코스닥150,101490
20260202,코스닥150,466100
20260202,코스닥150,281740
20260202,코스닥150,089030
20260202,코스닥150,082270
20260202,코스닥150,085660
20260202,코스닥150,319660
20260202,코스닥150,031980
20260202,코스닥150,007390
20260202,코스닥150,003380
20260202,코스닥150,060370
20260202,코스닥150,195940
20260202,코스닥150,035760
20260202,코스닥150,388720
20260202,코스닥150,232140
20260202,코스닥150,032820
20260202,코스닥150,293490
20260202,코스닥150,096530
20260202,코스닥150,253450
20260202,코스닥150,080220
20260202,코스닥150,122870
20260202,코스닥150,095610
20260202,코스닥150,204270
20260202,코스닥150,218410
20260202,코스닥150,161580
20260202,코스닥150,131970
20260202,코스닥150,137400
20260202,코스닥150,056080
20260202,코스닥150,078600
20260202,코스닥150,166090
20260202,코스닥150,183300
20260202,코스닥150,328130
20260202,코스닥150,036540
20260202,코스닥150,056190
20260202,코스닥150,006730
20260202,코스닥150,417200
20260202,코스닥150,241710
20260202,코스닥150,189300
20260202,코스닥150,036830
20260202,코스닥150,112040
20260202,코스닥150,048410
20260202,코스닥150,036810
20260202,코스닥150,032190
20260202,코스닥150,086900
20260202,코스닥150,060250
20260202,코스닥150,358570
20260202,코스닥150,222080
20260202,코스닥150,213420
20260202,코스닥150,042000
20260202,코스닥150,348210
20260202,코스닥150,214430
20260202,코스닥150,376300
20260202,코스닥150,052400
20260202,코스닥150,131290
20260202,코스닥150,009520
20260202,코스닥150,014620
20260202,코스닥150,033500
20260202,코스닥150,060280
20260202,코스닥150,067160
20260202,코스닥150,086450
20260202,코스닥150,121600
20260202,코스닥150,225570
20260202,코스닥150,336570
20260202,코스닥150,383310
20260202,코스닥150,365340
20260202,코스닥150,399720
20260202,코스닥150,251970
20260202,코스닥150,025980
20260202,코스닥150,032500
20260202,코스닥150,272290
20260202,코스닥150,053800
20260202,코스닥150,033100
20260202,코스닥150,211050
20260202,코스닥150,074600
20260202,코스닥150,025320
20260202,코스닥150,018290
20260202,코스닥150,253590
20260202,코스닥150,041190
20260202,코스닥150,278280
20260202,코스닥150,030520
20260202,코스닥150,015750
20260202,코스닥150,036620
20260202,코스닥150,095660
20260202,코스닥150,059090
20260202,코스닥150,079370
20260202,코스닥150,171090
20260202,코스닥150,101730
20260202,코스닥150,053030
20260202,코스닥150,050890
20260202,코스닥150,025900
20260202,코스닥150,069080
20260202,코스닥150,058970
20260202,코스닥150,179900
20260202,코스닥150,352480
20260202,코스닥150,215200
20260202,코스닥150,194480
20260202,코스닥150,078340
20260202,코스닥150,200130
20260202,코스닥150,046890
20260202,코스닥150,101360
20260202,코스닥150,304100
20260202,코스닥150,215000
20260202,코스닥150,108860
20260303,코스피200,005930
20260303,코스피200,000660
20260303,코스피200,005380
20260303,코스피200,373220
20260303,코스피200,207940
20260303,코스피200,402340
20260303,코스피200,012450
20260303,코스피200,000270
20260303,코스피200,034020
20260303,코스피200,329180
20260303,코스피200,105560
20260303,코스피200,028260
20260303,코스피200,068270
20260303,코스피200,055550
20260303,코스피200,032830
20260303,코스피200,012330
20260303,코스피200,010130
20260303,코스피200,042660
20260303,코스피200,006800
20260303,코스피200,035420
20260303,코스피200,267260
20260303,코스피200,086790
20260303,코스피200,015760
20260303,코스피200,006400
20260303,코스피200,009540
20260303,코스피200,009150
20260303,코스피200,005490
20260303,코스피200,034730
20260303,코스피200,272210
20260303,코스피200,064350
20260303,코스피200,042700
20260303,코스피200,316140
20260303,코스피200,051910
20260303,코스피200,035720
20260303,코스피200,298040
20260303,코스피200,010140
20260303,코스피200,000810
20260303,코스피200,267250
20260303,코스피200,011200
20260303,코스피200,096770
20260303,코스피200,010120
20260303,코스피200,066570
20260303,코스피200,138040
20260303,코스피200,003670
20260303,코스피200,024110
20260303,코스피200,086280
20260303,코스피200,047810
20260303,코스피200,033780
20260303,코스피200,000150
20260303,코스피200,017670
20260303,코스피200,000720
20260303,코스피200,030200
20260303,코스피200,003550
20260303,코스피200,010950
20260303,코스피200,352820
20260303,코스피200,0126Z0
20260303,코스피200,079550
20260303,코스피200,071050
20260303,코스피200,018260
20260303,코스피200,005830
20260303,코스피200,047050
20260303,코스피200,323410
20260303,코스피200,307950
20260303,코스피200,005940
20260303,코스피200,039490
20260303,코스피200,259960
20260303,코스피200,278470
20260303,코스피200,000880
20260303,코스피200,180640
20260303,코스피200,016360
20260303,코스피200,003490
20260303,코스피200,326030
20260303,코스피200,003230
20260303,코스피200,161390
20260303,코스피200,009830
20260303,코스피200,090430
20260303,코스피200,006260
20260303,코스피200,007660
20260303,코스피200,377300
20260303,코스피200,000100
20260303,코스피200,443060
20260303,코스피200,128940
20260303,코스피200,032640
20260303,코스피200,028050
20260303,코스피200,029780
20260303,코스피200,078930
20260303,코스피200,064400
20260303,코스피200,034220
20260303,코스피200,011070
20260303,코스피200,454910
20260303,코스피200,001440
20260303,코스피200,138930
20260303,코스피200,052690
20260303,코스피200,001040
20260303,코스피200,241560
20260303,코스피200,004020
20260303,코스피200,021240
20260303,코스피200,175330
20260303,코스피200,271560
20260303,코스피200,022100
20260303,코스피200,002380
20260303,코스피200,036570
20260303,코스피200,450080
20260303,코스피200,088350
20260303,코스피200,066970
20260303,코스피200,062040
20260303,코스피200,018880
20260303,코스피200,111770
20260303,코스피200,251270
20260303,코스피200,082740
20260303,코스피200,051900
20260303,코스피200,036460
20260303,코스피200,035250
20260303,코스피200,011790
20260303,코스피200,017800
20260303,코스피200,011170
20260303,코스피200,009970
20260303,코스피200,004990
20260303,코스피200,004170
20260303,코스피200,011780
20260303,코스피200,302440
20260303,코스피200,103140
20260303,코스피200,014680
20260303,코스피200,012750
20260303,코스피200,047040
20260303,코스피200,028670
20260303,코스피200,000120
20260303,코스피200,001450
20260303,코스피200,005850
20260303,코스피200,009420
20260303,코스피200,023530
20260303,코스피200,097950
20260303,코스피200,139130
20260303,코스피200,457190
20260303,코스피200,000240
20260303,코스피200,004370
20260303,코스피200,008930
20260303,코스피200,010060
20260303,코스피200,011210
20260303,코스피200,026960
20260303,코스피200,383220
20260303,코스피200,051600
20260303,코스피200,071970
20260303,코스피200,081660
20260303,코스피200,139480
20260303,코스피200,204320
20260303,코스피200,030000
20260303,코스피200,001430
20260303,코스피200,002790
20260303,코스피200,017960
20260303,코스피200,069620
20260303,코스피200,361610
20260303,코스피200,112610
20260303,코스피200,192820
20260303,코스피200,282330
20260303,코스피200,069960
20260303,코스피200,006040
20260303,코스피200,006280
20260303,코스피200,006360
20260303,코스피200,007070
20260303,코스피200,007310
20260303,코스피200,007340
20260303,코스피200,375500
20260303,코스피200,034230
20260303,코스피200,073240
20260303,코스피200,120110
20260303,코스피200,161890
20260303,코스피200,298020
20260303,코스피200,008770
20260303,코스피200,000080
20260303,코스피200,000670
20260303,코스피200,001800
20260303,코스피200,003090
20260303,코스피200,003240
20260303,코스피200,300720
20260303,코스피200,005300
20260303,코스피200,185750
20260303,코스피200,192080
20260303,코스피200,280360
20260303,코스피200,285130
20260303,코스피200,004000
20260303,코스피200,000210
20260303,코스피200,298050
20260303,코스피200,002840
20260303,코스피200,004490
20260303,코스피200,005250
20260303,코스피200,006650
20260303,코스피200,009240
20260303,코스피200,014820
20260303,코스피200,069260
20260303,코스피200,071320
20260303,코스피200,093370
20260303,코스피200,114090
20260303,코스피200,137310
20260303,코스피200,268280
20260303,코스피200,001680
20260303,코스피200,002030
20260303,코스피200,008730
20260303,코스피200,005420
20260303,코스피200,003030
20260303,코스닥150,086520
20260303,코스닥150,196170
20260303,코스닥150,247540
20260303,코스닥150,000250
20260303,코스닥150,277810
20260303,코스닥150,298380
20260303,코스닥150,058470
20260303,코스닥150,028300
20260303,코스닥150,141080
20260303,코스닥150,214370
20260303,코스닥150,240810
20260303,코스닥150,310210
20260303,코스닥150,087010
20260303,코스닥150,039030
20260303,코스닥150,140410
20260303,코스닥150,226950
20260303,코스닥150,095340
20260303,코스닥150,263750
20260303,코스닥150,108490
20260303,코스닥150,347850
20260303,코스닥150,214150
20260303,코스닥150,403870
20260303,코스닥150,357780
20260303,코스닥150,214450
20260303,코스닥150,237690
20260303,코스닥150,145020
20260303,코스닥150,058610
20260303,코스닥150,084370
20260303,코스닥150,068760
20260303,코스닥150,032820
20260303,코스닥150,083650
20260303,코스닥150,036930
20260303,코스닥150,005290
20260303,코스닥150,257720
20260303,코스닥150,178320
20260303,코스닥150,064760
20260303,코스닥150,041510
20260303,코스닥150,035900
20260303,코스닥150,323280
20260303,코스닥150,067310
20260303,코스닥150,290650
20260303,코스닥150,039200
20260303,코스닥150,098460
20260303,코스닥150,101490
20260303,코스닥150,140860
20260303,코스닥150,160190
20260303,코스닥150,222800
20260303,코스닥150,031980
20260303,코스닥150,089030
20260303,코스닥150,082270
20260303,코스닥150,085660
20260303,코스닥150,065350
20260303,코스닥150,319660
20260303,코스닥150,003380
20260303,코스닥150,218410
20260303,코스닥150,232140
20260303,코스닥150,466100
20260303,코스닥150,060370
20260303,코스닥150,048410
20260303,코스닥150,080220
20260303,코스닥150,035760
20260303,코스닥150,195940
20260303,코스닥150,078600
20260303,코스닥150,348370
20260303,코스닥150,281740
20260303,코스닥150,095610
20260303,코스닥150,388720
20260303,코스닥150,096530
20260303,코스닥150,007390
20260303,코스닥150,189300
20260303,코스닥150,122870
20260303,코스닥150,131970
20260303,코스닥150,293490
20260303,코스닥150,253450
20260303,코스닥150,171090
20260303,코스닥150,056080
20260303,코스닥150,036540
20260303,코스닥150,056190
20260303,코스닥150,166090
20260303,코스닥150,137400
20260303,코스닥150,328130
20260303,코스닥150,161580
20260303,코스닥150,204270
20260303,코스닥150,036830
20260303,코스닥150,417200
20260303,코스닥150,183300
20260303,코스닥150,222080
20260303,코스닥150,358570
20260303,코스닥150,213420
20260303,코스닥150,006730
20260303,코스닥150,131290
20260303,코스닥150,032190
20260303,코스닥150,086900
20260303,코스닥150,052400
20260303,코스닥150,014620
20260303,코스닥150,086450
20260303,코스닥150,033500
20260303,코스닥150,348210
20260303,코스닥150,241710
20260303,코스닥150,376300
20260303,코스닥150,112040
20260303,코스닥150,036810
20260303,코스닥150,121600
20260303,코스닥150,033100
20260303,코스닥150,060250
20260303,코스닥150,214430
20260303,코스닥150,009520
20260303,코스닥150,025980
20260303,코스닥150,067160
20260303,코스닥150,074600
20260303,코스닥150,225570
20260303,코스닥150,032500
20260303,코스닥150,383310
20260303,코스닥150,399720
20260303,코스닥150,042000
20260303,코스닥150,365340
20260303,코스닥150,253590
20260303,코스닥150,053800
20260303,코스닥150,336570
20260303,코스닥150,211050
20260303,코스닥150,060280
20260303,코스닥150,272290
20260303,코스닥150,041190
20260303,코스닥150,015750
20260303,코스닥150,046890
20260303,코스닥150,095660
20260303,코스닥150,278280
20260303,코스닥150,251970
20260303,코스닥150,025320
20260303,코스닥150,018290
20260303,코스닥150,079370
20260303,코스닥150,030520
20260303,코스닥150,101730
20260303,코스닥150,053030
20260303,코스닥150,058970
20260303,코스닥150,059090
20260303,코스닥150,025900
20260303,코스닥150,036620
20260303,코스닥150,215200
20260303,코스닥150,050890
20260303,코스닥150,069080
20260303,코스닥150,194480
20260303,코스닥150,179900
20260303,코스닥150,078340
20260303,코스닥150,200130
20260303,코스닥150,352480
20260303,코스닥150,101360
20260303,코스닥150,215000
20260303,코스닥150,304100
20260303,코스닥150,108860
20260401,코스피200,005930
20260401,코스피200,000660
20260401,코스피200,005380
20260401,코스피200,373220
20260401,코스피200,207940
20260401,코스피200,012450
20260401,코스피200,402340
20260401,코스피200,034020
20260401,코스피200,000270
20260401,코스피200,105560
20260401,코스피200,068270
20260401,코스피200,329180
20260401,코스피200,032830
20260401,코스피200,028260
20260401,코스피200,055550
20260401,코스피200,042660
20260401,코스피200,012330
20260401,코스피200,006800
20260401,코스피200,006400
20260401,코스피200,009150
20260401,코스피200,035420
20260401,코스피200,267260
20260401,코스피200,010130
20260401,코스피200,086790
20260401,코스피200,005490
20260401,코스피200,015760
20260401,코스피200,009540
20260401,코스피200,042700
20260401,코스피200,298040
20260401,코스피200,316140
20260401,코스피200,272210
20260401,코스피200,010140
20260401,코스피200,010120
20260401,코스피200,034730
20260401,코스피200,051910
20260401,코스피200,035720
20260401,코스피200,000810
20260401,코스피200,064350
20260401,코스피200,267250
20260401,코스피200,011200
20260401,코스피200,138040
20260401,코스피200,096770
20260401,코스피200,003670
20260401,코스피200,033780
20260401,코스피200,066570
20260401,코스피200,000150
20260401,코스피200,047810
20260401,코스피200,024110
20260401,코스피200,000720
20260401,코스피200,079550
20260401,코스피200,017670
20260401,코스피200,086280
20260401,코스피200,030200
20260401,코스피200,003550
20260401,코스피200,047050
20260401,코스피200,278470
20260401,코스피200,0126Z0
20260401,코스피200,010950
20260401,코스피200,071050
20260401,코스피200,352820
20260401,코스피200,259960
20260401,코스피200,018260
20260401,코스피200,323410
20260401,코스피200,005830
20260401,코스피200,039490
20260401,코스피200,005940
20260401,코스피200,307950
20260401,코스피200,003230
20260401,코스피200,003490
20260401,코스피200,000880
20260401,코스피200,016360
20260401,코스피200,006260
20260401,코스피200,090430
20260401,코스피200,047040
20260401,코스피200,011070
20260401,코스피200,443060
20260401,코스피200,180640
20260401,코스피200,007660
20260401,코스피200,000100
20260401,코스피200,326030
20260401,코스피200,028050
20260401,코스피200,128940
20260401,코스피200,377300
20260401,코스피200,161390
20260401,코스피200,052690
20260401,코스피200,032640
20260401,코스피200,009830
20260401,코스피200,078930
20260401,코스피200,029780
20260401,코스피200,241560
20260401,코스피200,064400
20260401,코스피200,066970
20260401,코스피200,138930
20260401,코스피200,034220
20260401,코스피200,001040
20260401,코스피200,001440
20260401,코스피200,175330
20260401,코스피200,454910
20260401,코스피200,271560
20260401,코스피200,450080
20260401,코스피200,004020
20260401,코스피200,036570
20260401,코스피200,022100
20260401,코스피200,021240
20260401,코스피200,002380
20260401,코스피200,062040
20260401,코스피200,088350
20260401,코스피200,018880
20260401,코스피200,251270
20260401,코스피200,051900
20260401,코스피200,082740
20260401,코스피200,111770
20260401,코스피200,035250
20260401,코스피200,011170
20260401,코스피200,011790
20260401,코스피200,010060
20260401,코스피200,097950
20260401,코스피200,302440
20260401,코스피200,011780
20260401,코스피200,036460
20260401,코스피200,014680
20260401,코스피200,017800
20260401,코스피200,012750
20260401,코스피200,001450
20260401,코스피200,004170
20260401,코스피200,004990
20260401,코스피200,005850
20260401,코스피200,009420
20260401,코스피200,009970
20260401,코스피200,023530
20260401,코스피200,026960
20260401,코스피200,028670
20260401,코스피200,112610
20260401,코스피200,139130
20260401,코스피200,375500
20260401,코스피200,457190
20260401,코스피200,006360
20260401,코스피200,004370
20260401,코스피200,204320
20260401,코스피200,000240
20260401,코스피200,192820
20260401,코스피200,001430
20260401,코스피200,139480
20260401,코스피200,120110
20260401,코스피200,103140
20260401,코스피200,282330
20260401,코스피200,071970
20260401,코스피200,051600
20260401,코스피200,383220
20260401,코스피200,008930
20260401,코스피200,007340
20260401,코스피200,000120
20260401,코스피200,002790
20260401,코스피200,011210
20260401,코스피200,161890
20260401,코스피200,081660
20260401,코스피200,069620
20260401,코스피200,030000
20260401,코스피200,017960
20260401,코스피200,007070
20260401,코스피200,069960
20260401,코스피200,073240
20260401,코스피200,034230
20260401,코스피200,298020
20260401,코스피200,001800
20260401,코스피200,007310
20260401,코스피200,006280
20260401,코스피200,006040
20260401,코스피200,361610
20260401,코스피200,008770
20260401,코스피200,003090
20260401,코스피200,003240
20260401,코스피200,004000
20260401,코스피200,000080
20260401,코스피200,300720
20260401,코스피200,005300
20260401,코스피200,280360
20260401,코스피200,000210
20260401,코스피200,000670
20260401,코스피200,192080
20260401,코스피200,185750
20260401,코스피200,114090
20260401,코스피200,069260
20260401,코스피200,071320
20260401,코스피200,002840
20260401,코스피200,298050
20260401,코스피200,285130
20260401,코스피200,137310
20260401,코스피200,001680
20260401,코스피200,014820
20260401,코스피200,006650
20260401,코스피200,004490
20260401,코스피200,009240
20260401,코스피200,093370
20260401,코스피200,005250
20260401,코스피200,003030
20260401,코스피200,008730
20260401,코스피200,005420
20260401,코스피200,268280
20260401,코스피200,002030
20260401,코스닥150,086520
20260401,코스닥150,247540
20260401,코스닥150,196170
20260401,코스닥150,000250
20260401,코스닥150,277810
20260401,코스닥150,298380
20260401,코스닥150,058470
20260401,코스닥150,141080
20260401,코스닥150,087010
20260401,코스닥150,028300
20260401,코스닥150,310210
20260401,코스닥150,240810
20260401,코스닥150,095340
20260401,코스닥150,039030
20260401,코스닥150,214370
20260401,코스닥150,263750
20260401,코스닥150,226950
20260401,코스닥150,108490
20260401,코스닥150,032820
20260401,코스닥150,403870
20260401,코스닥150,214150
20260401,코스닥150,347850
20260401,코스닥150,214450
20260401,코스닥150,0009K0
20260401,코스닥150,237690
20260401,코스닥150,145020
20260401,코스닥150,083650
20260401,코스닥150,357780
20260401,코스닥150,036930
20260401,코스닥150,084370
20260401,코스닥150,178320
20260401,코스닥150,064760
20260401,코스닥150,319660
20260401,코스닥150,218410
20260401,코스닥150,005290
20260401,코스닥150,068760
20260401,코스닥150,058610
20260401,코스닥150,257720
20260401,코스닥150,031980
20260401,코스닥150,035900
20260401,코스닥150,041510
20260401,코스닥150,039200
20260401,코스닥150,067310
20260401,코스닥150,131970
20260401,코스닥150,078600
20260401,코스닥150,222800
20260401,코스닥150,098460
20260401,코스닥150,089030
20260401,코스닥150,140860
20260401,코스닥150,101490
20260401,코스닥150,290650
20260401,코스닥150,085660
20260401,코스닥150,323280
20260401,코스닥150,003380
20260401,코스닥150,060370
20260401,코스닥150,065350
20260401,코스닥150,232140
20260401,코스닥150,445680
20260401,코스닥150,082270
20260401,코스닥150,195940
20260401,코스닥150,417200
20260401,코스닥150,048410
20260401,코스닥150,281740
20260401,코스닥150,080220
20260401,코스닥150,086450
20260401,코스닥150,466100
20260401,코스닥150,131290
20260401,코스닥150,189300
20260401,코스닥150,166090
20260401,코스닥150,183300
20260401,코스닥150,035760
20260401,코스닥150,213420
20260401,코스닥150,032500
20260401,코스닥150,095610
20260401,코스닥150,137400
20260401,코스닥150,096530
20260401,코스닥150,007390
20260401,코스닥150,293490
20260401,코스닥150,253450
20260401,코스닥150,388720
20260401,코스닥150,036540
20260401,코스닥150,328130
20260401,코스닥150,036830
20260401,코스닥150,056080
20260401,코스닥150,122870
20260401,코스닥150,056190
20260401,코스닥150,014620
20260401,코스닥150,222080
20260401,코스닥150,204270
20260401,코스닥150,161580
20260401,코스닥150,032190
20260401,코스닥150,006730
20260401,코스닥150,171090
20260401,코스닥150,050890
20260401,코스닥150,036810
20260401,코스닥150,074600
20260401,코스닥150,358570
20260401,코스닥150,348370
20260401,코스닥150,241710
20260401,코스닥150,121600
20260401,코스닥150,052400
20260401,코스닥150,225570
20260401,코스닥150,009520
20260401,코스닥150,033100
20260401,코스닥150,376300
20260401,코스닥150,086900
20260401,코스닥150,365340
20260401,코스닥150,033500
20260401,코스닥150,015750
20260401,코스닥150,067160
20260401,코스닥150,112040
20260401,코스닥150,399720
20260401,코스닥150,253590
20260401,코스닥150,348210
20260401,코스닥150,214430
20260401,코스닥150,025980
20260401,코스닥150,460930
20260401,코스닥150,336570
20260401,코스닥150,053800
20260401,코스닥150,042000
20260401,코스닥150,383310
20260401,코스닥150,060280
20260401,코스닥150,060250
20260401,코스닥150,211050
20260401,코스닥150,278280
20260401,코스닥150,272290
20260401,코스닥150,025320
20260401,코스닥150,251970
20260401,코스닥150,025900
20260401,코스닥150,018290
20260401,코스닥150,095660
20260401,코스닥150,046890
20260401,코스닥150,041190
20260401,코스닥150,215200
20260401,코스닥150,036620
20260401,코스닥150,079370
20260401,코스닥150,030520
20260401,코스닥150,101730
20260401,코스닥150,059090
20260401,코스닥150,078340
20260401,코스닥150,069080
20260401,코스닥150,053030
20260401,코스닥150,352480
20260401,코스닥150,108860
20260401,코스닥150,058970
20260401,코스닥150,200130
20260401,코스닥150,194480
20260401,코스닥150,215000
20260401,코스닥150,101360
20260401,코스닥150,304100
20260504,코스피200,005930
20260504,코스피200,000660
20260504,코스피200,402340
20260504,코스피200,373220
20260504,코스피200,005380
20260504,코스피200,034020
20260504,코스피200,012450
20260504,코스피200,329180
20260504,코스피200,207940
20260504,코스피200,009150
20260504,코스피200,000270
20260504,코스피200,105560
20260504,코스피200,006400
20260504,코스피200,032830
20260504,코스피200,028260
20260504,코스피200,267260
20260504,코스피200,055550
20260504,코스피200,010120
20260504,코스피200,068270
20260504,코스피200,042660
20260504,코스피200,298040
20260504,코스피200,005490
20260504,코스피200,012330
20260504,코스피200,006800
20260504,코스피200,042700
20260504,코스피200,086790
20260504,코스피200,034730
20260504,코스피200,010130
20260504,코스피200,009540
20260504,코스피200,035420
20260504,코스피200,051910
20260504,코스피200,064350
20260504,코스피200,015760
20260504,코스피200,010140
20260504,코스피200,000150
20260504,코스피200,316140
20260504,코스피200,096770
20260504,코스피200,003670
20260504,코스피200,267250
20260504,코스피200,066570
20260504,코스피200,272210
20260504,코스피200,000810
20260504,코스피200,079550
20260504,코스피200,035720
20260504,코스피200,017670
20260504,코스피200,033780
20260504,코스피200,011200
20260504,코스피200,138040
20260504,코스피200,000720
20260504,코스피200,047810
20260504,코스피200,024110
20260504,코스피200,086280
20260504,코스피200,278470
20260504,코스피200,006260
20260504,코스피200,003550
20260504,코스피200,047050
20260504,코스피200,030200
20260504,코스피200,010950
20260504,코스피200,071050
20260504,코스피200,011070
20260504,코스피200,259960
20260504,코스피200,005940
20260504,코스피200,047040
20260504,코스피200,018260
20260504,코스피200,0126Z0
20260504,코스피200,016360
20260504,코스피200,443060
20260504,코스피200,307950
20260504,코스피200,001440
20260504,코스피200,323410
20260504,코스피200,352820
20260504,코스피200,005830
20260504,코스피200,039490
20260504,코스피200,028050
20260504,코스피200,007660
20260504,코스피200,062040
20260504,코스피200,003230
20260504,코스피200,000880
20260504,코스피200,003490
20260504,코스피200,009830
20260504,코스피200,066970
20260504,코스피200,090430
20260504,코스피200,377300
20260504,코스피200,326030
20260504,코스피200,161390
20260504,코스피200,078930
20260504,코스피200,082740
20260504,코스피200,052690
20260504,코스피200,241560
20260504,코스피200,000100
20260504,코스피200,180640
20260504,코스피200,454910
20260504,코스피200,032640
20260504,코스피200,010060
20260504,코스피200,001040
20260504,코스피200,064400
20260504,코스피200,034220
20260504,코스피200,029780
20260504,코스피200,021240
20260504,코스피200,128940
20260504,코스피200,138930
20260504,코스피200,036570
20260504,코스피200,450080
20260504,코스피200,004020
20260504,코스피200,271560
20260504,코스피200,175330
20260504,코스피200,022100
20260504,코스피200,018880
20260504,코스피200,002380
20260504,코스피200,011790
20260504,코스피200,011170
20260504,코스피200,088350
20260504,코스피200,051900
20260504,코스피200,023530
20260504,코스피200,251270
20260504,코스피200,004170
20260504,코스피200,011780
20260504,코스피200,017800
20260504,코스피200,035250
20260504,코스피200,036460
20260504,코스피200,071970
20260504,코스피200,097950
20260504,코스피200,111770
20260504,코스피200,302440
20260504,코스피200,375500
20260504,코스피200,457190
20260504,코스피200,004990
20260504,코스피200,005850
20260504,코스피200,006360
20260504,코스피200,007340
20260504,코스피200,012750
20260504,코스피200,383220
20260504,코스피200,028670
20260504,코스피200,112610
20260504,코스피200,139130
20260504,코스피200,139480
20260504,코스피200,014680
20260504,코스피200,000240
20260504,코스피200,204320
20260504,코스피200,001450
20260504,코스피200,008770
20260504,코스피200,008930
20260504,코스피200,009420
20260504,코스피200,009970
20260504,코스피200,017960
20260504,코스피200,026960
20260504,코스피200,051600
20260504,코스피200,069960
20260504,코스피200,103140
20260504,코스피200,120110
20260504,코스피200,192820
20260504,코스피200,001430
20260504,코스피200,000120
20260504,코스피200,002790
20260504,코스피200,004370
20260504,코스피200,007070
20260504,코스피200,011210
20260504,코스피200,361610
20260504,코스피200,081660
20260504,코스피200,161890
20260504,코스피200,282330
20260504,코스피200,298020
20260504,코스피200,030000
20260504,코스피200,000210
20260504,코스피200,001800
20260504,코스피200,003240
20260504,코스피200,004000
20260504,코스피200,006040
20260504,코스피200,093370
20260504,코스피200,007310
20260504,코스피200,034230
20260504,코스피200,069620
20260504,코스피200,073240
20260504,코스피200,006280
20260504,코스피200,000080
20260504,코스피200,300720
20260504,코스피200,003030
20260504,코스피200,003090
20260504,코스피200,004490
20260504,코스피200,005300
20260504,코스피200,006650
20260504,코스피200,009240
20260504,코스피200,014820
20260504,코스피200,071320
20260504,코스피200,137310
20260504,코스피200,185750
20260504,코스피200,192080
20260504,코스피200,280360
20260504,코스피200,285130
20260504,코스피200,298050
20260504,코스피200,000670
20260504,코스피200,001680
20260504,코스피200,002030
20260504,코스피200,002840
20260504,코스피200,005250
20260504,코스피200,268280
20260504,코스피200,008730
20260504,코스피200,069260
20260504,코스피200,114090
20260504,코스피200,005420
20260504,코스닥150,086520
20260504,코스닥150,247540
20260504,코스닥150,196170
20260504,코스닥150,277810
20260504,코스닥150,000250
20260504,코스닥150,058470
20260504,코스닥150,028300
20260504,코스닥150,298380
20260504,코스닥150,141080
20260504,코스닥150,087010
20260504,코스닥150,240810
20260504,코스닥150,036930
20260504,코스닥150,039030
20260504,코스닥150,214370
20260504,코스닥150,310210
20260504,코스닥150,095340
20260504,코스닥150,108490
20260504,코스닥150,403870
20260504,코스닥150,263750
20260504,코스닥150,032820
20260504,코스닥150,178320
20260504,코스닥150,214150
20260504,코스닥150,226950
20260504,코스닥150,357780
20260504,코스닥150,214450
20260504,코스닥150,064760
20260504,코스닥150,222800
20260504,코스닥150,347850
20260504,코스닥150,145020
20260504,코스닥150,237690
20260504,코스닥150,083650
20260504,코스닥150,084370
20260504,코스닥150,0009K0
20260504,코스닥150,005290
20260504,코스닥150,319660
20260504,코스닥150,058610
20260504,코스닥150,031980
20260504,코스닥150,067310
20260504,코스닥150,098460
20260504,코스닥150,257720
20260504,코스닥150,218410
20260504,코스닥150,060370
20260504,코스닥150,131970
20260504,코스닥150,068760
20260504,코스닥150,078600
20260504,코스닥150,323280
20260504,코스닥150,089030
20260504,코스닥150,041510
20260504,코스닥150,035900
20260504,코스닥150,140860
20260504,코스닥150,101490
20260504,코스닥150,417200
20260504,코스닥150,039200
20260504,코스닥150,080220
20260504,코스닥150,131290
20260504,코스닥150,232140
20260504,코스닥150,445680
20260504,코스닥150,095610
20260504,코스닥150,065350
20260504,코스닥150,290650
20260504,코스닥150,166090
20260504,코스닥150,085660
20260504,코스닥150,189300
20260504,코스닥150,003380
20260504,코스닥150,281740
20260504,코스닥150,183300
20260504,코스닥150,033100
20260504,코스닥150,195940
20260504,코스닥150,036830
20260504,코스닥150,036540
20260504,코스닥150,048410
20260504,코스닥150,137400
20260504,코스닥150,007390
20260504,코스닥150,222080
20260504,코스닥150,213420
20260504,코스닥150,032500
20260504,코스닥150,466100
20260504,코스닥150,096530
20260504,코스닥150,388720
20260504,코스닥150,014620
20260504,코스닥150,056190
20260504,코스닥150,035760
20260504,코스닥150,161580
20260504,코스닥150,050890
20260504,코스닥150,204270
20260504,코스닥150,293490
20260504,코스닥150,086450
20260504,코스닥150,046890
20260504,코스닥150,253450
20260504,코스닥150,121600
20260504,코스닥150,082270
20260504,코스닥150,056080
20260504,코스닥150,074600
20260504,코스닥150,358570
20260504,코스닥150,171090
20260504,코스닥150,348370
20260504,코스닥150,122870
20260504,코스닥150,365340
20260504,코스닥150,006730
20260504,코스닥150,036810
20260504,코스닥150,032190
20260504,코스닥150,009520
20260504,코스닥150,033500
20260504,코스닥150,399720
20260504,코스닥150,241710
20260504,코스닥150,059090
20260504,코스닥150,052400
20260504,코스닥150,253590
20260504,코스닥150,112040
20260504,코스닥150,060250
20260504,코스닥150,278280
20260504,코스닥150,225570
20260504,코스닥150,214430
20260504,코스닥150,025980
20260504,코스닥150,376300
20260504,코스닥150,348210
20260504,코스닥150,086900
20260504,코스닥150,015750
20260504,코스닥150,460930
20260504,코스닥150,272290
20260504,코스닥150,053800
20260504,코스닥150,383310
20260504,코스닥150,060280
20260504,코스닥150,336570
20260504,코스닥150,067160
20260504,코스닥150,025900
20260504,코스닥150,328130
20260504,코스닥150,042000
20260504,코스닥150,018290
20260504,코스닥150,041190
20260504,코스닥150,036620
20260504,코스닥150,025320
20260504,코스닥150,251970
20260504,코스닥150,079370
20260504,코스닥150,030520
20260504,코스닥150,215200
20260504,코스닥150,211050
20260504,코스닥150,101730
20260504,코스닥150,095660
20260504,코스닥150,069080
20260504,코스닥150,352480
20260504,코스닥150,078340
20260504,코스닥150,053030
20260504,코스닥150,108860
20260504,코스닥150,101360
20260504,코스닥150,058970
20260504,코스닥150,215000
20260504,코스닥150,200130
20260504,코스닥150,304100
20260504,코스닥150,194480
20260601,코스피200,005930
20260601,코스피200,000660
20260601,코스피200,402340
20260601,코스피200,005380
20260601,코스피200,009150
20260601,코스피200,373220
20260601,코스피200,032830
20260601,코스피200,028260
20260601,코스피200,329180
20260601,코스피200,012330
20260601,코스피200,034020
20260601,코스피200,000270
20260601,코스피200,207940
20260601,코스피200,066570
20260601,코스피200,012450
20260601,코스피200,105560
20260601,코스피200,006400
20260601,코스피200,034730
20260601,코스피200,055550
20260601,코스피200,068270
20260601,코스피200,035420
20260601,코스피200,010120
20260601,코스피200,267260
20260601,코스피200,042660
20260601,코스피200,011070
20260601,코스피200,298040
20260601,코스피200,000150
20260601,코스피200,006800
20260601,코스피200,005490
20260601,코스피200,086790
20260601,코스피200,010130
20260601,코스피200,009540
20260601,코스피200,042700
20260601,코스피200,018260
20260601,코스피200,000810
20260601,코스피200,051910
20260601,코스피200,003550
20260601,코스피200,307950
20260601,코스피200,015760
20260601,코스피200,010140
20260601,코스피200,017670
20260601,코스피200,064350
20260601,코스피200,267250
20260601,코스피200,316140
20260601,코스피200,003670
20260601,코스피200,096770
20260601,코스피200,272210
20260601,코스피200,033780
20260601,코스피200,011200
20260601,코스피200,035720
20260601,코스피200,086280
20260601,코스피200,138040
20260601,코스피200,079550
20260601,코스피200,278470
20260601,코스피200,047810
20260601,코스피200,024110
20260601,코스피200,000720
20260601,코스피200,006260
20260601,코스피200,064400
20260601,코스피200,030200
20260601,코스피200,071050
20260601,코스피200,010950
20260601,코스피200,0126Z0
20260601,코스피200,259960
20260601,코스피200,005940
20260601,코스피200,016360
20260601,코스피200,047050
20260601,코스피200,323410
20260601,코스피200,443060
20260601,코스피200,007660
20260601,코스피200,028050
20260601,코스피200,039490
20260601,코스피200,047040
20260601,코스피200,000880
20260601,코스피200,003490
20260601,코스피200,001440
20260601,코스피200,005830
20260601,코스피200,352820
20260601,코스피200,003230
20260601,코스피200,161390
20260601,코스피200,454910
20260601,코스피200,034220
20260601,코스피200,180640
20260601,코스피200,062040
20260601,코스피200,128940
20260601,코스피200,010060
20260601,코스피200,090430
20260601,코스피200,000100
20260601,코스피200,377300
20260601,코스피200,078930
20260601,코스피200,326030
20260601,코스피200,032640
20260601,코스피200,009830
20260601,코스피200,022100
20260601,코스피200,066970
20260601,코스피200,241560
20260601,코스피200,021240
20260601,코스피200,011790
20260601,코스피200,036570
20260601,코스피200,001040
20260601,코스피200,271560
20260601,코스피200,138930
20260601,코스피200,082740
20260601,코스피200,052690
20260601,코스피200,029780
20260601,코스피200,018880
20260601,코스피200,004020
20260601,코스피200,004170
20260601,코스피200,002380
20260601,코스피200,175330
20260601,코스피200,051900
20260601,코스피200,450080
20260601,코스피200,088350
20260601,코스피200,023530
20260601,코스피200,111770
20260601,코스피200,097950
20260601,코스피200,036460
20260601,코스피200,035250
20260601,코스피200,017800
20260601,코스피200,011780
20260601,코스피200,011170
20260601,코스피200,251270
20260601,코스피200,302440
20260601,코스피200,005850
20260601,코스피200,009420
20260601,코스피200,001450
20260601,코스피200,004990
20260601,코스피200,006360
20260601,코스피200,007340
20260601,코스피200,009970
20260601,코스피200,011210
20260601,코스피200,012750
20260601,코스피200,014680
20260601,코스피200,028670
20260601,코스피200,069960
20260601,코스피200,071970
20260601,코스피200,139130
20260601,코스피200,139480
20260601,코스피200,204320
20260601,코스피200,375500
20260601,코스피200,383220
20260601,코스피200,457190
20260601,코스피200,008770
20260601,코스피200,081660
20260601,코스피200,161890
20260601,코스피200,007070
20260601,코스피200,026960
20260601,코스피200,000120
20260601,코스피200,192820
20260601,코스피200,030000
20260601,코스피200,051600
20260601,코스피200,002790
20260601,코스피200,120110
20260601,코스피200,112610
20260601,코스피200,000240
20260601,코스피200,282330
20260601,코스피200,001430
20260601,코스피200,004370
20260601,코스피200,103140
20260601,코스피200,008930
20260601,코스피200,007310
20260601,코스피200,006280
20260601,코스피200,006040
20260601,코스피200,004000
20260601,코스피200,003240
20260601,코스피200,003090
20260601,코스피200,001800
20260601,코스피200,000210
20260601,코스피200,000080
20260601,코스피200,300720
20260601,코스피200,361610
20260601,코스피200,298020
20260601,코스피200,280360
20260601,코스피200,192080
20260601,코스피200,185750
20260601,코스피200,093370
20260601,코스피200,073240
20260601,코스피200,069620
20260601,코스피200,034230
20260601,코스피200,017960
20260601,코스피200,268280
20260601,코스피200,008730
20260601,코스피200,298050
20260601,코스피200,004490
20260601,코스피200,003030
20260601,코스피200,114090
20260601,코스피200,002840
20260601,코스피200,137310
20260601,코스피200,002030
20260601,코스피200,071320
20260601,코스피200,001680
20260601,코스피200,069260
20260601,코스피200,005300
20260601,코스피200,285130
20260601,코스피200,005420
20260601,코스피200,006650
20260601,코스피200,000670
20260601,코스피200,014820
20260601,코스피200,009240
20260601,코스피200,005250
20260601,코스닥150,247540
20260601,코스닥150,196170
20260601,코스닥150,086520
20260601,코스닥150,277810
20260601,코스닥150,036930
20260601,코스닥150,000250
20260601,코스닥150,028300
20260601,코스닥150,058470
20260601,코스닥150,087010
20260601,코스닥150,298380
20260601,코스닥150,108490
20260601,코스닥150,039030
20260601,코스닥150,141080
20260601,코스닥150,240810
20260601,코스닥150,178320
20260601,코스닥150,310210
20260601,코스닥150,214370
20260601,코스닥150,095340
20260601,코스닥150,403870
20260601,코스닥150,222800
20260601,코스닥150,347850
20260601,코스닥150,226950
20260601,코스닥150,080220
20260601,코스닥150,214450
20260601,코스닥150,145020
20260601,코스닥150,131970
20260601,코스닥150,357780
20260601,코스닥150,214150
20260601,코스닥150,064760
20260601,코스닥150,084370
20260601,코스닥150,058610
20260601,코스닥150,263750
20260601,코스닥150,005290
20260601,코스닥150,319660
20260601,코스닥150,237690
20260601,코스닥150,032820
20260601,코스닥150,067310
20260601,코스닥150,218410
20260601,코스닥150,098460
20260601,코스닥150,257720
20260601,코스닥150,031980
20260601,코스닥150,083650
20260601,코스닥150,078600
20260601,코스닥150,0009K0
20260601,코스닥150,131290
20260601,코스닥150,095610
20260601,코스닥150,068760
20260601,코스닥150,290650
20260601,코스닥150,035900
20260601,코스닥150,140860
20260601,코스닥150,041510
20260601,코스닥150,089030
20260601,코스닥150,060370
20260601,코스닥150,007390
20260601,코스닥150,323280
20260601,코스닥150,096530
20260601,코스닥150,039200
20260601,코스닥150,445680
20260601,코스닥150,101490
20260601,코스닥150,417200
20260601,코스닥150,032500
20260601,코스닥150,189300
20260601,코스닥150,036540
20260601,코스닥150,232140
20260601,코스닥150,003380
20260601,코스닥150,195940
20260601,코스닥150,085660
20260601,코스닥150,065350
20260601,코스닥150,166090
20260601,코스닥150,328130
20260601,코스닥150,281740
20260601,코스닥150,466100
20260601,코스닥150,388720
20260601,코스닥150,204270
20260601,코스닥150,137400
20260601,코스닥150,048410
20260601,코스닥150,161580
20260601,코스닥150,183300
20260601,코스닥150,056190
20260601,코스닥150,036830
20260601,코스닥150,033100
20260601,코스닥150,050890
20260601,코스닥150,222080
20260601,코스닥150,213420
20260601,코스닥150,086450
20260601,코스닥150,035760
20260601,코스닥150,074600
20260601,코스닥150,358570
20260601,코스닥150,293490
20260601,코스닥150,122870
20260601,코스닥150,014620
20260601,코스닥150,121600
20260601,코스닥150,052400
20260601,코스닥150,046890
20260601,코스닥150,032190
20260601,코스닥150,056080
20260601,코스닥150,253450
20260601,코스닥150,241710
20260601,코스닥150,171090
20260601,코스닥150,365340
20260601,코스닥150,060250
20260601,코스닥150,348370
20260601,코스닥150,006730
20260601,코스닥150,009520
20260601,코스닥150,036810
20260601,코스닥150,053800
20260601,코스닥150,348210
20260601,코스닥150,086900
20260601,코스닥150,225570
20260601,코스닥150,336570
20260601,코스닥150,059090
20260601,코스닥150,082270
20260601,코스닥150,399720
20260601,코스닥150,383310
20260601,코스닥150,112040
20260601,코스닥150,253590
20260601,코스닥150,033500
20260601,코스닥150,015750
20260601,코스닥150,067160
20260601,코스닥150,376300
20260601,코스닥150,278280
20260601,코스닥150,272290
20260601,코스닥150,041190
20260601,코스닥150,460930
20260601,코스닥150,214430
20260601,코스닥150,042000
20260601,코스닥150,025980
20260601,코스닥150,060280
20260601,코스닥150,030520
20260601,코스닥150,018290
20260601,코스닥150,025320
20260601,코스닥150,251970
20260601,코스닥150,211050
20260601,코스닥150,025900
20260601,코스닥150,036620
20260601,코스닥150,215200
20260601,코스닥150,095660
20260601,코스닥150,079370
20260601,코스닥150,058970
20260601,코스닥150,101730
20260601,코스닥150,078340
20260601,코스닥150,069080
20260601,코스닥150,053030
20260601,코스닥150,200130
20260601,코스닥150,108860
20260601,코스닥150,215000
20260601,코스닥150,352480
20260601,코스닥150,304100
20260601,코스닥150,101360
20260601,코스닥150,194480
20260701,코스피200,005930
20260701,코스피200,000660
20260701,코스피200,402340
20260701,코스피200,009150
20260701,코스피200,005380
20260701,코스피200,373220
20260701,코스피200,032830
20260701,코스피200,028260
20260701,코스피200,207940
20260701,코스피200,329180
20260701,코스피200,034020
20260701,코스피200,012450
20260701,코스피200,105560
20260701,코스피200,000270
20260701,코스피200,034730
20260701,코스피200,055550
20260701,코스피200,012330
20260701,코스피200,068270
20260701,코스피200,010120
20260701,코스피200,006400
20260701,코스피200,267260
20260701,코스피200,298040
20260701,코스피200,086790
20260701,코스피200,042660
20260701,코스피200,066570
20260701,코스피200,035420
20260701,코스피200,000810
20260701,코스피200,009540
20260701,코스피200,000150
20260701,코스피200,005490
20260701,코스피200,015760
20260701,코스피200,006800
20260701,코스피200,042700
20260701,코스피200,010130
20260701,코스피200,011070
20260701,코스피200,316140
20260701,코스피200,010140
20260701,코스피200,064350
20260701,코스피200,051910
20260701,코스피200,017670
20260701,코스피200,011200
20260701,코스피200,138040
20260701,코스피200,079550
20260701,코스피200,033780
20260701,코스피200,096770
20260701,코스피200,267250
20260701,코스피200,024110
20260701,코스피200,278470
20260701,코스피200,035720
20260701,코스피200,018260
20260701,코스피200,003670
20260701,코스피200,047810
20260701,코스피200,272210
20260701,코스피200,003550
20260701,코스피200,086280
20260701,코스피200,307950
20260701,코스피200,000720
20260701,코스피200,030200
20260701,코스피200,006260
20260701,코스피200,071050
20260701,코스피200,010950
20260701,코스피200,259960
20260701,코스피200,005940
20260701,코스피200,323410
20260701,코스피200,443060
20260701,코스피200,016360
20260701,코스피200,003490
20260701,코스피200,0126Z0
20260701,코스피200,028050
20260701,코스피200,007660
20260701,코스피200,352820
20260701,코스피200,039490
20260701,코스피200,005830
20260701,코스피200,003230
20260701,코스피200,047050
20260701,코스피200,047040
20260701,코스피200,180640
20260701,코스피200,062040
20260701,코스피200,064400
20260701,코스피200,004170
20260701,코스피200,161390
20260701,코스피200,326030
20260701,코스피200,078930
20260701,코스피200,021240
20260701,코스피200,001440
20260701,코스피200,000880
20260701,코스피200,090430
20260701,코스피200,009830
20260701,코스피200,241560
20260701,코스피200,267270
20260701,코스피200,377300
20260701,코스피200,454910
20260701,코스피200,029780
20260701,코스피200,000990
20260701,코스피200,034220
20260701,코스피200,036570
20260701,코스피200,000100
20260701,코스피200,032640
20260701,코스피200,271560
20260701,코스피200,128940
20260701,코스피200,138930
20260701,코스피200,011790
20260701,코스피200,023530
20260701,코스피200,001040
20260701,코스피200,010060
20260701,코스피200,052690
20260701,코스피200,066970
20260701,코스피200,069960
20260701,코스피200,082740
20260701,코스피200,175330
20260701,코스피200,051900
20260701,코스피200,004020
20260701,코스피200,088350
20260701,코스피200,018880
20260701,코스피200,002380
20260701,코스피200,450080
20260701,코스피200,009420
20260701,코스피200,383220
20260701,코스피200,251270
20260701,코스피200,035250
20260701,코스피200,011780
20260701,코스피200,302440
20260701,코스피200,111770
20260701,코스피200,001450
20260701,코스피200,014680
20260701,코스피200,022100
20260701,코스피200,483650
20260701,코스피200,036460
20260701,코스피200,204320
20260701,코스피200,161890
20260701,코스피200,139130
20260701,코스피200,097950
20260701,코스피200,081660
20260701,코스피200,071970
20260701,코스피200,028670
20260701,코스피200,026960
20260701,코스피200,375500
20260701,코스피200,139480
20260701,코스피200,017800
20260701,코스피200,012750
20260701,코스피200,011170
20260701,코스피200,007340
20260701,코스피200,005850
20260701,코스피200,004990
20260701,코스피200,000240
20260701,코스피200,011210
20260701,코스피200,000120
20260701,코스피200,007070
20260701,코스피200,282330
20260701,코스피200,008770
20260701,코스피200,008930
20260701,코스피200,093370
20260701,코스피200,009970
20260701,코스피200,051600
20260701,코스피200,004370
20260701,코스피200,103140
20260701,코스피200,002790
20260701,코스피200,112610
20260701,코스피200,120110
20260701,코스피200,192820
20260701,코스피200,457190
20260701,코스피200,030000
20260701,코스피200,000080
20260701,코스피200,000210
20260701,코스피200,001430
20260701,코스피200,001800
20260701,코스피200,003090
20260701,코스피200,004000
20260701,코스피200,006040
20260701,코스피200,006280
20260701,코스피200,007310
20260701,코스피200,017960
20260701,코스피200,034230
20260701,코스피200,069620
20260701,코스피200,073240
20260701,코스피200,192080
20260701,코스피200,298020
20260701,코스피200,300720
20260701,코스피200,361610
20260701,코스피200,000670
20260701,코스피200,456040
20260701,코스피200,002030
20260701,코스피200,002840
20260701,코스피200,003030
20260701,코스피200,003240
20260701,코스피200,005300
20260701,코스피200,005420
20260701,코스피200,006650
20260701,코스피200,008730
20260701,코스피200,009240
20260701,코스피200,014820
20260701,코스피200,069260
20260701,코스피200,071320
20260701,코스피200,137310
20260701,코스피200,185750
20260701,코스피200,268280
20260701,코스피200,280360
20260701,코스피200,285130
20260701,코스피200,298050
20260701,코스피200,001680
20260701,코스닥150,196170
20260701,코스닥150,247540
20260701,코스닥150,086520
20260701,코스닥150,036930
20260701,코스닥150,277810
20260701,코스닥150,240810
20260701,코스닥150,028300
20260701,코스닥150,058470
20260701,코스닥150,319660
20260701,코스닥150,222800
20260701,코스닥150,298380
20260701,코스닥150,141080
20260701,코스닥150,039030
20260701,코스닥150,000250
20260701,코스닥150,084370
20260701,코스닥150,087010
20260701,코스닥150,403870
20260701,코스닥150,095610
20260701,코스닥150,347850
20260701,코스닥150,214370
20260701,코스닥150,214450
20260701,코스닥150,108490
20260701,코스닥150,095340
20260701,코스닥150,031980
20260701,코스닥150,178320
20260701,코스닥150,080220
20260701,코스닥150,310210
20260701,코스닥150,067310
20260701,코스닥150,145020
20260701,코스닥150,226950
20260701,코스닥150,064760
20260701,코스닥150,214150
20260701,코스닥150,131290
20260701,코스닥150,089970
20260701,코스닥150,005290
20260701,코스닥150,319400
20260701,코스닥150,237690
20260701,코스닥150,357780
20260701,코스닥150,290650
20260701,코스닥150,420770
20260701,코스닥150,263750
20260701,코스닥150,257720
20260701,코스닥150,098460
20260701,코스닥150,089030
20260701,코스닥150,131970
20260701,코스닥150,032820
20260701,코스닥150,043260
20260701,코스닥150,083650
20260701,코스닥150,082920
20260701,코스닥150,035900
20260701,코스닥150,183300
20260701,코스닥150,140860
20260701,코스닥150,068760
20260701,코스닥150,058610
20260701,코스닥150,0009K0
20260701,코스닥150,218410
20260701,코스닥150,041510
20260701,코스닥150,030530
20260701,코스닥150,060370
20260701,코스닥150,096530
20260701,코스닥150,078600
20260701,코스닥150,007390
20260701,코스닥150,039200
20260701,코스닥150,166090
20260701,코스닥150,323280
20260701,코스닥150,475830
20260701,코스닥150,195940
20260701,코스닥150,101490
20260701,코스닥150,437730
20260701,코스닥150,003380
20260701,코스닥150,232140
20260701,코스닥150,417200
20260701,코스닥150,204270
20260701,코스닥150,100790
20260701,코스닥150,099320
20260701,코스닥150,085660
20260701,코스닥150,036540
20260701,코스닥150,090710
20260701,코스닥150,074600
20260701,코스닥150,038500
20260701,코스닥150,281740
20260701,코스닥150,033100
20260701,코스닥150,056190
20260701,코스닥150,065350
20260701,코스닥150,090360
20260701,코스닥150,112040
20260701,코스닥150,388720
20260701,코스닥150,161580
20260701,코스닥150,189300
20260701,코스닥150,241710
20260701,코스닥150,137400
20260701,코스닥150,014620
20260701,코스닥150,048410
20260701,코스닥150,328130
20260701,코스닥150,213420
20260701,코스닥150,122870
20260701,코스닥150,032500
20260701,코스닥150,466100
20260701,코스닥150,445680
20260701,코스닥150,036830
20260701,코스닥150,295310
20260701,코스닥150,293490
20260701,코스닥150,032190
20260701,코스닥150,222080
20260701,코스닥150,050890
20260701,코스닥150,035760
20260701,코스닥150,006730
20260701,코스닥150,358570
20260701,코스닥150,052400
20260701,코스닥150,253450
20260701,코스닥150,053800
20260701,코스닥150,171090
20260701,코스닥150,121600
20260701,코스닥150,036810
20260701,코스닥150,056080
20260701,코스닥150,348370
20260701,코스닥150,225570
20260701,코스닥150,067160
20260701,코스닥150,009520
20260701,코스닥150,033500
20260701,코스닥150,124500
20260701,코스닥150,082270
20260701,코스닥150,060250
20260701,코스닥150,015750
20260701,코스닥150,025320
20260701,코스닥150,211050
20260701,코스닥150,376300
20260701,코스닥150,272290
20260701,코스닥150,348210
20260701,코스닥150,253590
20260701,코스닥150,030520
20260701,코스닥150,214430
20260701,코스닥150,399720
20260701,코스닥150,278280
20260701,코스닥150,251970
20260701,코스닥150,018290
20260701,코스닥150,215200
20260701,코스닥150,042000
20260701,코스닥150,025980
20260701,코스닥150,095660
20260701,코스닥150,041190
20260701,코스닥150,036620
20260701,코스닥150,069080
20260701,코스닥150,060280
20260701,코스닥150,125490
20260701,코스닥150,101730
20260701,코스닥150,078340
20260701,코스닥150,025900
20260701,코스닥150,352480
20260701,코스닥150,194480
20260803,코스피200,005930
20260803,코스피200,000660
20260803,코스피200,402340
20260803,코스피200,009150
20260803,코스피200,005380
20260803,코스피200,373220
20260803,코스피200,207940
20260803,코스피200,105560
20260803,코스피200,032830
20260803,코스피200,028260
20260803,코스피200,000270
20260803,코스피200,329180
20260803,코스피200,055550
20260803,코스피200,012450
20260803,코스피200,012330
20260803,코스피200,034020
20260803,코스피200,068270
20260803,코스피200,034730
20260803,코스피200,086790
20260803,코스피200,035420
20260803,코스피200,006400
20260803,코스피200,010120
20260803,코스피200,000810
20260803,코스피200,009540
20260803,코스피200,066570
20260803,코스피200,042660
20260803,코스피200,267260
20260803,코스피200,316140
20260803,코스피200,005490
20260803,코스피200,298040
20260803,코스피200,015760
20260803,코스피200,010130
20260803,코스피200,000150
20260803,코스피200,138040
20260803,코스피200,011200
20260803,코스피200,042700
20260803,코스피200,006800
20260803,코스피200,033780
20260803,코스피200,010140
20260803,코스피200,096770
20260803,코스피200,017670
20260803,코스피200,051910
20260803,코스피200,024110
20260803,코스피200,035720
20260803,코스피200,018260
20260803,코스피200,267250
20260803,코스피200,079550
20260803,코스피200,003550
20260803,코스피200,086280
20260803,코스피200,010950
20260803,코스피200,064350
20260803,코스피200,030200
20260803,코스피200,278470
20260803,코스피200,047810
20260803,코스피200,011070
20260803,코스피200,003670
20260803,코스피200,272210
20260803,코스피200,259960
20260803,코스피200,071050
20260803,코스피200,307950
20260803,코스피200,000720
20260803,코스피200,323410
20260803,코스피200,005940
20260803,코스피200,005830
20260803,코스피200,003490
20260803,코스피200,0126Z0
20260803,코스피200,047050
20260803,코스피200,003230
20260803,코스피200,028050
20260803,코스피200,016360
20260803,코스피200,006260
20260803,코스피200,443060
20260803,코스피200,180640
20260803,코스피200,161390
20260803,코스피200,352820
20260803,코스피200,090430
20260803,코스피200,078930
20260803,코스피200,039490
20260803,코스피200,021240
20260803,코스피200,326030
20260803,코스피200,267270
20260803,코스피200,064400
20260803,코스피200,032640
20260803,코스피200,377300
20260803,코스피200,000880
20260803,코스피200,000100
20260803,코스피200,241560
20260803,코스피200,029780
20260803,코스피200,047040
20260803,코스피200,007660
20260803,코스피200,271560
20260803,코스피200,175330
20260803,코스피200,034220
20260803,코스피200,001440
20260803,코스피200,138930
20260803,코스피200,036570
20260803,코스피200,454910
20260803,코스피200,051900
20260803,코스피200,062040
20260803,코스피200,128940
20260803,코스피200,009830
20260803,코스피200,010060
20260803,코스피200,088350
20260803,코스피200,111770
20260803,코스피200,001040
20260803,코스피200,011790
20260803,코스피200,004170
20260803,코스피200,052690
20260803,코스피200,018880
20260803,코스피200,251270
20260803,코스피200,036460
20260803,코스피200,000990
20260803,코스피200,001450
20260803,코스피200,002380
20260803,코스피200,004020
20260803,코스피200,023530
20260803,코스피200,082740
20260803,코스피200,011780
20260803,코스피200,035250
20260803,코스피200,097950
20260803,코스피200,012750
20260803,코스피200,017800
20260803,코스피200,139130
20260803,코스피200,022100
20260803,코스피200,302440
20260803,코스피200,483650
20260803,코스피200,066970
20260803,코스피200,000240
20260803,코스피200,204320
20260803,코스피200,161890
20260803,코스피200,081660
20260803,코스피200,069960
20260803,코스피200,030000
20260803,코스피200,450080
20260803,코스피200,383220
20260803,코스피200,375500
20260803,코스피200,026960
20260803,코스피200,028670
20260803,코스피200,014680
20260803,코스피200,011170
20260803,코스피200,009970
20260803,코스피200,009420
20260803,코스피200,008930
20260803,코스피200,007340
20260803,코스피200,005850
20260803,코스피200,004990
20260803,코스피200,004370
20260803,코스피200,000120
20260803,코스피200,071970
20260803,코스피200,073240
20260803,코스피200,282330
20260803,코스피200,002790
20260803,코스피200,007070
20260803,코스피200,139480
20260803,코스피200,192820
20260803,코스피200,051600
20260803,코스피200,103140
20260803,코스피200,001430
20260803,코스피200,001800
20260803,코스피200,006040
20260803,코스피200,006280
20260803,코스피200,007310
20260803,코스피200,008770
20260803,코스피200,011210
20260803,코스피200,069620
20260803,코스피200,112610
20260803,코스피200,120110
20260803,코스피200,192080
20260803,코스피200,298020
20260803,코스피200,457190
20260803,코스피200,000080
20260803,코스피200,000210
20260803,코스피200,361610
20260803,코스피200,300720
20260803,코스피200,280360
20260803,코스피200,185750
20260803,코스피200,137310
20260803,코스피200,093370
20260803,코스피200,071320
20260803,코스피200,034230
20260803,코스피200,017960
20260803,코스피200,009240
20260803,코스피200,005300
20260803,코스피200,004000
20260803,코스피200,003240
20260803,코스피200,003090
20260803,코스피200,285130
20260803,코스피200,008730
20260803,코스피200,006650
20260803,코스피200,005420
20260803,코스피200,069260
20260803,코스피200,298050
20260803,코스피200,456040
20260803,코스피200,014820
20260803,코스피200,003030
20260803,코스피200,002840
20260803,코스피200,002030
20260803,코스피200,001680
20260803,코스피200,000670
20260803,코스피200,268280
20260803,코스닥150,196170
20260803,코스닥150,086520
20260803,코스닥150,247540
20260803,코스닥150,277810
20260803,코스닥150,036930
20260803,코스닥150,058470
20260803,코스닥150,240810
20260803,코스닥150,028300
20260803,코스닥150,298380
20260803,코스닥150,214450
20260803,코스닥150,087010
20260803,코스닥150,000250
20260803,코스닥150,319660
20260803,코스닥150,039030
20260803,코스닥150,141080
20260803,코스닥150,222800
20260803,코스닥150,214370
20260803,코스닥150,108490
20260803,코스닥150,145020
20260803,코스닥150,403870
20260803,코스닥150,214150
20260803,코스닥150,095340
20260803,코스닥150,084370
20260803,코스닥150,347850
20260803,코스닥150,319400
20260803,코스닥150,095610
20260803,코스닥150,058610
20260803,코스닥150,257720
20260803,코스닥150,080220
20260803,코스닥150,226950
20260803,코스닥150,263750
20260803,코스닥150,310210
20260803,코스닥150,131290
20260803,코스닥150,178320
20260803,코스닥150,031980
20260803,코스닥150,067310
20260803,코스닥150,357780
20260803,코스닥150,005290
20260803,코스닥150,237690
20260803,코스닥150,064760
20260803,코스닥150,098460
20260803,코스닥150,068760
20260803,코스닥150,089030
20260803,코스닥150,089970
20260803,코스닥150,140860
20260803,코스닥150,032820
20260803,코스닥150,041510
20260803,코스닥150,035900
20260803,코스닥150,030530
20260803,코스닥150,420770
20260803,코스닥150,096530
20260803,코스닥150,060370
20260803,코스닥150,007390
20260803,코스닥150,0009K0
20260803,코스닥150,083650
20260803,코스닥150,290650
20260803,코스닥150,082920
20260803,코스닥150,437730
20260803,코스닥150,131970
20260803,코스닥150,039200
20260803,코스닥150,218410
20260803,코스닥150,323280
20260803,코스닥150,043260
20260803,코스닥150,078600
20260803,코스닥150,003380
20260803,코스닥150,183300
20260803,코스닥150,166090
20260803,코스닥150,475830
20260803,코스닥150,195940
20260803,코스닥150,101490
20260803,코스닥150,241710
20260803,코스닥150,204270
20260803,코스닥150,065350
20260803,코스닥150,293490
20260803,코스닥150,085660
20260803,코스닥150,090710
20260803,코스닥150,036540
20260803,코스닥150,388720
20260803,코스닥150,038500
20260803,코스닥150,281740
20260803,코스닥150,099320
20260803,코스닥150,328130
20260803,코스닥150,213420
20260803,코스닥150,032190
20260803,코스닥150,056190
20260803,코스닥150,100790
20260803,코스닥150,122870
20260803,코스닥150,232140
20260803,코스닥150,417200
20260803,코스닥150,014620
20260803,코스닥150,189300
20260803,코스닥150,137400
20260803,코스닥150,035760
20260803,코스닥150,033100
20260803,코스닥150,445680
20260803,코스닥150,074600
20260803,코스닥150,006730
20260803,코스닥150,090360
20260803,코스닥150,253450
20260803,코스닥150,466100
20260803,코스닥150,036830
20260803,코스닥150,032500
20260803,코스닥150,171090
20260803,코스닥150,161580
20260803,코스닥150,048410
20260803,코스닥150,225570
20260803,코스닥150,053800
20260803,코스닥150,251970
20260803,코스닥150,052400
20260803,코스닥150,050890
20260803,코스닥150,399720
20260803,코스닥150,124500
20260803,코스닥150,112040
20260803,코스닥150,222080
20260803,코스닥150,060250
20260803,코스닥150,082270
20260803,코스닥150,358570
20260803,코스닥150,121600
20260803,코스닥150,033500
20260803,코스닥150,067160
20260803,코스닥150,376300
20260803,코스닥150,295310
20260803,코스닥150,211050
20260803,코스닥150,015750
20260803,코스닥150,056080
20260803,코스닥150,214430
20260803,코스닥150,018290
20260803,코스닥150,042000
20260803,코스닥150,030520
20260803,코스닥150,036810
20260803,코스닥150,009520
20260803,코스닥150,215200
20260803,코스닥150,272290
20260803,코스닥150,095660
20260803,코스닥150,278280
20260803,코스닥150,348370
20260803,코스닥150,253590
20260803,코스닥150,036620
20260803,코스닥150,069080
20260803,코스닥150,078340
20260803,코스닥150,025980
20260803,코스닥150,041190
20260803,코스닥150,060280
20260803,코스닥150,025320
20260803,코스닥150,348210
20260803,코스닥150,125490
20260803,코스닥150,025900
20260803,코스닥150,101730
20260803,코스닥150,352480
20260803,코스닥150,194480
20260901,코스피200,005930
20260901,코스피200,000660
20260901,코스피200,402340
20260901,코스피200,009150
20260901,코스피200,373220
20260901,코스피200,005380
20260901,코스피200,207940
20260901,코스피200,028260
20260901,코스피200,032830
20260901,코스피200,105560
20260901,코스피200,012450
20260901,코스피200,034020
20260901,코스피200,055550
20260901,코스피200,000270
20260901,코스피200,329180
20260901,코스피200,006400
20260901,코스피200,068270
20260901,코스피200,034730
20260901,코스피200,012330
20260901,코스피200,086790
20260901,코스피200,066570
20260901,코스피200,035420
20260901,코스피200,010120
20260901,코스피200,000810
20260901,코스피200,267260
20260901,코스피200,005490
20260901,코스피200,298040
20260901,코스피200,042660
20260901,코스피200,010130
20260901,코스피200,316140
20260901,코스피200,009540
20260901,코스피200,096770
20260901,코스피200,138040
20260901,코스피200,015760
20260901,코스피200,042700
20260901,코스피200,017670
20260901,코스피200,011200
20260901,코스피200,051910
20260901,코스피200,000150
20260901,코스피200,018260
20260901,코스피200,006800
20260901,코스피200,003550
20260901,코스피200,033780
20260901,코스피200,010140
20260901,코스피200,267250
20260901,코스피200,010950
20260901,코스피200,003670
20260901,코스피200,024110
20260901,코스피200,035720
20260901,코스피200,278470
20260901,코스피200,086280
20260901,코스피200,079550
20260901,코스피200,011070
20260901,코스피200,064350
20260901,코스피200,030200
20260901,코스피200,000720
20260901,코스피200,272210
20260901,코스피200,005830
20260901,코스피200,047810
20260901,코스피200,078930
20260901,코스피200,003230
20260901,코스피200,307950
20260901,코스피200,071050
20260901,코스피200,003490
20260901,코스피200,323410
20260901,코스피200,259960
20260901,코스피200,005940
20260901,코스피200,047050
20260901,코스피200,0126Z0
20260901,코스피200,006260
20260901,코스피200,180640
20260901,코스피200,028050
20260901,코스피200,443060
20260901,코스피200,090430
20260901,코스피200,007660
20260901,코스피200,161390
20260901,코스피200,016360
20260901,코스피200,352820
20260901,코스피200,064400
20260901,코스피200,039490
20260901,코스피200,009830
20260901,코스피200,047040
20260901,코스피200,021240
20260901,코스피200,000880
20260901,코스피200,326030
20260901,코스피200,128940
20260901,코스피200,267270
20260901,코스피200,032640
20260901,코스피200,000100
20260901,코스피200,377300
20260901,코스피200,062040
20260901,코스피200,001440
20260901,코스피200,241560
20260901,코스피200,066970
20260901,코스피200,088350
20260901,코스피200,029780
20260901,코스피200,271560
20260901,코스피200,175330
20260901,코스피200,051900
20260901,코스피200,138930
20260901,코스피200,454910
20260901,코스피200,036570
20260901,코스피200,010060
20260901,코스피200,034220
20260901,코스피200,001450
20260901,코스피200,052690
20260901,코스피200,082740
20260901,코스피200,000990
20260901,코스피200,011790
20260901,코스피200,004020
20260901,코스피200,004170
20260901,코스피200,002380
20260901,코스피200,161890
20260901,코스피200,036460
20260901,코스피200,018880
20260901,코스피200,001040
20260901,코스피200,111770
20260901,코스피200,139130
20260901,코스피200,192820
20260901,코스피200,251270
20260901,코스피200,302440
20260901,코스피200,008930
20260901,코스피200,035250
20260901,코스피200,012750
20260901,코스피200,017800
20260901,코스피200,022100
20260901,코스피200,023530
20260901,코스피200,028670
20260901,코스피200,011780
20260901,코스피200,004370
20260901,코스피200,004990
20260901,코스피200,005850
20260901,코스피200,007340
20260901,코스피200,009420
20260901,코스피200,011170
20260901,코스피200,026960
20260901,코스피200,097950
20260901,코스피200,204320
20260901,코스피200,282330
20260901,코스피200,375500
20260901,코스피200,383220
20260901,코스피200,450080
20260901,코스피200,483650
20260901,코스피200,030000
20260901,코스피200,051600
20260901,코스피200,002790
20260901,코스피200,007070
20260901,코스피200,112610
20260901,코스피200,069960
20260901,코스피200,457190
20260901,코스피200,073240
20260901,코스피200,009970
20260901,코스피200,014680
20260901,코스피200,139480
20260901,코스피200,000240
20260901,코스피200,081660
20260901,코스피200,103140
20260901,코스피200,008770
20260901,코스피200,001800
20260901,코스피200,007310
20260901,코스피200,000120
20260901,코스피200,006280
20260901,코스피200,006040
20260901,코스피200,001430
20260901,코스피200,120110
20260901,코스피200,280360
20260901,코스피200,298020
20260901,코스피200,361610
20260901,코스피200,093370
20260901,코스피200,071970
20260901,코스피200,069620
20260901,코스피200,011210
20260901,코스피200,017960
20260901,코스피200,009240
20260901,코스피200,185750
20260901,코스피200,034230
20260901,코스피200,192080
20260901,코스피200,000080
20260901,코스피200,300720
20260901,코스피200,285130
20260901,코스피200,071320
20260901,코스피200,003090
20260901,코스피200,003240
20260901,코스피200,004000
20260901,코스피200,298050
20260901,코스피200,005300
20260901,코스피200,000210
20260901,코스피200,456040
20260901,코스피200,268280
20260901,코스피200,137310
20260901,코스피200,069260
20260901,코스피200,0220W0
20260901,코스피200,008730
20260901,코스피200,006650
20260901,코스피200,005420
20260901,코스피200,003030
20260901,코스피200,002840
20260901,코스피200,002030
20260901,코스피200,001680
20260901,코스피200,000670
20260901,코스피200,014820
20260901,코스닥150,196170
20260901,코스닥150,086520
20260901,코스닥150,247540
20260901,코스닥150,277810
20260901,코스닥150,036930
20260901,코스닥150,240810
20260901,코스닥150,058470
20260901,코스닥150,039030
20260901,코스닥150,222800
20260901,코스닥150,028300
20260901,코스닥150,214450
20260901,코스닥150,403870
20260901,코스닥150,298380
20260901,코스닥150,087010
20260901,코스닥150,000250
20260901,코스닥150,108490
20260901,코스닥150,319660
20260901,코스닥150,141080
20260901,코스닥150,257720
20260901,코스닥150,095340
20260901,코스닥150,310210
20260901,코스닥150,145020
20260901,코스닥150,084370
20260901,코스닥150,214370
20260901,코스닥150,064760
20260901,코스닥150,080220
20260901,코스닥150,031980
20260901,코스닥150,357780
20260901,코스닥150,095610
20260901,코스닥150,319400
20260901,코스닥150,131290
20260901,코스닥150,347850
20260901,코스닥150,178320
20260901,코스닥150,067310
20260901,코스닥150,226950
20260901,코스닥150,237690
20260901,코스닥150,214150
20260901,코스닥150,005290
20260901,코스닥150,058610
20260901,코스닥150,263750
20260901,코스닥150,098460
20260901,코스닥150,083650
20260901,코스닥150,032820
20260901,코스닥150,068760
20260901,코스닥150,089030
20260901,코스닥150,140860
20260901,코스닥150,096530
20260901,코스닥150,041510
20260901,코스닥150,007390
20260901,코스닥150,060370
20260901,코스닥150,0009K0
20260901,코스닥150,131970
20260901,코스닥150,241710
20260901,코스닥150,323280
20260901,코스닥150,078600
20260901,코스닥150,290650
20260901,코스닥150,039200
20260901,코스닥150,089970
20260901,코스닥150,035900
20260901,코스닥150,030530
20260901,코스닥150,420770
20260901,코스닥150,183300
20260901,코스닥150,475830
20260901,코스닥150,195940
20260901,코스닥150,082920
20260901,코스닥150,218410
20260901,코스닥150,043260
20260901,코스닥150,003380
20260901,코스닥150,204270
20260901,코스닥150,293490
20260901,코스닥150,166090
20260901,코스닥150,437730
20260901,코스닥150,036540
20260901,코스닥150,036830
20260901,코스닥150,101490
20260901,코스닥150,232140
20260901,코스닥150,445680
20260901,코스닥150,056190
20260901,코스닥150,213420
20260901,코스닥150,065350
20260901,코스닥150,038500
20260901,코스닥150,100790
20260901,코스닥150,014620
20260901,코스닥150,032190
20260901,코스닥150,085660
20260901,코스닥150,099320
20260901,코스닥150,417200
20260901,코스닥150,124500
20260901,코스닥150,281740
20260901,코스닥150,388720
20260901,코스닥150,122870
20260901,코스닥150,033100
20260901,코스닥150,035760
20260901,코스닥150,225570
20260901,코스닥150,090710
20260901,코스닥150,171090
20260901,코스닥150,090360
20260901,코스닥150,251970
20260901,코스닥150,137400
20260901,코스닥150,006730
20260901,코스닥150,053800
20260901,코스닥150,074600
20260901,코스닥150,328130
20260901,코스닥150,253450
20260901,코스닥150,189300
20260901,코스닥150,466100
20260901,코스닥150,161580
20260901,코스닥150,032500
20260901,코스닥150,036810
20260901,코스닥150,222080
20260901,코스닥150,060250
20260901,코스닥150,121600
20260901,코스닥150,048410
20260901,코스닥150,052400
20260901,코스닥150,295310
20260901,코스닥150,211050
20260901,코스닥150,009520
20260901,코스닥150,033500
20260901,코스닥150,112040
20260901,코스닥150,050890
20260901,코스닥150,041190
20260901,코스닥150,025980
20260901,코스닥150,399720
20260901,코스닥150,358570
20260901,코스닥150,278280
20260901,코스닥150,015750
20260901,코스닥150,253590
20260901,코스닥150,082270
20260901,코스닥150,018290
20260901,코스닥150,056080
20260901,코스닥150,376300
20260901,코스닥150,348370
20260901,코스닥150,067160
20260901,코스닥150,030520
20260901,코스닥150,272290
20260901,코스닥150,214430
20260901,코스닥150,078340
20260901,코스닥150,042000
20260901,코스닥150,125490
20260901,코스닥150,095660
20260901,코스닥150,025320
20260901,코스닥150,215200
20260901,코스닥150,025900
20260901,코스닥150,036620
20260901,코스닥150,101730
20260901,코스닥150,069080
20260901,코스닥150,060280
20260901,코스닥150,348210
20260901,코스닥150,352480
20260901,코스닥150,194480
